{"o":54.77,"c":54.65,"h":54.77,"l":54.6,"v":1829.0,"Time":"2020-12-02T19:25:00Z","Interval":"5min","Figi":"BBG000BHG9K0"}
{"o":54.77,"c":54.59,"h":54.77,"l":54.59,"v":1840.0,"Time":"2020-12-02T19:25:00Z","Interval":"5min","Figi":"BBG000BHG9K0"}
{"o":54.77,"c":54.65,"h":54.77,"l":54.59,"v":1940.0,"Time":"2020-12-02T19:25:00Z","Interval":"5min","Figi":"BBG000BHG9K0"}
{"o":54.77,"c":54.67,"h":54.77,"l":54.59,"v":2140.0,"Time":"2020-12-02T19:25:00Z","Interval":"5min","Figi":"BBG000BHG9K0"}
{"o":54.77,"c":54.66,"h":54.77,"l":54.59,"v":2240.0,"Time":"2020-12-02T19:25:00Z","Interval":"5min","Figi":"BBG000BHG9K0"}
{"o":54.66,"c":54.66,"h":54.66,"l":54.66,"v":119.0,"Time":"2020-12-02T19:30:00Z","Interval":"5min","Figi":"BBG000BHG9K0"}
{"o":54.66,"c":54.66,"h":54.66,"l":54.66,"v":300.0,"Time":"2020-12-02T19:30:00Z","Interval":"5min","Figi":"BBG000BHG9K0"}
{"o":54.66,"c":54.7,"h":54.7,"l":54.66,"v":470.0,"Time":"2020-12-02T19:30:00Z","Interval":"5min","Figi":"BBG000BHG9K0"}
{"o":54.66,"c":54.71,"h":54.71,"l":54.66,"v":670.0,"Time":"2020-12-02T19:30:00Z","Interval":"5min","Figi":"BBG000BHG9K0"}
{"o":54.66,"c":54.75,"h":54.75,"l":54.66,"v":803.0,"Time":"2020-12-02T19:30:00Z","Interval":"5min","Figi":"BBG000BHG9K0"}
{"o":54.66,"c":54.72,"h":54.75,"l":54.66,"v":903.0,"Time":"2020-12-02T19:30:00Z","Interval":"5min","Figi":"BBG000BHG9K0"}
{"o":54.66,"c":54.76,"h":54.76,"l":54.66,"v":1013.0,"Time":"2020-12-02T19:30:00Z","Interval":"5min","Figi":"BBG000BHG9K0"}
{"o":54.66,"c":54.76,"h":54.76,"l":54.66,"v":1113.0,"Time":"2020-12-02T19:30:00Z","Interval":"5min","Figi":"BBG000BHG9K0"}
{"o":54.66,"c":54.73,"h":54.76,"l":54.66,"v":1213.0,"Time":"2020-12-02T19:30:00Z","Interval":"5min","Figi":"BBG000BHG9K0"}
{"o":54.66,"c":54.74,"h":54.76,"l":54.66,"v":1214.0,"Time":"2020-12-02T19:30:00Z","Interval":"5min","Figi":"BBG000BHG9K0"}
{"o":54.7,"c":54.73,"h":54.74,"l":54.7,"v":201.0,"Time":"2020-12-02T19:35:00Z","Interval":"5min","Figi":"BBG000BHG9K0"}
{"o":54.7,"c":54.73,"h":54.74,"l":54.7,"v":208.0,"Time":"2020-12-02T19:35:00Z","Interval":"5min","Figi":"BBG000BHG9K0"}
{"o":54.7,"c":54.76,"h":54.76,"l":54.7,"v":220.0,"Time":"2020-12-02T19:35:00Z","Interval":"5min","Figi":"BBG000BHG9K0"}
{"o":54.7,"c":54.74,"h":54.76,"l":54.7,"v":420.0,"Time":"2020-12-02T19:35:00Z","Interval":"5min","Figi":"BBG000BHG9K0"}
{"o":54.7,"c":54.72,"h":54.76,"l":54.7,"v":421.0,"Time":"2020-12-02T19:35:00Z","Interval":"5min","Figi":"BBG000BHG9K0"}
{"o":54.7,"c":54.79,"h":54.79,"l":54.7,"v":422.0,"Time":"2020-12-02T19:35:00Z","Interval":"5min","Figi":"BBG000BHG9K0"}
{"o":54.7,"c":54.8,"h":54.8,"l":54.7,"v":646.0,"Time":"2020-12-02T19:35:00Z","Interval":"5min","Figi":"BBG000BHG9K0"}
{"o":54.7,"c":54.75,"h":54.8,"l":54.7,"v":746.0,"Time":"2020-12-02T19:35:00Z","Interval":"5min","Figi":"BBG000BHG9K0"}
{"o":54.7,"c":54.74,"h":54.8,"l":54.7,"v":946.0,"Time":"2020-12-02T19:35:00Z","Interval":"5min","Figi":"BBG000BHG9K0"}
{"o":54.7,"c":54.74,"h":54.8,"l":54.7,"v":1046.0,"Time":"2020-12-02T19:35:00Z","Interval":"5min","Figi":"BBG000BHG9K0"}
{"o":54.7,"c":54.74,"h":54.8,"l":54.7,"v":1146.0,"Time":"2020-12-02T19:35:00Z","Interval":"5min","Figi":"BBG000BHG9K0"}
{"o":54.7,"c":54.77,"h":54.8,"l":54.7,"v":1156.0,"Time":"2020-12-02T19:35:00Z","Interval":"5min","Figi":"BBG000BHG9K0"}
{"o":54.7,"c":54.76,"h":54.8,"l":54.7,"v":1256.0,"Time":"2020-12-02T19:35:00Z","Interval":"5min","Figi":"BBG000BHG9K0"}
{"o":54.7,"c":54.78,"h":54.8,"l":54.7,"v":1365.0,"Time":"2020-12-02T19:35:00Z","Interval":"5min","Figi":"BBG000BHG9K0"}
{"o":54.7,"c":54.78,"h":54.8,"l":54.7,"v":1465.0,"Time":"2020-12-02T19:35:00Z","Interval":"5min","Figi":"BBG000BHG9K0"}
{"o":54.7,"c":54.8,"h":54.8,"l":54.7,"v":1665.0,"Time":"2020-12-02T19:35:00Z","Interval":"5min","Figi":"BBG000BHG9K0"}
{"o":54.7,"c":54.82,"h":54.82,"l":54.7,"v":1711.0,"Time":"2020-12-02T19:35:00Z","Interval":"5min","Figi":"BBG000BHG9K0"}
{"o":54.7,"c":54.8,"h":54.82,"l":54.7,"v":1811.0,"Time":"2020-12-02T19:35:00Z","Interval":"5min","Figi":"BBG000BHG9K0"}
{"o":54.7,"c":54.83,"h":54.83,"l":54.7,"v":2021.0,"Time":"2020-12-02T19:35:00Z","Interval":"5min","Figi":"BBG000BHG9K0"}
{"o":54.82,"c":54.82,"h":54.82,"l":54.82,"v":1.0,"Time":"2020-12-02T19:40:00Z","Interval":"5min","Figi":"BBG000BHG9K0"}
{"o":54.82,"c":54.85,"h":54.85,"l":54.82,"v":2.0,"Time":"2020-12-02T19:40:00Z","Interval":"5min","Figi":"BBG000BHG9K0"}
{"o":54.82,"c":54.8,"h":54.85,"l":54.8,"v":11.0,"Time":"2020-12-02T19:40:00Z","Interval":"5min","Figi":"BBG000BHG9K0"}
{"o":54.82,"c":54.77,"h":54.85,"l":54.77,"v":34.0,"Time":"2020-12-02T19:40:00Z","Interval":"5min","Figi":"BBG000BHG9K0"}
{"o":54.82,"c":54.78,"h":54.85,"l":54.77,"v":44.0,"Time":"2020-12-02T19:40:00Z","Interval":"5min","Figi":"BBG000BHG9K0"}
{"o":54.82,"c":54.78,"h":54.85,"l":54.77,"v":56.0,"Time":"2020-12-02T19:40:00Z","Interval":"5min","Figi":"BBG000BHG9K0"}
{"o":54.82,"c":54.8,"h":54.85,"l":54.77,"v":156.0,"Time":"2020-12-02T19:40:00Z","Interval":"5min","Figi":"BBG000BHG9K0"}
{"o":54.82,"c":54.82,"h":54.85,"l":54.77,"v":157.0,"Time":"2020-12-02T19:40:00Z","Interval":"5min","Figi":"BBG000BHG9K0"}
{"o":54.82,"c":54.73,"h":54.85,"l":54.73,"v":163.0,"Time":"2020-12-02T19:40:00Z","Interval":"5min","Figi":"BBG000BHG9K0"}
{"o":54.82,"c":54.73,"h":54.85,"l":54.73,"v":384.0,"Time":"2020-12-02T19:40:00Z","Interval":"5min","Figi":"BBG000BHG9K0"}
{"o":54.82,"c":54.72,"h":54.85,"l":54.72,"v":394.0,"Time":"2020-12-02T19:40:00Z","Interval":"5min","Figi":"BBG000BHG9K0"}
{"o":54.77,"c":54.78,"h":54.78,"l":54.77,"v":110.0,"Time":"2020-12-02T19:45:00Z","Interval":"5min","Figi":"BBG000BHG9K0"}
{"o":54.77,"c":54.79,"h":54.79,"l":54.77,"v":210.0,"Time":"2020-12-02T19:45:00Z","Interval":"5min","Figi":"BBG000BHG9K0"}
{"o":54.77,"c":54.83,"h":54.83,"l":54.77,"v":328.0,"Time":"2020-12-02T19:45:00Z","Interval":"5min","Figi":"BBG000BHG9K0"}
{"o":54.77,"c":54.85,"h":54.85,"l":54.77,"v":329.0,"Time":"2020-12-02T19:45:00Z","Interval":"5min","Figi":"BBG000BHG9K0"}
{"o":54.77,"c":54.81,"h":54.85,"l":54.77,"v":330.0,"Time":"2020-12-02T19:45:00Z","Interval":"5min","Figi":"BBG000BHG9K0"}
{"o":54.77,"c":54.77,"h":54.85,"l":54.77,"v":340.0,"Time":"2020-12-02T19:45:00Z","Interval":"5min","Figi":"BBG000BHG9K0"}
{"o":54.77,"c":54.81,"h":54.85,"l":54.77,"v":350.0,"Time":"2020-12-02T19:45:00Z","Interval":"5min","Figi":"BBG000BHG9K0"}
{"o":54.77,"c":54.73,"h":54.85,"l":54.73,"v":510.0,"Time":"2020-12-02T19:45:00Z","Interval":"5min","Figi":"BBG000BHG9K0"}
{"o":54.77,"c":54.71,"h":54.85,"l":54.71,"v":566.0,"Time":"2020-12-02T19:45:00Z","Interval":"5min","Figi":"BBG000BHG9K0"}
{"o":54.77,"c":54.7,"h":54.85,"l":54.7,"v":666.0,"Time":"2020-12-02T19:45:00Z","Interval":"5min","Figi":"BBG000BHG9K0"}
{"o":54.77,"c":54.7,"h":54.85,"l":54.7,"v":877.0,"Time":"2020-12-02T19:45:00Z","Interval":"5min","Figi":"BBG000BHG9K0"}
{"o":54.77,"c":54.69,"h":54.85,"l":54.69,"v":897.0,"Time":"2020-12-02T19:45:00Z","Interval":"5min","Figi":"BBG000BHG9K0"}
{"o":54.77,"c":54.68,"h":54.85,"l":54.68,"v":898.0,"Time":"2020-12-02T19:45:00Z","Interval":"5min","Figi":"BBG000BHG9K0"}
{"o":54.77,"c":54.67,"h":54.85,"l":54.67,"v":899.0,"Time":"2020-12-02T19:45:00Z","Interval":"5min","Figi":"BBG000BHG9K0"}
{"o":54.77,"c":54.66,"h":54.85,"l":54.66,"v":1910.0,"Time":"2020-12-02T19:45:00Z","Interval":"5min","Figi":"BBG000BHG9K0"}
{"o":54.77,"c":54.66,"h":54.85,"l":54.66,"v":2210.0,"Time":"2020-12-02T19:45:00Z","Interval":"5min","Figi":"BBG000BHG9K0"}
{"o":54.77,"c":54.67,"h":54.85,"l":54.66,"v":2220.0,"Time":"2020-12-02T19:45:00Z","Interval":"5min","Figi":"BBG000BHG9K0"}
{"o":54.77,"c":54.67,"h":54.85,"l":54.66,"v":2320.0,"Time":"2020-12-02T19:45:00Z","Interval":"5min","Figi":"BBG000BHG9K0"}
{"o":54.77,"c":54.66,"h":54.85,"l":54.66,"v":2535.0,"Time":"2020-12-02T19:45:00Z","Interval":"5min","Figi":"BBG000BHG9K0"}
{"o":54.77,"c":54.66,"h":54.85,"l":54.66,"v":3057.0,"Time":"2020-12-02T19:45:00Z","Interval":"5min","Figi":"BBG000BHG9K0"}
{"o":54.77,"c":54.65,"h":54.85,"l":54.65,"v":4662.0,"Time":"2020-12-02T19:45:00Z","Interval":"5min","Figi":"BBG000BHG9K0"}
{"o":54.77,"c":54.62,"h":54.85,"l":54.62,"v":4932.0,"Time":"2020-12-02T19:45:00Z","Interval":"5min","Figi":"BBG000BHG9K0"}
{"o":54.77,"c":54.62,"h":54.85,"l":54.62,"v":5032.0,"Time":"2020-12-02T19:45:00Z","Interval":"5min","Figi":"BBG000BHG9K0"}
{"o":54.77,"c":54.6,"h":54.85,"l":54.6,"v":5052.0,"Time":"2020-12-02T19:45:00Z","Interval":"5min","Figi":"BBG000BHG9K0"}
{"o":54.77,"c":54.58,"h":54.85,"l":54.58,"v":5072.0,"Time":"2020-12-02T19:45:00Z","Interval":"5min","Figi":"BBG000BHG9K0"}
{"o":54.58,"c":54.58,"h":54.58,"l":54.58,"v":100.0,"Time":"2020-12-02T19:50:00Z","Interval":"5min","Figi":"BBG000BHG9K0"}
{"o":54.58,"c":54.6,"h":54.6,"l":54.58,"v":900.0,"Time":"2020-12-02T19:50:00Z","Interval":"5min","Figi":"BBG000BHG9K0"}
{"o":54.58,"c":54.65,"h":54.65,"l":54.58,"v":1000.0,"Time":"2020-12-02T19:50:00Z","Interval":"5min","Figi":"BBG000BHG9K0"}
{"o":54.58,"c":54.64,"h":54.65,"l":54.58,"v":1100.0,"Time":"2020-12-02T19:50:00Z","Interval":"5min","Figi":"BBG000BHG9K0"}
{"o":54.58,"c":54.63,"h":54.65,"l":54.58,"v":1135.0,"Time":"2020-12-02T19:50:00Z","Interval":"5min","Figi":"BBG000BHG9K0"}
{"o":54.58,"c":54.69,"h":54.69,"l":54.58,"v":1345.0,"Time":"2020-12-02T19:50:00Z","Interval":"5min","Figi":"BBG000BHG9K0"}
{"o":54.58,"c":54.7,"h":54.7,"l":54.58,"v":1545.0,"Time":"2020-12-02T19:50:00Z","Interval":"5min","Figi":"BBG000BHG9K0"}
{"o":54.58,"c":54.75,"h":54.75,"l":54.58,"v":1865.0,"Time":"2020-12-02T19:50:00Z","Interval":"5min","Figi":"BBG000BHG9K0"}
{"o":54.58,"c":54.76,"h":54.76,"l":54.58,"v":2065.0,"Time":"2020-12-02T19:50:00Z","Interval":"5min","Figi":"BBG000BHG9K0"}
{"o":54.58,"c":54.82,"h":54.82,"l":54.58,"v":2165.0,"Time":"2020-12-02T19:50:00Z","Interval":"5min","Figi":"BBG000BHG9K0"}
{"o":54.58,"c":54.82,"h":54.82,"l":54.58,"v":2165.0,"Time":"2020-12-02T19:50:00Z","Interval":"5min","Figi":"BBG000BHG9K0"}
{"o":54.58,"c":54.88,"h":54.88,"l":54.58,"v":2486.0,"Time":"2020-12-02T19:50:00Z","Interval":"5min","Figi":"BBG000BHG9K0"}
{"o":54.58,"c":54.81,"h":54.88,"l":54.58,"v":3108.0,"Time":"2020-12-02T19:50:00Z","Interval":"5min","Figi":"BBG000BHG9K0"}
{"o":54.58,"c":54.81,"h":54.88,"l":54.58,"v":3208.0,"Time":"2020-12-02T19:50:00Z","Interval":"5min","Figi":"BBG000BHG9K0"}
{"o":54.58,"c":54.81,"h":54.88,"l":54.58,"v":3308.0,"Time":"2020-12-02T19:50:00Z","Interval":"5min","Figi":"BBG000BHG9K0"}
{"o":54.58,"c":54.8,"h":54.88,"l":54.58,"v":3408.0,"Time":"2020-12-02T19:50:00Z","Interval":"5min","Figi":"BBG000BHG9K0"}
{"o":54.74,"c":54.74,"h":54.74,"l":54.74,"v":11.0,"Time":"2020-12-02T19:55:00Z","Interval":"5min","Figi":"BBG000BHG9K0"}
{"o":54.74,"c":54.75,"h":54.75,"l":54.74,"v":31.0,"Time":"2020-12-02T19:55:00Z","Interval":"5min","Figi":"BBG000BHG9K0"}
{"o":54.74,"c":54.75,"h":54.75,"l":54.74,"v":32.0,"Time":"2020-12-02T19:55:00Z","Interval":"5min","Figi":"BBG000BHG9K0"}
{"o":54.74,"c":54.75,"h":54.75,"l":54.74,"v":32.0,"Time":"2020-12-02T19:55:00Z","Interval":"5min","Figi":"BBG000BHG9K0"}
{"o":54.74,"c":54.75,"h":54.75,"l":54.74,"v":37.0,"Time":"2020-12-02T19:55:00Z","Interval":"5min","Figi":"BBG000BHG9K0"}
{"o":54.74,"c":54.74,"h":54.75,"l":54.74,"v":62.0,"Time":"2020-12-02T19:55:00Z","Interval":"5min","Figi":"BBG000BHG9K0"}
{"o":54.74,"c":54.74,"h":54.75,"l":54.74,"v":286.0,"Time":"2020-12-02T19:55:00Z","Interval":"5min","Figi":"BBG000BHG9K0"}
{"o":54.74,"c":54.76,"h":54.76,"l":54.74,"v":313.0,"Time":"2020-12-02T19:55:00Z","Interval":"5min","Figi":"BBG000BHG9K0"}
{"o":54.73,"c":54.73,"h":54.73,"l":54.73,"v":100.0,"Time":"2020-12-02T20:00:00Z","Interval":"5min","Figi":"BBG000BHG9K0"}
{"o":54.73,"c":54.75,"h":54.75,"l":54.73,"v":334.0,"Time":"2020-12-02T20:00:00Z","Interval":"5min","Figi":"BBG000BHG9K0"}
{"o":54.73,"c":54.75,"h":54.75,"l":54.73,"v":794.0,"Time":"2020-12-02T20:00:00Z","Interval":"5min","Figi":"BBG000BHG9K0"}
{"o":54.73,"c":54.75,"h":54.75,"l":54.73,"v":994.0,"Time":"2020-12-02T20:00:00Z","Interval":"5min","Figi":"BBG000BHG9K0"}
{"o":54.73,"c":54.75,"h":54.75,"l":54.73,"v":1094.0,"Time":"2020-12-02T20:00:00Z","Interval":"5min","Figi":"BBG000BHG9K0"}
{"o":54.73,"c":54.75,"h":54.75,"l":54.73,"v":1194.0,"Time":"2020-12-02T20:00:00Z","Interval":"5min","Figi":"BBG000BHG9K0"}
{"o":54.73,"c":54.73,"h":54.75,"l":54.73,"v":1844.0,"Time":"2020-12-02T20:00:00Z","Interval":"5min","Figi":"BBG000BHG9K0"}
{"o":54.73,"c":54.73,"h":54.75,"l":54.73,"v":2504.0,"Time":"2020-12-02T20:00:00Z","Interval":"5min","Figi":"BBG000BHG9K0"}
{"o":54.73,"c":54.72,"h":54.75,"l":54.72,"v":2615.0,"Time":"2020-12-02T20:00:00Z","Interval":"5min","Figi":"BBG000BHG9K0"}
{"o":54.73,"c":54.73,"h":54.75,"l":54.72,"v":4121.0,"Time":"2020-12-02T20:00:00Z","Interval":"5min","Figi":"BBG000BHG9K0"}
{"o":54.73,"c":54.72,"h":54.75,"l":54.72,"v":4721.0,"Time":"2020-12-02T20:00:00Z","Interval":"5min","Figi":"BBG000BHG9K0"}
{"o":54.73,"c":54.71,"h":54.75,"l":54.71,"v":5271.0,"Time":"2020-12-02T20:00:00Z","Interval":"5min","Figi":"BBG000BHG9K0"}
{"o":54.73,"c":54.7,"h":54.75,"l":54.7,"v":5571.0,"Time":"2020-12-02T20:00:00Z","Interval":"5min","Figi":"BBG000BHG9K0"}
{"o":54.73,"c":54.7,"h":54.75,"l":54.7,"v":5572.0,"Time":"2020-12-02T20:00:00Z","Interval":"5min","Figi":"BBG000BHG9K0"}
{"o":54.73,"c":54.69,"h":54.75,"l":54.69,"v":5573.0,"Time":"2020-12-02T20:00:00Z","Interval":"5min","Figi":"BBG000BHG9K0"}
{"o":54.73,"c":54.69,"h":54.75,"l":54.69,"v":5574.0,"Time":"2020-12-02T20:00:00Z","Interval":"5min","Figi":"BBG000BHG9K0"}
{"o":54.73,"c":54.68,"h":54.75,"l":54.68,"v":5575.0,"Time":"2020-12-02T20:00:00Z","Interval":"5min","Figi":"BBG000BHG9K0"}
{"o":54.73,"c":54.68,"h":54.75,"l":54.68,"v":5579.0,"Time":"2020-12-02T20:00:00Z","Interval":"5min","Figi":"BBG000BHG9K0"}
{"o":54.73,"c":54.66,"h":54.75,"l":54.66,"v":5709.0,"Time":"2020-12-02T20:00:00Z","Interval":"5min","Figi":"BBG000BHG9K0"}
{"o":54.73,"c":54.65,"h":54.75,"l":54.65,"v":5710.0,"Time":"2020-12-02T20:00:00Z","Interval":"5min","Figi":"BBG000BHG9K0"}
{"o":54.73,"c":54.65,"h":54.75,"l":54.65,"v":5721.0,"Time":"2020-12-02T20:00:00Z","Interval":"5min","Figi":"BBG000BHG9K0"}
{"o":54.73,"c":54.64,"h":54.75,"l":54.64,"v":5731.0,"Time":"2020-12-02T20:00:00Z","Interval":"5min","Figi":"BBG000BHG9K0"}
{"o":54.73,"c":54.64,"h":54.75,"l":54.64,"v":5931.0,"Time":"2020-12-02T20:00:00Z","Interval":"5min","Figi":"BBG000BHG9K0"}
{"o":54.73,"c":54.65,"h":54.75,"l":54.64,"v":6525.0,"Time":"2020-12-02T20:00:00Z","Interval":"5min","Figi":"BBG000BHG9K0"}
{"o":54.73,"c":54.64,"h":54.75,"l":54.64,"v":6935.0,"Time":"2020-12-02T20:00:00Z","Interval":"5min","Figi":"BBG000BHG9K0"}
{"o":54.73,"c":54.62,"h":54.75,"l":54.62,"v":6945.0,"Time":"2020-12-02T20:00:00Z","Interval":"5min","Figi":"BBG000BHG9K0"}
{"o":54.62,"c":54.62,"h":54.62,"l":54.62,"v":1.0,"Time":"2020-12-02T20:05:00Z","Interval":"5min","Figi":"BBG000BHG9K0"}
{"o":54.62,"c":54.64,"h":54.64,"l":54.62,"v":501.0,"Time":"2020-12-02T20:05:00Z","Interval":"5min","Figi":"BBG000BHG9K0"}
{"o":54.62,"c":54.66,"h":54.66,"l":54.62,"v":1005.0,"Time":"2020-12-02T20:05:00Z","Interval":"5min","Figi":"BBG000BHG9K0"}
{"o":54.62,"c":54.66,"h":54.66,"l":54.62,"v":1335.0,"Time":"2020-12-02T20:05:00Z","Interval":"5min","Figi":"BBG000BHG9K0"}
{"o":54.62,"c":54.64,"h":54.66,"l":54.62,"v":1623.0,"Time":"2020-12-02T20:05:00Z","Interval":"5min","Figi":"BBG000BHG9K0"}
{"o":54.62,"c":54.6,"h":54.66,"l":54.6,"v":1628.0,"Time":"2020-12-02T20:05:00Z","Interval":"5min","Figi":"BBG000BHG9K0"}
{"o":54.62,"c":54.61,"h":54.66,"l":54.6,"v":1728.0,"Time":"2020-12-02T20:05:00Z","Interval":"5min","Figi":"BBG000BHG9K0"}
{"o":54.62,"c":54.62,"h":54.66,"l":54.6,"v":2328.0,"Time":"2020-12-02T20:05:00Z","Interval":"5min","Figi":"BBG000BHG9K0"}
{"o":54.62,"c":54.59,"h":54.66,"l":54.59,"v":2425.0,"Time":"2020-12-02T20:05:00Z","Interval":"5min","Figi":"BBG000BHG9K0"}
{"o":54.62,"c":54.58,"h":54.66,"l":54.58,"v":2435.0,"Time":"2020-12-02T20:05:00Z","Interval":"5min","Figi":"BBG000BHG9K0"}
{"o":54.62,"c":54.6,"h":54.66,"l":54.58,"v":2835.0,"Time":"2020-12-02T20:05:00Z","Interval":"5min","Figi":"BBG000BHG9K0"}
{"o":54.62,"c":54.59,"h":54.66,"l":54.58,"v":2898.0,"Time":"2020-12-02T20:05:00Z","Interval":"5min","Figi":"BBG000BHG9K0"}
{"o":54.62,"c":54.58,"h":54.66,"l":54.58,"v":2952.0,"Time":"2020-12-02T20:05:00Z","Interval":"5min","Figi":"BBG000BHG9K0"}
{"o":54.62,"c":54.59,"h":54.66,"l":54.57,"v":3066.0,"Time":"2020-12-02T20:05:00Z","Interval":"5min","Figi":"BBG000BHG9K0"}
{"o":54.62,"c":54.6,"h":54.66,"l":54.57,"v":3266.0,"Time":"2020-12-02T20:05:00Z","Interval":"5min","Figi":"BBG000BHG9K0"}
{"o":54.62,"c":54.58,"h":54.66,"l":54.57,"v":3466.0,"Time":"2020-12-02T20:05:00Z","Interval":"5min","Figi":"BBG000BHG9K0"}
{"o":54.62,"c":54.59,"h":54.66,"l":54.57,"v":3666.0,"Time":"2020-12-02T20:05:00Z","Interval":"5min","Figi":"BBG000BHG9K0"}
{"o":54.62,"c":54.59,"h":54.66,"l":54.57,"v":4316.0,"Time":"2020-12-02T20:05:00Z","Interval":"5min","Figi":"BBG000BHG9K0"}
{"o":54.62,"c":54.6,"h":54.66,"l":54.57,"v":4516.0,"Time":"2020-12-02T20:05:00Z","Interval":"5min","Figi":"BBG000BHG9K0"}
{"o":54.62,"c":54.6,"h":54.66,"l":54.57,"v":4816.0,"Time":"2020-12-02T20:05:00Z","Interval":"5min","Figi":"BBG000BHG9K0"}
{"o":54.62,"c":54.59,"h":54.66,"l":54.57,"v":4819.0,"Time":"2020-12-02T20:05:00Z","Interval":"5min","Figi":"BBG000BHG9K0"}
{"o":54.62,"c":54.58,"h":54.66,"l":54.57,"v":5409.0,"Time":"2020-12-02T20:05:00Z","Interval":"5min","Figi":"BBG000BHG9K0"}
{"o":54.62,"c":54.56,"h":54.66,"l":54.56,"v":5414.0,"Time":"2020-12-02T20:05:00Z","Interval":"5min","Figi":"BBG000BHG9K0"}
{"o":54.56,"c":54.57,"h":54.57,"l":54.56,"v":707.0,"Time":"2020-12-02T20:10:00Z","Interval":"5min","Figi":"BBG000BHG9K0"}
{"o":54.56,"c":54.58,"h":54.58,"l":54.56,"v":907.0,"Time":"2020-12-02T20:10:00Z","Interval":"5min","Figi":"BBG000BHG9K0"}
{"o":54.56,"c":54.58,"h":54.58,"l":54.56,"v":1017.0,"Time":"2020-12-02T20:10:00Z","Interval":"5min","Figi":"BBG000BHG9K0"}
{"o":54.56,"c":54.61,"h":54.61,"l":54.56,"v":1496.0,"Time":"2020-12-02T20:10:00Z","Interval":"5min","Figi":"BBG000BHG9K0"}
{"o":54.56,"c":54.62,"h":54.62,"l":54.56,"v":2044.0,"Time":"2020-12-02T20:10:00Z","Interval":"5min","Figi":"BBG000BHG9K0"}
{"o":54.56,"c":54.61,"h":54.62,"l":54.56,"v":2144.0,"Time":"2020-12-02T20:10:00Z","Interval":"5min","Figi":"BBG000BHG9K0"}
{"o":54.56,"c":54.61,"h":54.62,"l":54.56,"v":2439.0,"Time":"2020-12-02T20:10:00Z","Interval":"5min","Figi":"BBG000BHG9K0"}
{"o":54.56,"c":54.59,"h":54.62,"l":54.56,"v":2558.0,"Time":"2020-12-02T20:10:00Z","Interval":"5min","Figi":"BBG000BHG9K0"}
{"o":54.56,"c":54.59,"h":54.62,"l":54.56,"v":2560.0,"Time":"2020-12-02T20:10:00Z","Interval":"5min","Figi":"BBG000BHG9K0"}
{"o":54.56,"c":54.58,"h":54.62,"l":54.56,"v":2731.0,"Time":"2020-12-02T20:10:00Z","Interval":"5min","Figi":"BBG000BHG9K0"}
{"o":54.56,"c":54.56,"h":54.62,"l":54.56,"v":3288.0,"Time":"2020-12-02T20:10:00Z","Interval":"5min","Figi":"BBG000BHG9K0"}
{"o":54.56,"c":54.56,"h":54.62,"l":54.56,"v":3331.0,"Time":"2020-12-02T20:10:00Z","Interval":"5min","Figi":"BBG000BHG9K0"}
{"o":54.56,"c":54.55,"h":54.62,"l":54.55,"v":3341.0,"Time":"2020-12-02T20:10:00Z","Interval":"5min","Figi":"BBG000BHG9K0"}
{"o":54.56,"c":54.54,"h":54.62,"l":54.54,"v":3570.0,"Time":"2020-12-02T20:10:00Z","Interval":"5min","Figi":"BBG000BHG9K0"}
{"o":54.56,"c":54.53,"h":54.62,"l":54.53,"v":3576.0,"Time":"2020-12-02T20:10:00Z","Interval":"5min","Figi":"BBG000BHG9K0"}
{"o":54.56,"c":54.56,"h":54.62,"l":54.53,"v":3676.0,"Time":"2020-12-02T20:10:00Z","Interval":"5min","Figi":"BBG000BHG9K0"}
{"o":54.56,"c":54.54,"h":54.62,"l":54.53,"v":3876.0,"Time":"2020-12-02T20:10:00Z","Interval":"5min","Figi":"BBG000BHG9K0"}
{"o":54.56,"c":54.54,"h":54.62,"l":54.53,"v":4076.0,"Time":"2020-12-02T20:10:00Z","Interval":"5min","Figi":"BBG000BHG9K0"}
{"o":54.56,"c":54.54,"h":54.62,"l":54.53,"v":4176.0,"Time":"2020-12-02T20:10:00Z","Interval":"5min","Figi":"BBG000BHG9K0"}
{"o":54.56,"c":54.54,"h":54.62,"l":54.53,"v":4186.0,"Time":"2020-12-02T20:10:00Z","Interval":"5min","Figi":"BBG000BHG9K0"}
{"o":54.56,"c":54.56,"h":54.62,"l":54.53,"v":4482.0,"Time":"2020-12-02T20:10:00Z","Interval":"5min","Figi":"BBG000BHG9K0"}
{"o":54.56,"c":54.56,"h":54.62,"l":54.53,"v":4586.0,"Time":"2020-12-02T20:10:00Z","Interval":"5min","Figi":"BBG000BHG9K0"}
{"o":54.56,"c":54.58,"h":54.62,"l":54.53,"v":4741.0,"Time":"2020-12-02T20:10:00Z","Interval":"5min","Figi":"BBG000BHG9K0"}
{"o":54.56,"c":54.59,"h":54.62,"l":54.53,"v":4841.0,"Time":"2020-12-02T20:10:00Z","Interval":"5min","Figi":"BBG000BHG9K0"}
{"o":54.56,"c":54.58,"h":54.62,"l":54.53,"v":4941.0,"Time":"2020-12-02T20:10:00Z","Interval":"5min","Figi":"BBG000BHG9K0"}
{"o":54.56,"c":54.57,"h":54.62,"l":54.53,"v":5318.0,"Time":"2020-12-02T20:10:00Z","Interval":"5min","Figi":"BBG000BHG9K0"}
{"o":54.56,"c":54.56,"h":54.56,"l":54.56,"v":317.0,"Time":"2020-12-02T20:15:00Z","Interval":"5min","Figi":"BBG000BHG9K0"}
{"o":54.56,"c":54.55,"h":54.56,"l":54.55,"v":417.0,"Time":"2020-12-02T20:15:00Z","Interval":"5min","Figi":"BBG000BHG9K0"}
{"o":54.56,"c":54.52,"h":54.56,"l":54.52,"v":517.0,"Time":"2020-12-02T20:15:00Z","Interval":"5min","Figi":"BBG000BHG9K0"}
{"o":54.56,"c":54.56,"h":54.56,"l":54.52,"v":577.0,"Time":"2020-12-02T20:15:00Z","Interval":"5min","Figi":"BBG000BHG9K0"}
{"o":54.56,"c":54.53,"h":54.56,"l":54.52,"v":601.0,"Time":"2020-12-02T20:15:00Z","Interval":"5min","Figi":"BBG000BHG9K0"}
{"o":54.56,"c":54.52,"h":54.56,"l":54.52,"v":701.0,"Time":"2020-12-02T20:15:00Z","Interval":"5min","Figi":"BBG000BHG9K0"}
{"o":54.56,"c":54.5,"h":54.56,"l":54.5,"v":1793.0,"Time":"2020-12-02T20:15:00Z","Interval":"5min","Figi":"BBG000BHG9K0"}
{"o":54.56,"c":54.5,"h":54.56,"l":54.5,"v":1872.0,"Time":"2020-12-02T20:15:00Z","Interval":"5min","Figi":"BBG000BHG9K0"}
{"o":54.56,"c":54.49,"h":54.56,"l":54.49,"v":1893.0,"Time":"2020-12-02T20:15:00Z","Interval":"5min","Figi":"BBG000BHG9K0"}
{"o":54.56,"c":54.51,"h":54.56,"l":54.49,"v":2112.0,"Time":"2020-12-02T20:15:00Z","Interval":"5min","Figi":"BBG000BHG9K0"}
{"o":54.56,"c":54.48,"h":54.56,"l":54.48,"v":2333.0,"Time":"2020-12-02T20:15:00Z","Interval":"5min","Figi":"BBG000BHG9K0"}
{"o":54.56,"c":54.47,"h":54.56,"l":54.47,"v":2343.0,"Time":"2020-12-02T20:15:00Z","Interval":"5min","Figi":"BBG000BHG9K0"}
{"o":54.56,"c":54.47,"h":54.56,"l":54.46,"v":2504.0,"Time":"2020-12-02T20:15:00Z","Interval":"5min","Figi":"BBG000BHG9K0"}
{"o":54.56,"c":54.48,"h":54.56,"l":54.46,"v":2541.0,"Time":"2020-12-02T20:15:00Z","Interval":"5min","Figi":"BBG000BHG9K0"}
{"o":54.56,"c":54.46,"h":54.56,"l":54.46,"v":2632.0,"Time":"2020-12-02T20:15:00Z","Interval":"5min","Figi":"BBG000BHG9K0"}
{"o":54.56,"c":54.46,"h":54.56,"l":54.46,"v":2732.0,"Time":"2020-12-02T20:15:00Z","Interval":"5min","Figi":"BBG000BHG9K0"}
{"o":54.56,"c":54.47,"h":54.56,"l":54.46,"v":2742.0,"Time":"2020-12-02T20:15:00Z","Interval":"5min","Figi":"BBG000BHG9K0"}
{"o":54.56,"c":54.47,"h":54.56,"l":54.46,"v":2842.0,"Time":"2020-12-02T20:15:00Z","Interval":"5min","Figi":"BBG000BHG9K0"}
{"o":54.56,"c":54.47,"h":54.56,"l":54.46,"v":2942.0,"Time":"2020-12-02T20:15:00Z","Interval":"5min","Figi":"BBG000BHG9K0"}
{"o":54.56,"c":54.48,"h":54.56,"l":54.46,"v":3042.0,"Time":"2020-12-02T20:15:00Z","Interval":"5min","Figi":"BBG000BHG9K0"}
{"o":54.56,"c":54.5,"h":54.56,"l":54.46,"v":3142.0,"Time":"2020-12-02T20:15:00Z","Interval":"5min","Figi":"BBG000BHG9K0"}
{"o":54.56,"c":54.5,"h":54.56,"l":54.46,"v":3143.0,"Time":"2020-12-02T20:15:00Z","Interval":"5min","Figi":"BBG000BHG9K0"}
{"o":54.56,"c":54.5,"h":54.56,"l":54.46,"v":3144.0,"Time":"2020-12-02T20:15:00Z","Interval":"5min","Figi":"BBG000BHG9K0"}
{"o":54.56,"c":54.51,"h":54.56,"l":54.46,"v":3146.0,"Time":"2020-12-02T20:15:00Z","Interval":"5min","Figi":"BBG000BHG9K0"}
{"o":54.56,"c":54.53,"h":54.56,"l":54.46,"v":3181.0,"Time":"2020-12-02T20:15:00Z","Interval":"5min","Figi":"BBG000BHG9K0"}
{"o":54.56,"c":54.51,"h":54.57,"l":54.46,"v":3611.0,"Time":"2020-12-02T20:15:00Z","Interval":"5min","Figi":"BBG000BHG9K0"}
{"o":54.56,"c":54.48,"h":54.57,"l":54.46,"v":4015.0,"Time":"2020-12-02T20:15:00Z","Interval":"5min","Figi":"BBG000BHG9K0"}
{"o":54.47,"c":54.45,"h":54.47,"l":54.45,"v":52.0,"Time":"2020-12-02T20:20:00Z","Interval":"5min","Figi":"BBG000BHG9K0"}
{"o":54.47,"c":54.45,"h":54.47,"l":54.45,"v":94.0,"Time":"2020-12-02T20:20:00Z","Interval":"5min","Figi":"BBG000BHG9K0"}
{"o":54.47,"c":54.44,"h":54.47,"l":54.44,"v":224.0,"Time":"2020-12-02T20:20:00Z","Interval":"5min","Figi":"BBG000BHG9K0"}
{"o":54.47,"c":54.44,"h":54.47,"l":54.44,"v":233.0,"Time":"2020-12-02T20:20:00Z","Interval":"5min","Figi":"BBG000BHG9K0"}
{"o":54.47,"c":54.44,"h":54.47,"l":54.44,"v":243.0,"Time":"2020-12-02T20:20:00Z","Interval":"5min","Figi":"BBG000BHG9K0"}
{"o":54.47,"c":54.46,"h":54.47,"l":54.44,"v":343.0,"Time":"2020-12-02T20:20:00Z","Interval":"5min","Figi":"BBG000BHG9K0"}
{"o":54.47,"c":54.46,"h":54.47,"l":54.44,"v":443.0,"Time":"2020-12-02T20:20:00Z","Interval":"5min","Figi":"BBG000BHG9K0"}
{"o":54.47,"c":54.48,"h":54.48,"l":54.44,"v":612.0,"Time":"2020-12-02T20:20:00Z","Interval":"5min","Figi":"BBG000BHG9K0"}
{"o":54.47,"c":54.49,"h":54.49,"l":54.44,"v":778.0,"Time":"2020-12-02T20:20:00Z","Interval":"5min","Figi":"BBG000BHG9K0"}
{"o":54.47,"c":54.5,"h":54.5,"l":54.44,"v":978.0,"Time":"2020-12-02T20:20:00Z","Interval":"5min","Figi":"BBG000BHG9K0"}
{"o":54.47,"c":54.52,"h":54.52,"l":54.44,"v":1042.0,"Time":"2020-12-02T20:20:00Z","Interval":"5min","Figi":"BBG000BHG9K0"}
{"o":54.47,"c":54.52,"h":54.52,"l":54.44,"v":1378.0,"Time":"2020-12-02T20:20:00Z","Interval":"5min","Figi":"BBG000BHG9K0"}
{"o":54.47,"c":54.51,"h":54.52,"l":54.44,"v":1446.0,"Time":"2020-12-02T20:20:00Z","Interval":"5min","Figi":"BBG000BHG9K0"}
{"o":54.47,"c":54.56,"h":54.56,"l":54.44,"v":1546.0,"Time":"2020-12-02T20:20:00Z","Interval":"5min","Figi":"BBG000BHG9K0"}
{"o":54.47,"c":54.51,"h":54.56,"l":54.44,"v":1550.0,"Time":"2020-12-02T20:20:00Z","Interval":"5min","Figi":"BBG000BHG9K0"}
{"o":54.47,"c":54.56,"h":54.56,"l":54.44,"v":1696.0,"Time":"2020-12-02T20:20:00Z","Interval":"5min","Figi":"BBG000BHG9K0"}
