{"o":35.33,"c":35.31,"h":35.33,"l":35.3,"v":1690.0,"Time":"2020-12-02T19:25:00Z","Interval":"5min","Figi":"BBG000BKD3K9"}
{"o":35.33,"c":35.3,"h":35.33,"l":35.3,"v":1821.0,"Time":"2020-12-02T19:25:00Z","Interval":"5min","Figi":"BBG000BKD3K9"}
{"o":35.33,"c":35.32,"h":35.33,"l":35.3,"v":1822.0,"Time":"2020-12-02T19:25:00Z","Interval":"5min","Figi":"BBG000BKD3K9"}
{"o":35.33,"c":35.32,"h":35.33,"l":35.3,"v":1827.0,"Time":"2020-12-02T19:25:00Z","Interval":"5min","Figi":"BBG000BKD3K9"}
{"o":35.33,"c":35.31,"h":35.33,"l":35.3,"v":1962.0,"Time":"2020-12-02T19:25:00Z","Interval":"5min","Figi":"BBG000BKD3K9"}
{"o":35.33,"c":35.3,"h":35.33,"l":35.3,"v":2033.0,"Time":"2020-12-02T19:25:00Z","Interval":"5min","Figi":"BBG000BKD3K9"}
{"o":35.33,"c":35.3,"h":35.33,"l":35.3,"v":2058.0,"Time":"2020-12-02T19:25:00Z","Interval":"5min","Figi":"BBG000BKD3K9"}
{"o":35.33,"c":35.29,"h":35.33,"l":35.29,"v":2160.0,"Time":"2020-12-02T19:25:00Z","Interval":"5min","Figi":"BBG000BKD3K9"}
{"o":35.33,"c":35.29,"h":35.33,"l":35.29,"v":2260.0,"Time":"2020-12-02T19:25:00Z","Interval":"5min","Figi":"BBG000BKD3K9"}
{"o":35.33,"c":35.29,"h":35.33,"l":35.29,"v":2270.0,"Time":"2020-12-02T19:25:00Z","Interval":"5min","Figi":"BBG000BKD3K9"}
{"o":35.33,"c":35.3,"h":35.33,"l":35.29,"v":2534.0,"Time":"2020-12-02T19:25:00Z","Interval":"5min","Figi":"BBG000BKD3K9"}
{"o":35.33,"c":35.3,"h":35.33,"l":35.29,"v":2567.0,"Time":"2020-12-02T19:25:00Z","Interval":"5min","Figi":"BBG000BKD3K9"}
{"o":35.33,"c":35.3,"h":35.33,"l":35.29,"v":2837.0,"Time":"2020-12-02T19:25:00Z","Interval":"5min","Figi":"BBG000BKD3K9"}
{"o":35.33,"c":35.29,"h":35.33,"l":35.29,"v":2937.0,"Time":"2020-12-02T19:25:00Z","Interval":"5min","Figi":"BBG000BKD3K9"}
{"o":35.33,"c":35.29,"h":35.33,"l":35.29,"v":3365.0,"Time":"2020-12-02T19:25:00Z","Interval":"5min","Figi":"BBG000BKD3K9"}
{"o":35.33,"c":35.28,"h":35.33,"l":35.28,"v":3566.0,"Time":"2020-12-02T19:25:00Z","Interval":"5min","Figi":"BBG000BKD3K9"}
{"o":35.33,"c":35.26,"h":35.33,"l":35.26,"v":3576.0,"Time":"2020-12-02T19:25:00Z","Interval":"5min","Figi":"BBG000BKD3K9"}
{"o":35.33,"c":35.28,"h":35.33,"l":35.26,"v":3586.0,"Time":"2020-12-02T19:25:00Z","Interval":"5min","Figi":"BBG000BKD3K9"}
{"o":35.33,"c":35.28,"h":35.33,"l":35.26,"v":3706.0,"Time":"2020-12-02T19:25:00Z","Interval":"5min","Figi":"BBG000BKD3K9"}
{"o":35.33,"c":35.29,"h":35.33,"l":35.26,"v":3806.0,"Time":"2020-12-02T19:25:00Z","Interval":"5min","Figi":"BBG000BKD3K9"}
{"o":35.33,"c":35.3,"h":35.33,"l":35.26,"v":4002.0,"Time":"2020-12-02T19:25:00Z","Interval":"5min","Figi":"BBG000BKD3K9"}
{"o":35.33,"c":35.3,"h":35.33,"l":35.26,"v":4242.0,"Time":"2020-12-02T19:25:00Z","Interval":"5min","Figi":"BBG000BKD3K9"}
{"o":35.33,"c":35.31,"h":35.33,"l":35.26,"v":4442.0,"Time":"2020-12-02T19:25:00Z","Interval":"5min","Figi":"BBG000BKD3K9"}
{"o":35.33,"c":35.32,"h":35.33,"l":35.26,"v":4542.0,"Time":"2020-12-02T19:25:00Z","Interval":"5min","Figi":"BBG000BKD3K9"}
{"o":35.34,"c":35.34,"h":35.34,"l":35.34,"v":13.0,"Time":"2020-12-02T19:30:00Z","Interval":"5min","Figi":"BBG000BKD3K9"}
{"o":35.34,"c":35.33,"h":35.34,"l":35.33,"v":114.0,"Time":"2020-12-02T19:30:00Z","Interval":"5min","Figi":"BBG000BKD3K9"}
{"o":35.34,"c":35.32,"h":35.34,"l":35.32,"v":145.0,"Time":"2020-12-02T19:30:00Z","Interval":"5min","Figi":"BBG000BKD3K9"}
{"o":35.34,"c":35.35,"h":35.35,"l":35.32,"v":210.0,"Time":"2020-12-02T19:30:00Z","Interval":"5min","Figi":"BBG000BKD3K9"}
{"o":35.34,"c":35.32,"h":35.35,"l":35.32,"v":245.0,"Time":"2020-12-02T19:30:00Z","Interval":"5min","Figi":"BBG000BKD3K9"}
{"o":35.34,"c":35.35,"h":35.35,"l":35.32,"v":713.0,"Time":"2020-12-02T19:30:00Z","Interval":"5min","Figi":"BBG000BKD3K9"}
{"o":35.34,"c":35.35,"h":35.35,"l":35.32,"v":813.0,"Time":"2020-12-02T19:30:00Z","Interval":"5min","Figi":"BBG000BKD3K9"}
{"o":35.34,"c":35.33,"h":35.35,"l":35.32,"v":932.0,"Time":"2020-12-02T19:30:00Z","Interval":"5min","Figi":"BBG000BKD3K9"}
{"o":35.34,"c":35.33,"h":35.35,"l":35.32,"v":1241.0,"Time":"2020-12-02T19:30:00Z","Interval":"5min","Figi":"BBG000BKD3K9"}
{"o":35.34,"c":35.32,"h":35.35,"l":35.32,"v":1508.0,"Time":"2020-12-02T19:30:00Z","Interval":"5min","Figi":"BBG000BKD3K9"}
{"o":35.34,"c":35.32,"h":35.35,"l":35.32,"v":1596.0,"Time":"2020-12-02T19:30:00Z","Interval":"5min","Figi":"BBG000BKD3K9"}
{"o":35.34,"c":35.33,"h":35.35,"l":35.32,"v":1597.0,"Time":"2020-12-02T19:30:00Z","Interval":"5min","Figi":"BBG000BKD3K9"}
{"o":35.34,"c":35.32,"h":35.35,"l":35.32,"v":1727.0,"Time":"2020-12-02T19:30:00Z","Interval":"5min","Figi":"BBG000BKD3K9"}
{"o":35.34,"c":35.32,"h":35.35,"l":35.32,"v":1761.0,"Time":"2020-12-02T19:30:00Z","Interval":"5min","Figi":"BBG000BKD3K9"}
{"o":35.34,"c":35.33,"h":35.35,"l":35.32,"v":2301.0,"Time":"2020-12-02T19:30:00Z","Interval":"5min","Figi":"BBG000BKD3K9"}
{"o":35.34,"c":35.34,"h":35.35,"l":35.32,"v":2401.0,"Time":"2020-12-02T19:30:00Z","Interval":"5min","Figi":"BBG000BKD3K9"}
{"o":35.34,"c":35.34,"h":35.35,"l":35.32,"v":2501.0,"Time":"2020-12-02T19:30:00Z","Interval":"5min","Figi":"BBG000BKD3K9"}
{"o":35.34,"c":35.34,"h":35.35,"l":35.32,"v":2601.0,"Time":"2020-12-02T19:30:00Z","Interval":"5min","Figi":"BBG000BKD3K9"}
{"o":35.34,"c":35.33,"h":35.35,"l":35.32,"v":2629.0,"Time":"2020-12-02T19:30:00Z","Interval":"5min","Figi":"BBG000BKD3K9"}
{"o":35.34,"c":35.33,"h":35.35,"l":35.32,"v":2642.0,"Time":"2020-12-02T19:30:00Z","Interval":"5min","Figi":"BBG000BKD3K9"}
{"o":35.34,"c":35.33,"h":35.35,"l":35.32,"v":2720.0,"Time":"2020-12-02T19:30:00Z","Interval":"5min","Figi":"BBG000BKD3K9"}
{"o":35.34,"c":35.36,"h":35.36,"l":35.32,"v":3378.0,"Time":"2020-12-02T19:30:00Z","Interval":"5min","Figi":"BBG000BKD3K9"}
{"o":35.34,"c":35.36,"h":35.36,"l":35.32,"v":3479.0,"Time":"2020-12-02T19:30:00Z","Interval":"5min","Figi":"BBG000BKD3K9"}
{"o":35.34,"c":35.36,"h":35.36,"l":35.32,"v":3799.0,"Time":"2020-12-02T19:30:00Z","Interval":"5min","Figi":"BBG000BKD3K9"}
{"o":35.34,"c":35.37,"h":35.37,"l":35.32,"v":3800.0,"Time":"2020-12-02T19:30:00Z","Interval":"5min","Figi":"BBG000BKD3K9"}
{"o":35.34,"c":35.38,"h":35.38,"l":35.32,"v":3801.0,"Time":"2020-12-02T19:30:00Z","Interval":"5min","Figi":"BBG000BKD3K9"}
{"o":35.34,"c":35.38,"h":35.38,"l":35.32,"v":3810.0,"Time":"2020-12-02T19:30:00Z","Interval":"5min","Figi":"BBG000BKD3K9"}
{"o":35.34,"c":35.39,"h":35.39,"l":35.32,"v":3811.0,"Time":"2020-12-02T19:30:00Z","Interval":"5min","Figi":"BBG000BKD3K9"}
{"o":35.34,"c":35.38,"h":35.39,"l":35.32,"v":4111.0,"Time":"2020-12-02T19:30:00Z","Interval":"5min","Figi":"BBG000BKD3K9"}
{"o":35.34,"c":35.37,"h":35.39,"l":35.32,"v":4412.0,"Time":"2020-12-02T19:30:00Z","Interval":"5min","Figi":"BBG000BKD3K9"}
{"o":35.34,"c":35.36,"h":35.39,"l":35.32,"v":4448.0,"Time":"2020-12-02T19:30:00Z","Interval":"5min","Figi":"BBG000BKD3K9"}
{"o":35.34,"c":35.4,"h":35.4,"l":35.32,"v":4467.0,"Time":"2020-12-02T19:30:00Z","Interval":"5min","Figi":"BBG000BKD3K9"}
{"o":35.34,"c":35.4,"h":35.4,"l":35.32,"v":4587.0,"Time":"2020-12-02T19:30:00Z","Interval":"5min","Figi":"BBG000BKD3K9"}
{"o":35.34,"c":35.38,"h":35.4,"l":35.32,"v":4619.0,"Time":"2020-12-02T19:30:00Z","Interval":"5min","Figi":"BBG000BKD3K9"}
{"o":35.34,"c":35.41,"h":35.41,"l":35.32,"v":4657.0,"Time":"2020-12-02T19:30:00Z","Interval":"5min","Figi":"BBG000BKD3K9"}
{"o":35.34,"c":35.37,"h":35.41,"l":35.32,"v":4857.0,"Time":"2020-12-02T19:30:00Z","Interval":"5min","Figi":"BBG000BKD3K9"}
{"o":35.34,"c":35.38,"h":35.41,"l":35.32,"v":5057.0,"Time":"2020-12-02T19:30:00Z","Interval":"5min","Figi":"BBG000BKD3K9"}
{"o":35.34,"c":35.39,"h":35.41,"l":35.32,"v":5064.0,"Time":"2020-12-02T19:30:00Z","Interval":"5min","Figi":"BBG000BKD3K9"}
{"o":35.34,"c":35.4,"h":35.41,"l":35.32,"v":5167.0,"Time":"2020-12-02T19:30:00Z","Interval":"5min","Figi":"BBG000BKD3K9"}
{"o":35.34,"c":35.42,"h":35.42,"l":35.32,"v":5267.0,"Time":"2020-12-02T19:30:00Z","Interval":"5min","Figi":"BBG000BKD3K9"}
{"o":35.34,"c":35.4,"h":35.42,"l":35.32,"v":5280.0,"Time":"2020-12-02T19:30:00Z","Interval":"5min","Figi":"BBG000BKD3K9"}
{"o":35.34,"c":35.39,"h":35.42,"l":35.32,"v":5392.0,"Time":"2020-12-02T19:30:00Z","Interval":"5min","Figi":"BBG000BKD3K9"}
{"o":35.34,"c":35.4,"h":35.42,"l":35.32,"v":5477.0,"Time":"2020-12-02T19:30:00Z","Interval":"5min","Figi":"BBG000BKD3K9"}
{"o":35.38,"c":35.38,"h":35.38,"l":35.38,"v":46.0,"Time":"2020-12-02T19:35:00Z","Interval":"5min","Figi":"BBG000BKD3K9"}
{"o":35.38,"c":35.38,"h":35.38,"l":35.38,"v":200.0,"Time":"2020-12-02T19:35:00Z","Interval":"5min","Figi":"BBG000BKD3K9"}
{"o":35.38,"c":35.37,"h":35.38,"l":35.37,"v":301.0,"Time":"2020-12-02T19:35:00Z","Interval":"5min","Figi":"BBG000BKD3K9"}
{"o":35.38,"c":35.36,"h":35.38,"l":35.36,"v":430.0,"Time":"2020-12-02T19:35:00Z","Interval":"5min","Figi":"BBG000BKD3K9"}
{"o":35.38,"c":35.35,"h":35.38,"l":35.35,"v":531.0,"Time":"2020-12-02T19:35:00Z","Interval":"5min","Figi":"BBG000BKD3K9"}
{"o":35.38,"c":35.35,"h":35.38,"l":35.35,"v":540.0,"Time":"2020-12-02T19:35:00Z","Interval":"5min","Figi":"BBG000BKD3K9"}
{"o":35.38,"c":35.35,"h":35.38,"l":35.35,"v":545.0,"Time":"2020-12-02T19:35:00Z","Interval":"5min","Figi":"BBG000BKD3K9"}
{"o":35.38,"c":35.34,"h":35.38,"l":35.34,"v":549.0,"Time":"2020-12-02T19:35:00Z","Interval":"5min","Figi":"BBG000BKD3K9"}
{"o":35.38,"c":35.34,"h":35.38,"l":35.34,"v":550.0,"Time":"2020-12-02T19:35:00Z","Interval":"5min","Figi":"BBG000BKD3K9"}
{"o":35.38,"c":35.34,"h":35.38,"l":35.34,"v":645.0,"Time":"2020-12-02T19:35:00Z","Interval":"5min","Figi":"BBG000BKD3K9"}
{"o":35.38,"c":35.33,"h":35.38,"l":35.33,"v":682.0,"Time":"2020-12-02T19:35:00Z","Interval":"5min","Figi":"BBG000BKD3K9"}
{"o":35.38,"c":35.34,"h":35.38,"l":35.33,"v":1002.0,"Time":"2020-12-02T19:35:00Z","Interval":"5min","Figi":"BBG000BKD3K9"}
{"o":35.38,"c":35.32,"h":35.38,"l":35.32,"v":1103.0,"Time":"2020-12-02T19:35:00Z","Interval":"5min","Figi":"BBG000BKD3K9"}
{"o":35.38,"c":35.32,"h":35.38,"l":35.32,"v":1133.0,"Time":"2020-12-02T19:35:00Z","Interval":"5min","Figi":"BBG000BKD3K9"}
{"o":35.38,"c":35.32,"h":35.38,"l":35.32,"v":1143.0,"Time":"2020-12-02T19:35:00Z","Interval":"5min","Figi":"BBG000BKD3K9"}
{"o":35.38,"c":35.34,"h":35.38,"l":35.32,"v":1162.0,"Time":"2020-12-02T19:35:00Z","Interval":"5min","Figi":"BBG000BKD3K9"}
{"o":35.38,"c":35.36,"h":35.38,"l":35.32,"v":1515.0,"Time":"2020-12-02T19:35:00Z","Interval":"5min","Figi":"BBG000BKD3K9"}
{"o":35.38,"c":35.34,"h":35.38,"l":35.32,"v":1615.0,"Time":"2020-12-02T19:35:00Z","Interval":"5min","Figi":"BBG000BKD3K9"}
{"o":35.38,"c":35.32,"h":35.38,"l":35.32,"v":1677.0,"Time":"2020-12-02T19:35:00Z","Interval":"5min","Figi":"BBG000BKD3K9"}
{"o":35.38,"c":35.32,"h":35.38,"l":35.32,"v":1777.0,"Time":"2020-12-02T19:35:00Z","Interval":"5min","Figi":"BBG000BKD3K9"}
{"o":35.38,"c":35.31,"h":35.38,"l":35.31,"v":1877.0,"Time":"2020-12-02T19:35:00Z","Interval":"5min","Figi":"BBG000BKD3K9"}
{"o":35.38,"c":35.3,"h":35.38,"l":35.3,"v":1977.0,"Time":"2020-12-02T19:35:00Z","Interval":"5min","Figi":"BBG000BKD3K9"}
{"o":35.38,"c":35.28,"h":35.38,"l":35.28,"v":2105.0,"Time":"2020-12-02T19:35:00Z","Interval":"5min","Figi":"BBG000BKD3K9"}
{"o":35.38,"c":35.28,"h":35.38,"l":35.28,"v":2205.0,"Time":"2020-12-02T19:35:00Z","Interval":"5min","Figi":"BBG000BKD3K9"}
{"o":35.38,"c":35.27,"h":35.38,"l":35.27,"v":2335.0,"Time":"2020-12-02T19:35:00Z","Interval":"5min","Figi":"BBG000BKD3K9"}
{"o":35.38,"c":35.29,"h":35.38,"l":35.27,"v":2355.0,"Time":"2020-12-02T19:35:00Z","Interval":"5min","Figi":"BBG000BKD3K9"}
{"o":35.38,"c":35.29,"h":35.38,"l":35.27,"v":2375.0,"Time":"2020-12-02T19:35:00Z","Interval":"5min","Figi":"BBG000BKD3K9"}
{"o":35.38,"c":35.3,"h":35.38,"l":35.27,"v":2406.0,"Time":"2020-12-02T19:35:00Z","Interval":"5min","Figi":"BBG000BKD3K9"}
{"o":35.38,"c":35.3,"h":35.38,"l":35.27,"v":2475.0,"Time":"2020-12-02T19:35:00Z","Interval":"5min","Figi":"BBG000BKD3K9"}
{"o":35.38,"c":35.32,"h":35.38,"l":35.27,"v":2575.0,"Time":"2020-12-02T19:35:00Z","Interval":"5min","Figi":"BBG000BKD3K9"}
{"o":35.38,"c":35.32,"h":35.38,"l":35.27,"v":2710.0,"Time":"2020-12-02T19:35:00Z","Interval":"5min","Figi":"BBG000BKD3K9"}
{"o":35.38,"c":35.33,"h":35.38,"l":35.27,"v":2730.0,"Time":"2020-12-02T19:35:00Z","Interval":"5min","Figi":"BBG000BKD3K9"}
{"o":35.38,"c":35.34,"h":35.38,"l":35.27,"v":2940.0,"Time":"2020-12-02T19:35:00Z","Interval":"5min","Figi":"BBG000BKD3K9"}
{"o":35.38,"c":35.32,"h":35.38,"l":35.27,"v":2945.0,"Time":"2020-12-02T19:35:00Z","Interval":"5min","Figi":"BBG000BKD3K9"}
{"o":35.38,"c":35.34,"h":35.38,"l":35.27,"v":2963.0,"Time":"2020-12-02T19:35:00Z","Interval":"5min","Figi":"BBG000BKD3K9"}
{"o":35.38,"c":35.34,"h":35.38,"l":35.27,"v":2964.0,"Time":"2020-12-02T19:35:00Z","Interval":"5min","Figi":"BBG000BKD3K9"}
{"o":35.38,"c":35.32,"h":35.38,"l":35.27,"v":3469.0,"Time":"2020-12-02T19:35:00Z","Interval":"5min","Figi":"BBG000BKD3K9"}
{"o":35.38,"c":35.32,"h":35.38,"l":35.27,"v":3501.0,"Time":"2020-12-02T19:35:00Z","Interval":"5min","Figi":"BBG000BKD3K9"}
{"o":35.33,"c":35.33,"h":35.33,"l":35.33,"v":1.0,"Time":"2020-12-02T19:40:00Z","Interval":"5min","Figi":"BBG000BKD3K9"}
{"o":35.33,"c":35.32,"h":35.33,"l":35.32,"v":445.0,"Time":"2020-12-02T19:40:00Z","Interval":"5min","Figi":"BBG000BKD3K9"}
{"o":35.33,"c":35.32,"h":35.33,"l":35.32,"v":479.0,"Time":"2020-12-02T19:40:00Z","Interval":"5min","Figi":"BBG000BKD3K9"}
{"o":35.33,"c":35.32,"h":35.33,"l":35.32,"v":576.0,"Time":"2020-12-02T19:40:00Z","Interval":"5min","Figi":"BBG000BKD3K9"}
{"o":35.33,"c":35.31,"h":35.33,"l":35.31,"v":864.0,"Time":"2020-12-02T19:40:00Z","Interval":"5min","Figi":"BBG000BKD3K9"}
{"o":35.33,"c":35.3,"h":35.33,"l":35.3,"v":897.0,"Time":"2020-12-02T19:40:00Z","Interval":"5min","Figi":"BBG000BKD3K9"}
{"o":35.33,"c":35.3,"h":35.33,"l":35.3,"v":1097.0,"Time":"2020-12-02T19:40:00Z","Interval":"5min","Figi":"BBG000BKD3K9"}
{"o":35.33,"c":35.28,"h":35.33,"l":35.28,"v":1110.0,"Time":"2020-12-02T19:40:00Z","Interval":"5min","Figi":"BBG000BKD3K9"}
{"o":35.33,"c":35.28,"h":35.33,"l":35.28,"v":1197.0,"Time":"2020-12-02T19:40:00Z","Interval":"5min","Figi":"BBG000BKD3K9"}
{"o":35.33,"c":35.28,"h":35.33,"l":35.28,"v":1315.0,"Time":"2020-12-02T19:40:00Z","Interval":"5min","Figi":"BBG000BKD3K9"}
{"o":35.33,"c":35.31,"h":35.33,"l":35.28,"v":1323.0,"Time":"2020-12-02T19:40:00Z","Interval":"5min","Figi":"BBG000BKD3K9"}
{"o":35.33,"c":35.31,"h":35.33,"l":35.28,"v":1443.0,"Time":"2020-12-02T19:40:00Z","Interval":"5min","Figi":"BBG000BKD3K9"}
{"o":35.33,"c":35.28,"h":35.33,"l":35.28,"v":1474.0,"Time":"2020-12-02T19:40:00Z","Interval":"5min","Figi":"BBG000BKD3K9"}
{"o":35.33,"c":35.3,"h":35.33,"l":35.28,"v":1505.0,"Time":"2020-12-02T19:40:00Z","Interval":"5min","Figi":"BBG000BKD3K9"}
{"o":35.33,"c":35.3,"h":35.33,"l":35.28,"v":1605.0,"Time":"2020-12-02T19:40:00Z","Interval":"5min","Figi":"BBG000BKD3K9"}
{"o":35.33,"c":35.32,"h":35.33,"l":35.28,"v":1706.0,"Time":"2020-12-02T19:40:00Z","Interval":"5min","Figi":"BBG000BKD3K9"}
{"o":35.33,"c":35.32,"h":35.33,"l":35.28,"v":1980.0,"Time":"2020-12-02T19:40:00Z","Interval":"5min","Figi":"BBG000BKD3K9"}
{"o":35.33,"c":35.32,"h":35.33,"l":35.28,"v":2020.0,"Time":"2020-12-02T19:40:00Z","Interval":"5min","Figi":"BBG000BKD3K9"}
{"o":35.33,"c":35.33,"h":35.33,"l":35.28,"v":2110.0,"Time":"2020-12-02T19:40:00Z","Interval":"5min","Figi":"BBG000BKD3K9"}
{"o":35.33,"c":35.33,"h":35.33,"l":35.28,"v":2113.0,"Time":"2020-12-02T19:40:00Z","Interval":"5min","Figi":"BBG000BKD3K9"}
{"o":35.33,"c":35.31,"h":35.33,"l":35.28,"v":2114.0,"Time":"2020-12-02T19:40:00Z","Interval":"5min","Figi":"BBG000BKD3K9"}
{"o":35.33,"c":35.31,"h":35.33,"l":35.28,"v":2126.0,"Time":"2020-12-02T19:40:00Z","Interval":"5min","Figi":"BBG000BKD3K9"}
{"o":35.33,"c":35.31,"h":35.33,"l":35.28,"v":2202.0,"Time":"2020-12-02T19:40:00Z","Interval":"5min","Figi":"BBG000BKD3K9"}
{"o":35.33,"c":35.31,"h":35.33,"l":35.28,"v":2223.0,"Time":"2020-12-02T19:40:00Z","Interval":"5min","Figi":"BBG000BKD3K9"}
{"o":35.33,"c":35.31,"h":35.33,"l":35.28,"v":2423.0,"Time":"2020-12-02T19:40:00Z","Interval":"5min","Figi":"BBG000BKD3K9"}
{"o":35.33,"c":35.31,"h":35.33,"l":35.28,"v":2473.0,"Time":"2020-12-02T19:40:00Z","Interval":"5min","Figi":"BBG000BKD3K9"}
{"o":35.33,"c":35.31,"h":35.33,"l":35.28,"v":2573.0,"Time":"2020-12-02T19:40:00Z","Interval":"5min","Figi":"BBG000BKD3K9"}
{"o":35.33,"c":35.31,"h":35.33,"l":35.28,"v":2623.0,"Time":"2020-12-02T19:40:00Z","Interval":"5min","Figi":"BBG000BKD3K9"}
{"o":35.33,"c":35.31,"h":35.33,"l":35.28,"v":2642.0,"Time":"2020-12-02T19:40:00Z","Interval":"5min","Figi":"BBG000BKD3K9"}
{"o":35.33,"c":35.31,"h":35.33,"l":35.28,"v":2651.0,"Time":"2020-12-02T19:40:00Z","Interval":"5min","Figi":"BBG000BKD3K9"}
{"o":35.33,"c":35.3,"h":35.33,"l":35.28,"v":2752.0,"Time":"2020-12-02T19:40:00Z","Interval":"5min","Figi":"BBG000BKD3K9"}
{"o":35.33,"c":35.31,"h":35.33,"l":35.28,"v":2762.0,"Time":"2020-12-02T19:40:00Z","Interval":"5min","Figi":"BBG000BKD3K9"}
{"o":35.33,"c":35.32,"h":35.33,"l":35.28,"v":2782.0,"Time":"2020-12-02T19:40:00Z","Interval":"5min","Figi":"BBG000BKD3K9"}
{"o":35.33,"c":35.32,"h":35.33,"l":35.28,"v":2962.0,"Time":"2020-12-02T19:40:00Z","Interval":"5min","Figi":"BBG000BKD3K9"}
{"o":35.33,"c":35.33,"h":35.33,"l":35.28,"v":2963.0,"Time":"2020-12-02T19:40:00Z","Interval":"5min","Figi":"BBG000BKD3K9"}
{"o":35.33,"c":35.32,"h":35.33,"l":35.28,"v":3063.0,"Time":"2020-12-02T19:40:00Z","Interval":"5min","Figi":"BBG000BKD3K9"}
{"o":35.33,"c":35.34,"h":35.34,"l":35.28,"v":3084.0,"Time":"2020-12-02T19:40:00Z","Interval":"5min","Figi":"BBG000BKD3K9"}
{"o":35.33,"c":35.33,"h":35.34,"l":35.28,"v":3259.0,"Time":"2020-12-02T19:40:00Z","Interval":"5min","Figi":"BBG000BKD3K9"}
{"o":35.33,"c":35.35,"h":35.35,"l":35.28,"v":3359.0,"Time":"2020-12-02T19:40:00Z","Interval":"5min","Figi":"BBG000BKD3K9"}
{"o":35.33,"c":35.33,"h":35.35,"l":35.28,"v":3649.0,"Time":"2020-12-02T19:40:00Z","Interval":"5min","Figi":"BBG000BKD3K9"}
{"o":35.33,"c":35.33,"h":35.35,"l":35.28,"v":3681.0,"Time":"2020-12-02T19:40:00Z","Interval":"5min","Figi":"BBG000BKD3K9"}
{"o":35.33,"c":35.36,"h":35.36,"l":35.28,"v":3700.0,"Time":"2020-12-02T19:40:00Z","Interval":"5min","Figi":"BBG000BKD3K9"}
{"o":35.33,"c":35.35,"h":35.36,"l":35.28,"v":3779.0,"Time":"2020-12-02T19:40:00Z","Interval":"5min","Figi":"BBG000BKD3K9"}
{"o":35.33,"c":35.34,"h":35.36,"l":35.28,"v":3986.0,"Time":"2020-12-02T19:40:00Z","Interval":"5min","Figi":"BBG000BKD3K9"}
{"o":35.33,"c":35.34,"h":35.36,"l":35.28,"v":4279.0,"Time":"2020-12-02T19:40:00Z","Interval":"5min","Figi":"BBG000BKD3K9"}
{"o":35.33,"c":35.34,"h":35.36,"l":35.28,"v":4624.0,"Time":"2020-12-02T19:40:00Z","Interval":"5min","Figi":"BBG000BKD3K9"}
{"o":35.33,"c":35.35,"h":35.36,"l":35.28,"v":4724.0,"Time":"2020-12-02T19:40:00Z","Interval":"5min","Figi":"BBG000BKD3K9"}
{"o":35.33,"c":35.36,"h":35.36,"l":35.28,"v":4833.0,"Time":"2020-12-02T19:40:00Z","Interval":"5min","Figi":"BBG000BKD3K9"}
{"o":35.33,"c":35.34,"h":35.36,"l":35.28,"v":5334.0,"Time":"2020-12-02T19:40:00Z","Interval":"5min","Figi":"BBG000BKD3K9"}
{"o":35.33,"c":35.33,"h":35.36,"l":35.28,"v":5509.0,"Time":"2020-12-02T19:40:00Z","Interval":"5min","Figi":"BBG000BKD3K9"}
{"o":35.33,"c":35.33,"h":35.33,"l":35.33,"v":67.0,"Time":"2020-12-02T19:45:00Z","Interval":"5min","Figi":"BBG000BKD3K9"}
{"o":35.33,"c":35.33,"h":35.33,"l":35.33,"v":77.0,"Time":"2020-12-02T19:45:00Z","Interval":"5min","Figi":"BBG000BKD3K9"}
{"o":35.33,"c":35.34,"h":35.34,"l":35.33,"v":79.0,"Time":"2020-12-02T19:45:00Z","Interval":"5min","Figi":"BBG000BKD3K9"}
{"o":35.33,"c":35.34,"h":35.34,"l":35.33,"v":88.0,"Time":"2020-12-02T19:45:00Z","Interval":"5min","Figi":"BBG000BKD3K9"}
{"o":35.33,"c":35.34,"h":35.34,"l":35.33,"v":89.0,"Time":"2020-12-02T19:45:00Z","Interval":"5min","Figi":"BBG000BKD3K9"}
{"o":35.33,"c":35.36,"h":35.36,"l":35.33,"v":282.0,"Time":"2020-12-02T19:45:00Z","Interval":"5min","Figi":"BBG000BKD3K9"}
{"o":35.33,"c":35.35,"h":35.36,"l":35.33,"v":557.0,"Time":"2020-12-02T19:45:00Z","Interval":"5min","Figi":"BBG000BKD3K9"}
{"o":35.33,"c":35.35,"h":35.36,"l":35.33,"v":658.0,"Time":"2020-12-02T19:45:00Z","Interval":"5min","Figi":"BBG000BKD3K9"}
{"o":35.33,"c":35.34,"h":35.36,"l":35.33,"v":729.0,"Time":"2020-12-02T19:45:00Z","Interval":"5min","Figi":"BBG000BKD3K9"}
{"o":35.33,"c":35.33,"h":35.36,"l":35.33,"v":929.0,"Time":"2020-12-02T19:45:00Z","Interval":"5min","Figi":"BBG000BKD3K9"}
{"o":35.33,"c":35.33,"h":35.36,"l":35.33,"v":939.0,"Time":"2020-12-02T19:45:00Z","Interval":"5min","Figi":"BBG000BKD3K9"}
{"o":35.33,"c":35.34,"h":35.36,"l":35.33,"v":949.0,"Time":"2020-12-02T19:45:00Z","Interval":"5min","Figi":"BBG000BKD3K9"}
{"o":35.33,"c":35.34,"h":35.36,"l":35.33,"v":959.0,"Time":"2020-12-02T19:45:00Z","Interval":"5min","Figi":"BBG000BKD3K9"}
{"o":35.33,"c":35.35,"h":35.36,"l":35.33,"v":979.0,"Time":"2020-12-02T19:45:00Z","Interval":"5min","Figi":"BBG000BKD3K9"}
{"o":35.33,"c":35.36,"h":35.36,"l":35.33,"v":1079.0,"Time":"2020-12-02T19:45:00Z","Interval":"5min","Figi":"BBG000BKD3K9"}
{"o":35.33,"c":35.35,"h":35.36,"l":35.33,"v":1179.0,"Time":"2020-12-02T19:45:00Z","Interval":"5min","Figi":"BBG000BKD3K9"}
{"o":35.33,"c":35.35,"h":35.36,"l":35.33,"v":1379.0,"Time":"2020-12-02T19:45:00Z","Interval":"5min","Figi":"BBG000BKD3K9"}
{"o":35.33,"c":35.35,"h":35.36,"l":35.33,"v":1522.0,"Time":"2020-12-02T19:45:00Z","Interval":"5min","Figi":"BBG000BKD3K9"}
{"o":35.33,"c":35.35,"h":35.36,"l":35.33,"v":1657.0,"Time":"2020-12-02T19:45:00Z","Interval":"5min","Figi":"BBG000BKD3K9"}
{"o":35.33,"c":35.35,"h":35.36,"l":35.33,"v":1756.0,"Time":"2020-12-02T19:45:00Z","Interval":"5min","Figi":"BBG000BKD3K9"}
{"o":35.33,"c":35.36,"h":35.36,"l":35.33,"v":1856.0,"Time":"2020-12-02T19:45:00Z","Interval":"5min","Figi":"BBG000BKD3K9"}
{"o":35.33,"c":35.36,"h":35.36,"l":35.33,"v":1987.0,"Time":"2020-12-02T19:45:00Z","Interval":"5min","Figi":"BBG000BKD3K9"}
{"o":35.33,"c":35.36,"h":35.36,"l":35.33,"v":2051.0,"Time":"2020-12-02T19:45:00Z","Interval":"5min","Figi":"BBG000BKD3K9"}
{"o":35.33,"c":35.37,"h":35.37,"l":35.33,"v":2472.0,"Time":"2020-12-02T19:45:00Z","Interval":"5min","Figi":"BBG000BKD3K9"}
{"o":35.33,"c":35.35,"h":35.37,"l":35.33,"v":2505.0,"Time":"2020-12-02T19:45:00Z","Interval":"5min","Figi":"BBG000BKD3K9"}
{"o":35.33,"c":35.35,"h":35.37,"l":35.33,"v":2577.0,"Time":"2020-12-02T19:45:00Z","Interval":"5min","Figi":"BBG000BKD3K9"}
{"o":35.33,"c":35.36,"h":35.37,"l":35.33,"v":2578.0,"Time":"2020-12-02T19:45:00Z","Interval":"5min","Figi":"BBG000BKD3K9"}
{"o":35.33,"c":35.37,"h":35.37,"l":35.33,"v":2707.0,"Time":"2020-12-02T19:45:00Z","Interval":"5min","Figi":"BBG000BKD3K9"}
{"o":35.33,"c":35.37,"h":35.37,"l":35.33,"v":2716.0,"Time":"2020-12-02T19:45:00Z","Interval":"5min","Figi":"BBG000BKD3K9"}
{"o":35.33,"c":35.36,"h":35.37,"l":35.33,"v":3045.0,"Time":"2020-12-02T19:45:00Z","Interval":"5min","Figi":"BBG000BKD3K9"}
{"o":35.33,"c":35.36,"h":35.37,"l":35.33,"v":3145.0,"Time":"2020-12-02T19:45:00Z","Interval":"5min","Figi":"BBG000BKD3K9"}
{"o":35.33,"c":35.35,"h":35.37,"l":35.33,"v":3445.0,"Time":"2020-12-02T19:45:00Z","Interval":"5min","Figi":"BBG000BKD3K9"}
{"o":35.33,"c":35.35,"h":35.37,"l":35.33,"v":3878.0,"Time":"2020-12-02T19:45:00Z","Interval":"5min","Figi":"BBG000BKD3K9"}
{"o":35.33,"c":35.34,"h":35.37,"l":35.33,"v":3910.0,"Time":"2020-12-02T19:45:00Z","Interval":"5min","Figi":"BBG000BKD3K9"}
{"o":35.33,"c":35.34,"h":35.37,"l":35.33,"v":4010.0,"Time":"2020-12-02T19:45:00Z","Interval":"5min","Figi":"BBG000BKD3K9"}
{"o":35.33,"c":35.33,"h":35.37,"l":35.33,"v":4166.0,"Time":"2020-12-02T19:45:00Z","Interval":"5min","Figi":"BBG000BKD3K9"}
{"o":35.33,"c":35.32,"h":35.37,"l":35.32,"v":4176.0,"Time":"2020-12-02T19:45:00Z","Interval":"5min","Figi":"BBG000BKD3K9"}
{"o":35.33,"c":35.34,"h":35.37,"l":35.32,"v":4377.0,"Time":"2020-12-02T19:45:00Z","Interval":"5min","Figi":"BBG000BKD3K9"}
{"o":35.33,"c":35.35,"h":35.37,"l":35.32,"v":4577.0,"Time":"2020-12-02T19:45:00Z","Interval":"5min","Figi":"BBG000BKD3K9"}
{"o":35.33,"c":35.35,"h":35.37,"l":35.32,"v":4584.0,"Time":"2020-12-02T19:45:00Z","Interval":"5min","Figi":"BBG000BKD3K9"}
{"o":35.33,"c":35.36,"h":35.37,"l":35.32,"v":4585.0,"Time":"2020-12-02T19:45:00Z","Interval":"5min","Figi":"BBG000BKD3K9"}
{"o":35.33,"c":35.36,"h":35.37,"l":35.32,"v":4685.0,"Time":"2020-12-02T19:45:00Z","Interval":"5min","Figi":"BBG000BKD3K9"}
{"o":35.33,"c":35.36,"h":35.37,"l":35.32,"v":4816.0,"Time":"2020-12-02T19:45:00Z","Interval":"5min","Figi":"BBG000BKD3K9"}
{"o":35.36,"c":35.36,"h":35.36,"l":35.36,"v":132.0,"Time":"2020-12-02T19:50:00Z","Interval":"5min","Figi":"BBG000BKD3K9"}
{"o":35.36,"c":35.35,"h":35.36,"l":35.35,"v":219.0,"Time":"2020-12-02T19:50:00Z","Interval":"5min","Figi":"BBG000BKD3K9"}
{"o":35.36,"c":35.37,"h":35.37,"l":35.35,"v":230.0,"Time":"2020-12-02T19:50:00Z","Interval":"5min","Figi":"BBG000BKD3K9"}
{"o":35.36,"c":35.35,"h":35.37,"l":35.35,"v":361.0,"Time":"2020-12-02T19:50:00Z","Interval":"5min","Figi":"BBG000BKD3K9"}
{"o":35.36,"c":35.35,"h":35.37,"l":35.35,"v":395.0,"Time":"2020-12-02T19:50:00Z","Interval":"5min","Figi":"BBG000BKD3K9"}
{"o":35.36,"c":35.36,"h":35.37,"l":35.35,"v":396.0,"Time":"2020-12-02T19:50:00Z","Interval":"5min","Figi":"BBG000BKD3K9"}
{"o":35.36,"c":35.37,"h":35.37,"l":35.35,"v":410.0,"Time":"2020-12-02T19:50:00Z","Interval":"5min","Figi":"BBG000BKD3K9"}
{"o":35.36,"c":35.36,"h":35.37,"l":35.35,"v":430.0,"Time":"2020-12-02T19:50:00Z","Interval":"5min","Figi":"BBG000BKD3K9"}
{"o":35.36,"c":35.37,"h":35.37,"l":35.35,"v":450.0,"Time":"2020-12-02T19:50:00Z","Interval":"5min","Figi":"BBG000BKD3K9"}
{"o":35.36,"c":35.37,"h":35.37,"l":35.35,"v":777.0,"Time":"2020-12-02T19:50:00Z","Interval":"5min","Figi":"BBG000BKD3K9"}
{"o":35.36,"c":35.38,"h":35.38,"l":35.35,"v":827.0,"Time":"2020-12-02T19:50:00Z","Interval":"5min","Figi":"BBG000BKD3K9"}
{"o":35.36,"c":35.38,"h":35.38,"l":35.35,"v":877.0,"Time":"2020-12-02T19:50:00Z","Interval":"5min","Figi":"BBG000BKD3K9"}
{"o":35.36,"c":35.37,"h":35.38,"l":35.35,"v":1363.0,"Time":"2020-12-02T19:50:00Z","Interval":"5min","Figi":"BBG000BKD3K9"}
{"o":35.36,"c":35.36,"h":35.38,"l":35.35,"v":1463.0,"Time":"2020-12-02T19:50:00Z","Interval":"5min","Figi":"BBG000BKD3K9"}
{"o":35.36,"c":35.36,"h":35.38,"l":35.35,"v":1663.0,"Time":"2020-12-02T19:50:00Z","Interval":"5min","Figi":"BBG000BKD3K9"}
{"o":35.36,"c":35.35,"h":35.38,"l":35.35,"v":1763.0,"Time":"2020-12-02T19:50:00Z","Interval":"5min","Figi":"BBG000BKD3K9"}
{"o":35.36,"c":35.36,"h":35.38,"l":35.35,"v":1863.0,"Time":"2020-12-02T19:50:00Z","Interval":"5min","Figi":"BBG000BKD3K9"}
{"o":35.36,"c":35.38,"h":35.38,"l":35.35,"v":2030.0,"Time":"2020-12-02T19:50:00Z","Interval":"5min","Figi":"BBG000BKD3K9"}
{"o":35.36,"c":35.38,"h":35.38,"l":35.35,"v":2230.0,"Time":"2020-12-02T19:50:00Z","Interval":"5min","Figi":"BBG000BKD3K9"}
{"o":35.36,"c":35.38,"h":35.38,"l":35.35,"v":2230.0,"Time":"2020-12-02T19:50:00Z","Interval":"5min","Figi":"BBG000BKD3K9"}
{"o":35.36,"c":35.39,"h":35.39,"l":35.35,"v":2250.0,"Time":"2020-12-02T19:50:00Z","Interval":"5min","Figi":"BBG000BKD3K9"}
{"o":35.36,"c":35.39,"h":35.39,"l":35.35,"v":2351.0,"Time":"2020-12-02T19:50:00Z","Interval":"5min","Figi":"BBG000BKD3K9"}
{"o":35.36,"c":35.4,"h":35.4,"l":35.35,"v":2453.0,"Time":"2020-12-02T19:50:00Z","Interval":"5min","Figi":"BBG000BKD3K9"}
{"o":35.36,"c":35.4,"h":35.4,"l":35.35,"v":2454.0,"Time":"2020-12-02T19:50:00Z","Interval":"5min","Figi":"BBG000BKD3K9"}
{"o":35.36,"c":35.4,"h":35.4,"l":35.35,"v":2526.0,"Time":"2020-12-02T19:50:00Z","Interval":"5min","Figi":"BBG000BKD3K9"}
{"o":35.36,"c":35.4,"h":35.4,"l":35.35,"v":2653.0,"Time":"2020-12-02T19:50:00Z","Interval":"5min","Figi":"BBG000BKD3K9"}
{"o":35.36,"c":35.4,"h":35.4,"l":35.35,"v":2784.0,"Time":"2020-12-02T19:50:00Z","Interval":"5min","Figi":"BBG000BKD3K9"}
{"o":35.36,"c":35.41,"h":35.41,"l":35.35,"v":2990.0,"Time":"2020-12-02T19:50:00Z","Interval":"5min","Figi":"BBG000BKD3K9"}
{"o":35.36,"c":35.42,"h":35.42,"l":35.35,"v":3190.0,"Time":"2020-12-02T19:50:00Z","Interval":"5min","Figi":"BBG000BKD3K9"}
{"o":35.36,"c":35.43,"h":35.43,"l":35.35,"v":3210.0,"Time":"2020-12-02T19:50:00Z","Interval":"5min","Figi":"BBG000BKD3K9"}
{"o":35.36,"c":35.43,"h":35.43,"l":35.35,"v":3243.0,"Time":"2020-12-02T19:50:00Z","Interval":"5min","Figi":"BBG000BKD3K9"}
{"o":35.36,"c":35.43,"h":35.43,"l":35.35,"v":3341.0,"Time":"2020-12-02T19:50:00Z","Interval":"5min","Figi":"BBG000BKD3K9"}
{"o":35.36,"c":35.44,"h":35.44,"l":35.35,"v":3361.0,"Time":"2020-12-02T19:50:00Z","Interval":"5min","Figi":"BBG000BKD3K9"}
{"o":35.36,"c":35.45,"h":35.45,"l":35.35,"v":3450.0,"Time":"2020-12-02T19:50:00Z","Interval":"5min","Figi":"BBG000BKD3K9"}
{"o":35.36,"c":35.44,"h":35.45,"l":35.35,"v":3550.0,"Time":"2020-12-02T19:50:00Z","Interval":"5min","Figi":"BBG000BKD3K9"}
{"o":35.36,"c":35.45,"h":35.45,"l":35.35,"v":3561.0,"Time":"2020-12-02T19:50:00Z","Interval":"5min","Figi":"BBG000BKD3K9"}
{"o":35.36,"c":35.46,"h":35.46,"l":35.35,"v":3661.0,"Time":"2020-12-02T19:50:00Z","Interval":"5min","Figi":"BBG000BKD3K9"}
{"o":35.36,"c":35.47,"h":35.47,"l":35.35,"v":3671.0,"Time":"2020-12-02T19:50:00Z","Interval":"5min","Figi":"BBG000BKD3K9"}
{"o":35.36,"c":35.46,"h":35.47,"l":35.35,"v":3681.0,"Time":"2020-12-02T19:50:00Z","Interval":"5min","Figi":"BBG000BKD3K9"}
{"o":35.36,"c":35.46,"h":35.47,"l":35.35,"v":3730.0,"Time":"2020-12-02T19:50:00Z","Interval":"5min","Figi":"BBG000BKD3K9"}
{"o":35.36,"c":35.46,"h":35.47,"l":35.35,"v":4092.0,"Time":"2020-12-02T19:50:00Z","Interval":"5min","Figi":"BBG000BKD3K9"}
{"o":35.36,"c":35.45,"h":35.47,"l":35.35,"v":4172.0,"Time":"2020-12-02T19:50:00Z","Interval":"5min","Figi":"BBG000BKD3K9"}
{"o":35.36,"c":35.45,"h":35.47,"l":35.35,"v":4192.0,"Time":"2020-12-02T19:50:00Z","Interval":"5min","Figi":"BBG000BKD3K9"}
{"o":35.36,"c":35.44,"h":35.47,"l":35.35,"v":4247.0,"Time":"2020-12-02T19:50:00Z","Interval":"5min","Figi":"BBG000BKD3K9"}
{"o":35.36,"c":35.46,"h":35.47,"l":35.35,"v":4467.0,"Time":"2020-12-02T19:50:00Z","Interval":"5min","Figi":"BBG000BKD3K9"}
{"o":35.36,"c":35.46,"h":35.47,"l":35.35,"v":4468.0,"Time":"2020-12-02T19:50:00Z","Interval":"5min","Figi":"BBG000BKD3K9"}
{"o":35.46,"c":35.46,"h":35.46,"l":35.46,"v":101.0,"Time":"2020-12-02T19:55:00Z","Interval":"5min","Figi":"BBG000BKD3K9"}
{"o":35.46,"c":35.47,"h":35.47,"l":35.46,"v":107.0,"Time":"2020-12-02T19:55:00Z","Interval":"5min","Figi":"BBG000BKD3K9"}
{"o":35.46,"c":35.47,"h":35.47,"l":35.46,"v":119.0,"Time":"2020-12-02T19:55:00Z","Interval":"5min","Figi":"BBG000BKD3K9"}
{"o":35.46,"c":35.47,"h":35.47,"l":35.46,"v":302.0,"Time":"2020-12-02T19:55:00Z","Interval":"5min","Figi":"BBG000BKD3K9"}
{"o":35.46,"c":35.47,"h":35.47,"l":35.46,"v":402.0,"Time":"2020-12-02T19:55:00Z","Interval":"5min","Figi":"BBG000BKD3K9"}
{"o":35.46,"c":35.48,"h":35.48,"l":35.46,"v":451.0,"Time":"2020-12-02T19:55:00Z","Interval":"5min","Figi":"BBG000BKD3K9"}
{"o":35.46,"c":35.48,"h":35.48,"l":35.46,"v":481.0,"Time":"2020-12-02T19:55:00Z","Interval":"5min","Figi":"BBG000BKD3K9"}
{"o":35.46,"c":35.49,"h":35.49,"l":35.46,"v":711.0,"Time":"2020-12-02T19:55:00Z","Interval":"5min","Figi":"BBG000BKD3K9"}
{"o":35.46,"c":35.49,"h":35.49,"l":35.46,"v":811.0,"Time":"2020-12-02T19:55:00Z","Interval":"5min","Figi":"BBG000BKD3K9"}
{"o":35.46,"c":35.5,"h":35.5,"l":35.46,"v":1327.0,"Time":"2020-12-02T19:55:00Z","Interval":"5min","Figi":"BBG000BKD3K9"}
{"o":35.46,"c":35.5,"h":35.5,"l":35.46,"v":1446.0,"Time":"2020-12-02T19:55:00Z","Interval":"5min","Figi":"BBG000BKD3K9"}
{"o":35.46,"c":35.5,"h":35.5,"l":35.46,"v":1828.0,"Time":"2020-12-02T19:55:00Z","Interval":"5min","Figi":"BBG000BKD3K9"}
{"o":35.46,"c":35.5,"h":35.5,"l":35.46,"v":1928.0,"Time":"2020-12-02T19:55:00Z","Interval":"5min","Figi":"BBG000BKD3K9"}
{"o":35.46,"c":35.51,"h":35.51,"l":35.46,"v":1958.0,"Time":"2020-12-02T19:55:00Z","Interval":"5min","Figi":"BBG000BKD3K9"}
{"o":35.46,"c":35.52,"h":35.52,"l":35.46,"v":2052.0,"Time":"2020-12-02T19:55:00Z","Interval":"5min","Figi":"BBG000BKD3K9"}
{"o":35.46,"c":35.51,"h":35.52,"l":35.46,"v":2152.0,"Time":"2020-12-02T19:55:00Z","Interval":"5min","Figi":"BBG000BKD3K9"}
{"o":35.46,"c":35.51,"h":35.52,"l":35.46,"v":2252.0,"Time":"2020-12-02T19:55:00Z","Interval":"5min","Figi":"BBG000BKD3K9"}
{"o":35.46,"c":35.51,"h":35.52,"l":35.46,"v":2515.0,"Time":"2020-12-02T19:55:00Z","Interval":"5min","Figi":"BBG000BKD3K9"}
{"o":35.46,"c":35.51,"h":35.52,"l":35.46,"v":2615.0,"Time":"2020-12-02T19:55:00Z","Interval":"5min","Figi":"BBG000BKD3K9"}
{"o":35.46,"c":35.51,"h":35.52,"l":35.46,"v":2715.0,"Time":"2020-12-02T19:55:00Z","Interval":"5min","Figi":"BBG000BKD3K9"}
{"o":35.46,"c":35.5,"h":35.52,"l":35.46,"v":2925.0,"Time":"2020-12-02T19:55:00Z","Interval":"5min","Figi":"BBG000BKD3K9"}
{"o":35.46,"c":35.5,"h":35.52,"l":35.46,"v":2935.0,"Time":"2020-12-02T19:55:00Z","Interval":"5min","Figi":"BBG000BKD3K9"}
{"o":35.46,"c":35.5,"h":35.52,"l":35.46,"v":3135.0,"Time":"2020-12-02T19:55:00Z","Interval":"5min","Figi":"BBG000BKD3K9"}
{"o":35.46,"c":35.5,"h":35.52,"l":35.46,"v":3166.0,"Time":"2020-12-02T19:55:00Z","Interval":"5min","Figi":"BBG000BKD3K9"}
{"o":35.46,"c":35.5,"h":35.52,"l":35.46,"v":3213.0,"Time":"2020-12-02T19:55:00Z","Interval":"5min","Figi":"BBG000BKD3K9"}
{"o":35.46,"c":35.49,"h":35.52,"l":35.46,"v":3214.0,"Time":"2020-12-02T19:55:00Z","Interval":"5min","Figi":"BBG000BKD3K9"}
{"o":35.46,"c":35.5,"h":35.52,"l":35.46,"v":3253.0,"Time":"2020-12-02T19:55:00Z","Interval":"5min","Figi":"BBG000BKD3K9"}
{"o":35.46,"c":35.5,"h":35.52,"l":35.46,"v":3434.0,"Time":"2020-12-02T19:55:00Z","Interval":"5min","Figi":"BBG000BKD3K9"}
{"o":35.46,"c":35.5,"h":35.52,"l":35.46,"v":3494.0,"Time":"2020-12-02T19:55:00Z","Interval":"5min","Figi":"BBG000BKD3K9"}
{"o":35.46,"c":35.5,"h":35.52,"l":35.46,"v":3512.0,"Time":"2020-12-02T19:55:00Z","Interval":"5min","Figi":"BBG000BKD3K9"}
{"o":35.46,"c":35.5,"h":35.52,"l":35.46,"v":3594.0,"Time":"2020-12-02T19:55:00Z","Interval":"5min","Figi":"BBG000BKD3K9"}
{"o":35.46,"c":35.51,"h":35.52,"l":35.46,"v":3754.0,"Time":"2020-12-02T19:55:00Z","Interval":"5min","Figi":"BBG000BKD3K9"}
{"o":35.46,"c":35.51,"h":35.52,"l":35.46,"v":3754.0,"Time":"2020-12-02T19:55:00Z","Interval":"5min","Figi":"BBG000BKD3K9"}
{"o":35.46,"c":35.51,"h":35.52,"l":35.46,"v":3755.0,"Time":"2020-12-02T19:55:00Z","Interval":"5min","Figi":"BBG000BKD3K9"}
{"o":35.46,"c":35.52,"h":35.52,"l":35.46,"v":3855.0,"Time":"2020-12-02T19:55:00Z","Interval":"5min","Figi":"BBG000BKD3K9"}
{"o":35.46,"c":35.54,"h":35.54,"l":35.46,"v":4056.0,"Time":"2020-12-02T19:55:00Z","Interval":"5min","Figi":"BBG000BKD3K9"}
{"o":35.46,"c":35.56,"h":35.56,"l":35.46,"v":4340.0,"Time":"2020-12-02T19:55:00Z","Interval":"5min","Figi":"BBG000BKD3K9"}
{"o":35.46,"c":35.55,"h":35.56,"l":35.46,"v":4440.0,"Time":"2020-12-02T19:55:00Z","Interval":"5min","Figi":"BBG000BKD3K9"}
{"o":35.46,"c":35.55,"h":35.56,"l":35.46,"v":4540.0,"Time":"2020-12-02T19:55:00Z","Interval":"5min","Figi":"BBG000BKD3K9"}
{"o":35.46,"c":35.54,"h":35.56,"l":35.46,"v":4572.0,"Time":"2020-12-02T19:55:00Z","Interval":"5min","Figi":"BBG000BKD3K9"}
{"o":35.46,"c":35.52,"h":35.56,"l":35.46,"v":4692.0,"Time":"2020-12-02T19:55:00Z","Interval":"5min","Figi":"BBG000BKD3K9"}
{"o":35.46,"c":35.52,"h":35.56,"l":35.46,"v":4830.0,"Time":"2020-12-02T19:55:00Z","Interval":"5min","Figi":"BBG000BKD3K9"}
{"o":35.46,"c":35.52,"h":35.56,"l":35.46,"v":4892.0,"Time":"2020-12-02T19:55:00Z","Interval":"5min","Figi":"BBG000BKD3K9"}
{"o":35.53,"c":35.53,"h":35.53,"l":35.53,"v":180.0,"Time":"2020-12-02T20:00:00Z","Interval":"5min","Figi":"BBG000BKD3K9"}
{"o":35.53,"c":35.5,"h":35.53,"l":35.5,"v":660.0,"Time":"2020-12-02T20:00:00Z","Interval":"5min","Figi":"BBG000BKD3K9"}
{"o":35.53,"c":35.5,"h":35.53,"l":35.5,"v":709.0,"Time":"2020-12-02T20:00:00Z","Interval":"5min","Figi":"BBG000BKD3K9"}
{"o":35.53,"c":35.5,"h":35.53,"l":35.5,"v":809.0,"Time":"2020-12-02T20:00:00Z","Interval":"5min","Figi":"BBG000BKD3K9"}
{"o":35.53,"c":35.5,"h":35.53,"l":35.5,"v":909.0,"Time":"2020-12-02T20:00:00Z","Interval":"5min","Figi":"BBG000BKD3K9"}
{"o":35.53,"c":35.5,"h":35.53,"l":35.5,"v":1209.0,"Time":"2020-12-02T20:00:00Z","Interval":"5min","Figi":"BBG000BKD3K9"}
{"o":35.53,"c":35.49,"h":35.53,"l":35.49,"v":1509.0,"Time":"2020-12-02T20:00:00Z","Interval":"5min","Figi":"BBG000BKD3K9"}
{"o":35.53,"c":35.48,"h":35.53,"l":35.48,"v":1558.0,"Time":"2020-12-02T20:00:00Z","Interval":"5min","Figi":"BBG000BKD3K9"}
{"o":35.53,"c":35.48,"h":35.53,"l":35.48,"v":1609.0,"Time":"2020-12-02T20:00:00Z","Interval":"5min","Figi":"BBG000BKD3K9"}
{"o":35.53,"c":35.47,"h":35.53,"l":35.47,"v":1614.0,"Time":"2020-12-02T20:00:00Z","Interval":"5min","Figi":"BBG000BKD3K9"}
{"o":35.53,"c":35.47,"h":35.53,"l":35.47,"v":1707.0,"Time":"2020-12-02T20:00:00Z","Interval":"5min","Figi":"BBG000BKD3K9"}
{"o":35.53,"c":35.47,"h":35.53,"l":35.47,"v":1838.0,"Time":"2020-12-02T20:00:00Z","Interval":"5min","Figi":"BBG000BKD3K9"}
{"o":35.53,"c":35.47,"h":35.53,"l":35.47,"v":1969.0,"Time":"2020-12-02T20:00:00Z","Interval":"5min","Figi":"BBG000BKD3K9"}
{"o":35.53,"c":35.47,"h":35.53,"l":35.47,"v":2009.0,"Time":"2020-12-02T20:00:00Z","Interval":"5min","Figi":"BBG000BKD3K9"}
{"o":35.53,"c":35.46,"h":35.53,"l":35.46,"v":2159.0,"Time":"2020-12-02T20:00:00Z","Interval":"5min","Figi":"BBG000BKD3K9"}
{"o":35.53,"c":35.46,"h":35.53,"l":35.46,"v":2252.0,"Time":"2020-12-02T20:00:00Z","Interval":"5min","Figi":"BBG000BKD3K9"}
{"o":35.53,"c":35.46,"h":35.53,"l":35.46,"v":2332.0,"Time":"2020-12-02T20:00:00Z","Interval":"5min","Figi":"BBG000BKD3K9"}
{"o":35.53,"c":35.46,"h":35.53,"l":35.46,"v":2383.0,"Time":"2020-12-02T20:00:00Z","Interval":"5min","Figi":"BBG000BKD3K9"}
{"o":35.53,"c":35.45,"h":35.53,"l":35.45,"v":2765.0,"Time":"2020-12-02T20:00:00Z","Interval":"5min","Figi":"BBG000BKD3K9"}
{"o":35.53,"c":35.44,"h":35.53,"l":35.44,"v":2770.0,"Time":"2020-12-02T20:00:00Z","Interval":"5min","Figi":"BBG000BKD3K9"}
{"o":35.53,"c":35.45,"h":35.53,"l":35.44,"v":3096.0,"Time":"2020-12-02T20:00:00Z","Interval":"5min","Figi":"BBG000BKD3K9"}
{"o":35.53,"c":35.46,"h":35.53,"l":35.44,"v":3195.0,"Time":"2020-12-02T20:00:00Z","Interval":"5min","Figi":"BBG000BKD3K9"}
{"o":35.53,"c":35.45,"h":35.53,"l":35.44,"v":3200.0,"Time":"2020-12-02T20:00:00Z","Interval":"5min","Figi":"BBG000BKD3K9"}
{"o":35.53,"c":35.45,"h":35.53,"l":35.44,"v":3300.0,"Time":"2020-12-02T20:00:00Z","Interval":"5min","Figi":"BBG000BKD3K9"}
{"o":35.53,"c":35.45,"h":35.53,"l":35.44,"v":3710.0,"Time":"2020-12-02T20:00:00Z","Interval":"5min","Figi":"BBG000BKD3K9"}
{"o":35.53,"c":35.45,"h":35.53,"l":35.44,"v":3760.0,"Time":"2020-12-02T20:00:00Z","Interval":"5min","Figi":"BBG000BKD3K9"}
{"o":35.53,"c":35.45,"h":35.53,"l":35.44,"v":3860.0,"Time":"2020-12-02T20:00:00Z","Interval":"5min","Figi":"BBG000BKD3K9"}
{"o":35.53,"c":35.45,"h":35.53,"l":35.44,"v":3898.0,"Time":"2020-12-02T20:00:00Z","Interval":"5min","Figi":"BBG000BKD3K9"}
{"o":35.53,"c":35.45,"h":35.53,"l":35.44,"v":3960.0,"Time":"2020-12-02T20:00:00Z","Interval":"5min","Figi":"BBG000BKD3K9"}
{"o":35.53,"c":35.45,"h":35.53,"l":35.44,"v":3998.0,"Time":"2020-12-02T20:00:00Z","Interval":"5min","Figi":"BBG000BKD3K9"}
{"o":35.53,"c":35.46,"h":35.53,"l":35.44,"v":3999.0,"Time":"2020-12-02T20:00:00Z","Interval":"5min","Figi":"BBG000BKD3K9"}
{"o":35.53,"c":35.46,"h":35.53,"l":35.44,"v":4003.0,"Time":"2020-12-02T20:00:00Z","Interval":"5min","Figi":"BBG000BKD3K9"}
{"o":35.53,"c":35.46,"h":35.53,"l":35.44,"v":4018.0,"Time":"2020-12-02T20:00:00Z","Interval":"5min","Figi":"BBG000BKD3K9"}
{"o":35.53,"c":35.46,"h":35.53,"l":35.44,"v":4199.0,"Time":"2020-12-02T20:00:00Z","Interval":"5min","Figi":"BBG000BKD3K9"}
{"o":35.53,"c":35.46,"h":35.53,"l":35.44,"v":4299.0,"Time":"2020-12-02T20:00:00Z","Interval":"5min","Figi":"BBG000BKD3K9"}
{"o":35.53,"c":35.47,"h":35.53,"l":35.44,"v":4399.0,"Time":"2020-12-02T20:00:00Z","Interval":"5min","Figi":"BBG000BKD3K9"}
{"o":35.53,"c":35.46,"h":35.53,"l":35.44,"v":4499.0,"Time":"2020-12-02T20:00:00Z","Interval":"5min","Figi":"BBG000BKD3K9"}
{"o":35.53,"c":35.46,"h":35.53,"l":35.44,"v":4599.0,"Time":"2020-12-02T20:00:00Z","Interval":"5min","Figi":"BBG000BKD3K9"}
{"o":35.53,"c":35.46,"h":35.53,"l":35.44,"v":4699.0,"Time":"2020-12-02T20:00:00Z","Interval":"5min","Figi":"BBG000BKD3K9"}
{"o":35.53,"c":35.46,"h":35.53,"l":35.44,"v":4799.0,"Time":"2020-12-02T20:00:00Z","Interval":"5min","Figi":"BBG000BKD3K9"}
{"o":35.53,"c":35.47,"h":35.53,"l":35.44,"v":4831.0,"Time":"2020-12-02T20:00:00Z","Interval":"5min","Figi":"BBG000BKD3K9"}
{"o":35.53,"c":35.47,"h":35.53,"l":35.44,"v":4931.0,"Time":"2020-12-02T20:00:00Z","Interval":"5min","Figi":"BBG000BKD3K9"}
{"o":35.53,"c":35.46,"h":35.53,"l":35.44,"v":5031.0,"Time":"2020-12-02T20:00:00Z","Interval":"5min","Figi":"BBG000BKD3K9"}
{"o":35.53,"c":35.46,"h":35.53,"l":35.44,"v":5131.0,"Time":"2020-12-02T20:00:00Z","Interval":"5min","Figi":"BBG000BKD3K9"}
{"o":35.53,"c":35.46,"h":35.53,"l":35.44,"v":5231.0,"Time":"2020-12-02T20:00:00Z","Interval":"5min","Figi":"BBG000BKD3K9"}
{"o":35.53,"c":35.47,"h":35.53,"l":35.44,"v":5240.0,"Time":"2020-12-02T20:00:00Z","Interval":"5min","Figi":"BBG000BKD3K9"}
{"o":35.53,"c":35.46,"h":35.53,"l":35.44,"v":5341.0,"Time":"2020-12-02T20:00:00Z","Interval":"5min","Figi":"BBG000BKD3K9"}
{"o":35.53,"c":35.46,"h":35.53,"l":35.44,"v":5640.0,"Time":"2020-12-02T20:00:00Z","Interval":"5min","Figi":"BBG000BKD3K9"}
{"o":35.46,"c":35.46,"h":35.46,"l":35.46,"v":200.0,"Time":"2020-12-02T20:05:00Z","Interval":"5min","Figi":"BBG000BKD3K9"}
{"o":35.46,"c":35.46,"h":35.46,"l":35.46,"v":220.0,"Time":"2020-12-02T20:05:00Z","Interval":"5min","Figi":"BBG000BKD3K9"}
{"o":35.46,"c":35.45,"h":35.46,"l":35.45,"v":631.0,"Time":"2020-12-02T20:05:00Z","Interval":"5min","Figi":"BBG000BKD3K9"}
{"o":35.46,"c":35.44,"h":35.46,"l":35.44,"v":731.0,"Time":"2020-12-02T20:05:00Z","Interval":"5min","Figi":"BBG000BKD3K9"}
{"o":35.46,"c":35.43,"h":35.46,"l":35.43,"v":931.0,"Time":"2020-12-02T20:05:00Z","Interval":"5min","Figi":"BBG000BKD3K9"}
{"o":35.46,"c":35.43,"h":35.46,"l":35.43,"v":993.0,"Time":"2020-12-02T20:05:00Z","Interval":"5min","Figi":"BBG000BKD3K9"}
{"o":35.46,"c":35.43,"h":35.46,"l":35.43,"v":1031.0,"Time":"2020-12-02T20:05:00Z","Interval":"5min","Figi":"BBG000BKD3K9"}
{"o":35.46,"c":35.4,"h":35.46,"l":35.4,"v":1331.0,"Time":"2020-12-02T20:05:00Z","Interval":"5min","Figi":"BBG000BKD3K9"}
{"o":35.46,"c":35.39,"h":35.46,"l":35.39,"v":1545.0,"Time":"2020-12-02T20:05:00Z","Interval":"5min","Figi":"BBG000BKD3K9"}
{"o":35.46,"c":35.41,"h":35.46,"l":35.39,"v":1547.0,"Time":"2020-12-02T20:05:00Z","Interval":"5min","Figi":"BBG000BKD3K9"}
{"o":35.46,"c":35.39,"h":35.46,"l":35.39,"v":1592.0,"Time":"2020-12-02T20:05:00Z","Interval":"5min","Figi":"BBG000BKD3K9"}
{"o":35.46,"c":35.39,"h":35.46,"l":35.39,"v":1665.0,"Time":"2020-12-02T20:05:00Z","Interval":"5min","Figi":"BBG000BKD3K9"}
{"o":35.46,"c":35.38,"h":35.46,"l":35.38,"v":1908.0,"Time":"2020-12-02T20:05:00Z","Interval":"5min","Figi":"BBG000BKD3K9"}
{"o":35.46,"c":35.36,"h":35.46,"l":35.36,"v":1958.0,"Time":"2020-12-02T20:05:00Z","Interval":"5min","Figi":"BBG000BKD3K9"}
{"o":35.46,"c":35.36,"h":35.46,"l":35.36,"v":2183.0,"Time":"2020-12-02T20:05:00Z","Interval":"5min","Figi":"BBG000BKD3K9"}
{"o":35.46,"c":35.36,"h":35.46,"l":35.36,"v":2259.0,"Time":"2020-12-02T20:05:00Z","Interval":"5min","Figi":"BBG000BKD3K9"}
{"o":35.46,"c":35.36,"h":35.46,"l":35.36,"v":2280.0,"Time":"2020-12-02T20:05:00Z","Interval":"5min","Figi":"BBG000BKD3K9"}
{"o":35.46,"c":35.36,"h":35.46,"l":35.36,"v":2311.0,"Time":"2020-12-02T20:05:00Z","Interval":"5min","Figi":"BBG000BKD3K9"}
{"o":35.46,"c":35.38,"h":35.46,"l":35.36,"v":2438.0,"Time":"2020-12-02T20:05:00Z","Interval":"5min","Figi":"BBG000BKD3K9"}
{"o":35.46,"c":35.38,"h":35.46,"l":35.36,"v":2498.0,"Time":"2020-12-02T20:05:00Z","Interval":"5min","Figi":"BBG000BKD3K9"}
{"o":35.46,"c":35.39,"h":35.46,"l":35.36,"v":2618.0,"Time":"2020-12-02T20:05:00Z","Interval":"5min","Figi":"BBG000BKD3K9"}
{"o":35.46,"c":35.38,"h":35.46,"l":35.36,"v":2758.0,"Time":"2020-12-02T20:05:00Z","Interval":"5min","Figi":"BBG000BKD3K9"}
{"o":35.46,"c":35.38,"h":35.46,"l":35.36,"v":2808.0,"Time":"2020-12-02T20:05:00Z","Interval":"5min","Figi":"BBG000BKD3K9"}
{"o":35.46,"c":35.38,"h":35.46,"l":35.36,"v":2818.0,"Time":"2020-12-02T20:05:00Z","Interval":"5min","Figi":"BBG000BKD3K9"}
{"o":35.46,"c":35.4,"h":35.46,"l":35.36,"v":2819.0,"Time":"2020-12-02T20:05:00Z","Interval":"5min","Figi":"BBG000BKD3K9"}
{"o":35.46,"c":35.4,"h":35.46,"l":35.36,"v":3034.0,"Time":"2020-12-02T20:05:00Z","Interval":"5min","Figi":"BBG000BKD3K9"}
{"o":35.46,"c":35.39,"h":35.46,"l":35.36,"v":3184.0,"Time":"2020-12-02T20:05:00Z","Interval":"5min","Figi":"BBG000BKD3K9"}
{"o":35.46,"c":35.4,"h":35.46,"l":35.36,"v":3368.0,"Time":"2020-12-02T20:05:00Z","Interval":"5min","Figi":"BBG000BKD3K9"}
{"o":35.46,"c":35.4,"h":35.46,"l":35.36,"v":3407.0,"Time":"2020-12-02T20:05:00Z","Interval":"5min","Figi":"BBG000BKD3K9"}
{"o":35.46,"c":35.38,"h":35.46,"l":35.36,"v":3908.0,"Time":"2020-12-02T20:05:00Z","Interval":"5min","Figi":"BBG000BKD3K9"}
{"o":35.46,"c":35.38,"h":35.46,"l":35.36,"v":4228.0,"Time":"2020-12-02T20:05:00Z","Interval":"5min","Figi":"BBG000BKD3K9"}
{"o":35.46,"c":35.39,"h":35.46,"l":35.36,"v":4328.0,"Time":"2020-12-02T20:05:00Z","Interval":"5min","Figi":"BBG000BKD3K9"}
{"o":35.46,"c":35.41,"h":35.46,"l":35.36,"v":4465.0,"Time":"2020-12-02T20:05:00Z","Interval":"5min","Figi":"BBG000BKD3K9"}
{"o":35.46,"c":35.4,"h":35.46,"l":35.36,"v":4865.0,"Time":"2020-12-02T20:05:00Z","Interval":"5min","Figi":"BBG000BKD3K9"}
{"o":35.42,"c":35.42,"h":35.42,"l":35.42,"v":34.0,"Time":"2020-12-02T20:10:00Z","Interval":"5min","Figi":"BBG000BKD3K9"}
{"o":35.42,"c":35.44,"h":35.44,"l":35.42,"v":144.0,"Time":"2020-12-02T20:10:00Z","Interval":"5min","Figi":"BBG000BKD3K9"}
{"o":35.42,"c":35.44,"h":35.44,"l":35.42,"v":244.0,"Time":"2020-12-02T20:10:00Z","Interval":"5min","Figi":"BBG000BKD3K9"}
{"o":35.42,"c":35.43,"h":35.44,"l":35.42,"v":644.0,"Time":"2020-12-02T20:10:00Z","Interval":"5min","Figi":"BBG000BKD3K9"}
{"o":35.42,"c":35.43,"h":35.44,"l":35.42,"v":744.0,"Time":"2020-12-02T20:10:00Z","Interval":"5min","Figi":"BBG000BKD3K9"}
{"o":35.42,"c":35.43,"h":35.44,"l":35.42,"v":844.0,"Time":"2020-12-02T20:10:00Z","Interval":"5min","Figi":"BBG000BKD3K9"}
{"o":35.42,"c":35.44,"h":35.44,"l":35.42,"v":944.0,"Time":"2020-12-02T20:10:00Z","Interval":"5min","Figi":"BBG000BKD3K9"}
{"o":35.42,"c":35.44,"h":35.44,"l":35.42,"v":945.0,"Time":"2020-12-02T20:10:00Z","Interval":"5min","Figi":"BBG000BKD3K9"}
{"o":35.42,"c":35.45,"h":35.45,"l":35.42,"v":946.0,"Time":"2020-12-02T20:10:00Z","Interval":"5min","Figi":"BBG000BKD3K9"}
{"o":35.42,"c":35.45,"h":35.45,"l":35.42,"v":1148.0,"Time":"2020-12-02T20:10:00Z","Interval":"5min","Figi":"BBG000BKD3K9"}
{"o":35.42,"c":35.46,"h":35.46,"l":35.42,"v":1198.0,"Time":"2020-12-02T20:10:00Z","Interval":"5min","Figi":"BBG000BKD3K9"}
{"o":35.42,"c":35.47,"h":35.47,"l":35.42,"v":1208.0,"Time":"2020-12-02T20:10:00Z","Interval":"5min","Figi":"BBG000BKD3K9"}
{"o":35.42,"c":35.47,"h":35.47,"l":35.42,"v":1592.0,"Time":"2020-12-02T20:10:00Z","Interval":"5min","Figi":"BBG000BKD3K9"}
{"o":35.42,"c":35.45,"h":35.47,"l":35.42,"v":1656.0,"Time":"2020-12-02T20:10:00Z","Interval":"5min","Figi":"BBG000BKD3K9"}
{"o":35.42,"c":35.45,"h":35.47,"l":35.42,"v":2092.0,"Time":"2020-12-02T20:10:00Z","Interval":"5min","Figi":"BBG000BKD3K9"}
{"o":35.42,"c":35.44,"h":35.47,"l":35.42,"v":2292.0,"Time":"2020-12-02T20:10:00Z","Interval":"5min","Figi":"BBG000BKD3K9"}
{"o":35.42,"c":35.44,"h":35.47,"l":35.42,"v":2393.0,"Time":"2020-12-02T20:10:00Z","Interval":"5min","Figi":"BBG000BKD3K9"}
{"o":35.42,"c":35.43,"h":35.47,"l":35.42,"v":2612.0,"Time":"2020-12-02T20:10:00Z","Interval":"5min","Figi":"BBG000BKD3K9"}
{"o":35.42,"c":35.42,"h":35.47,"l":35.42,"v":2617.0,"Time":"2020-12-02T20:10:00Z","Interval":"5min","Figi":"BBG000BKD3K9"}
{"o":35.42,"c":35.42,"h":35.47,"l":35.42,"v":2759.0,"Time":"2020-12-02T20:10:00Z","Interval":"5min","Figi":"BBG000BKD3K9"}
{"o":35.42,"c":35.4,"h":35.47,"l":35.4,"v":2788.0,"Time":"2020-12-02T20:10:00Z","Interval":"5min","Figi":"BBG000BKD3K9"}
{"o":35.42,"c":35.4,"h":35.47,"l":35.4,"v":3019.0,"Time":"2020-12-02T20:10:00Z","Interval":"5min","Figi":"BBG000BKD3K9"}
{"o":35.42,"c":35.39,"h":35.47,"l":35.39,"v":3319.0,"Time":"2020-12-02T20:10:00Z","Interval":"5min","Figi":"BBG000BKD3K9"}
{"o":35.42,"c":35.39,"h":35.47,"l":35.39,"v":3579.0,"Time":"2020-12-02T20:10:00Z","Interval":"5min","Figi":"BBG000BKD3K9"}
{"o":35.42,"c":35.37,"h":35.47,"l":35.37,"v":4028.0,"Time":"2020-12-02T20:10:00Z","Interval":"5min","Figi":"BBG000BKD3K9"}
{"o":35.42,"c":35.39,"h":35.47,"l":35.37,"v":4159.0,"Time":"2020-12-02T20:10:00Z","Interval":"5min","Figi":"BBG000BKD3K9"}
{"o":35.42,"c":35.41,"h":35.47,"l":35.37,"v":4259.0,"Time":"2020-12-02T20:10:00Z","Interval":"5min","Figi":"BBG000BKD3K9"}
{"o":35.42,"c":35.4,"h":35.47,"l":35.37,"v":4359.0,"Time":"2020-12-02T20:10:00Z","Interval":"5min","Figi":"BBG000BKD3K9"}
{"o":35.42,"c":35.4,"h":35.47,"l":35.37,"v":4541.0,"Time":"2020-12-02T20:10:00Z","Interval":"5min","Figi":"BBG000BKD3K9"}
{"o":35.42,"c":35.4,"h":35.47,"l":35.37,"v":4742.0,"Time":"2020-12-02T20:10:00Z","Interval":"5min","Figi":"BBG000BKD3K9"}
{"o":35.42,"c":35.4,"h":35.47,"l":35.37,"v":4743.0,"Time":"2020-12-02T20:10:00Z","Interval":"5min","Figi":"BBG000BKD3K9"}
{"o":35.42,"c":35.39,"h":35.47,"l":35.37,"v":4776.0,"Time":"2020-12-02T20:10:00Z","Interval":"5min","Figi":"BBG000BKD3K9"}
{"o":35.42,"c":35.39,"h":35.47,"l":35.37,"v":4873.0,"Time":"2020-12-02T20:10:00Z","Interval":"5min","Figi":"BBG000BKD3K9"}
{"o":35.42,"c":35.39,"h":35.47,"l":35.37,"v":5143.0,"Time":"2020-12-02T20:10:00Z","Interval":"5min","Figi":"BBG000BKD3K9"}
{"o":35.42,"c":35.38,"h":35.47,"l":35.37,"v":5206.0,"Time":"2020-12-02T20:10:00Z","Interval":"5min","Figi":"BBG000BKD3K9"}
{"o":35.4,"c":35.41,"h":35.41,"l":35.4,"v":411.0,"Time":"2020-12-02T20:15:00Z","Interval":"5min","Figi":"BBG000BKD3K9"}
{"o":35.4,"c":35.41,"h":35.41,"l":35.4,"v":412.0,"Time":"2020-12-02T20:15:00Z","Interval":"5min","Figi":"BBG000BKD3K9"}
{"o":35.4,"c":35.39,"h":35.41,"l":35.39,"v":481.0,"Time":"2020-12-02T20:15:00Z","Interval":"5min","Figi":"BBG000BKD3K9"}
{"o":35.4,"c":35.4,"h":35.41,"l":35.39,"v":611.0,"Time":"2020-12-02T20:15:00Z","Interval":"5min","Figi":"BBG000BKD3K9"}
{"o":35.4,"c":35.42,"h":35.42,"l":35.39,"v":811.0,"Time":"2020-12-02T20:15:00Z","Interval":"5min","Figi":"BBG000BKD3K9"}
{"o":35.4,"c":35.43,"h":35.43,"l":35.39,"v":953.0,"Time":"2020-12-02T20:15:00Z","Interval":"5min","Figi":"BBG000BKD3K9"}
{"o":35.4,"c":35.43,"h":35.43,"l":35.39,"v":1053.0,"Time":"2020-12-02T20:15:00Z","Interval":"5min","Figi":"BBG000BKD3K9"}
{"o":35.4,"c":35.42,"h":35.43,"l":35.39,"v":1426.0,"Time":"2020-12-02T20:15:00Z","Interval":"5min","Figi":"BBG000BKD3K9"}
{"o":35.4,"c":35.43,"h":35.43,"l":35.39,"v":1495.0,"Time":"2020-12-02T20:15:00Z","Interval":"5min","Figi":"BBG000BKD3K9"}
{"o":35.4,"c":35.43,"h":35.43,"l":35.39,"v":1496.0,"Time":"2020-12-02T20:15:00Z","Interval":"5min","Figi":"BBG000BKD3K9"}
{"o":35.4,"c":35.43,"h":35.43,"l":35.39,"v":1696.0,"Time":"2020-12-02T20:15:00Z","Interval":"5min","Figi":"BBG000BKD3K9"}
{"o":35.4,"c":35.44,"h":35.44,"l":35.39,"v":1718.0,"Time":"2020-12-02T20:15:00Z","Interval":"5min","Figi":"BBG000BKD3K9"}
{"o":35.4,"c":35.44,"h":35.44,"l":35.39,"v":1796.0,"Time":"2020-12-02T20:15:00Z","Interval":"5min","Figi":"BBG000BKD3K9"}
{"o":35.4,"c":35.43,"h":35.44,"l":35.39,"v":2041.0,"Time":"2020-12-02T20:15:00Z","Interval":"5min","Figi":"BBG000BKD3K9"}
{"o":35.4,"c":35.43,"h":35.44,"l":35.39,"v":2297.0,"Time":"2020-12-02T20:15:00Z","Interval":"5min","Figi":"BBG000BKD3K9"}
{"o":35.4,"c":35.42,"h":35.44,"l":35.39,"v":2363.0,"Time":"2020-12-02T20:15:00Z","Interval":"5min","Figi":"BBG000BKD3K9"}
{"o":35.4,"c":35.42,"h":35.44,"l":35.39,"v":2397.0,"Time":"2020-12-02T20:15:00Z","Interval":"5min","Figi":"BBG000BKD3K9"}
{"o":35.4,"c":35.38,"h":35.44,"l":35.38,"v":2997.0,"Time":"2020-12-02T20:15:00Z","Interval":"5min","Figi":"BBG000BKD3K9"}
{"o":35.4,"c":35.37,"h":35.44,"l":35.37,"v":3259.0,"Time":"2020-12-02T20:15:00Z","Interval":"5min","Figi":"BBG000BKD3K9"}
{"o":35.4,"c":35.4,"h":35.44,"l":35.37,"v":3260.0,"Time":"2020-12-02T20:15:00Z","Interval":"5min","Figi":"BBG000BKD3K9"}
{"o":35.4,"c":35.37,"h":35.44,"l":35.37,"v":3266.0,"Time":"2020-12-02T20:15:00Z","Interval":"5min","Figi":"BBG000BKD3K9"}
{"o":35.4,"c":35.38,"h":35.44,"l":35.37,"v":3366.0,"Time":"2020-12-02T20:15:00Z","Interval":"5min","Figi":"BBG000BKD3K9"}
{"o":35.4,"c":35.38,"h":35.44,"l":35.37,"v":3516.0,"Time":"2020-12-02T20:15:00Z","Interval":"5min","Figi":"BBG000BKD3K9"}
{"o":35.4,"c":35.37,"h":35.44,"l":35.37,"v":4066.0,"Time":"2020-12-02T20:15:00Z","Interval":"5min","Figi":"BBG000BKD3K9"}
{"o":35.4,"c":35.36,"h":35.44,"l":35.36,"v":4359.0,"Time":"2020-12-02T20:15:00Z","Interval":"5min","Figi":"BBG000BKD3K9"}
{"o":35.4,"c":35.36,"h":35.44,"l":35.36,"v":4366.0,"Time":"2020-12-02T20:15:00Z","Interval":"5min","Figi":"BBG000BKD3K9"}
{"o":35.4,"c":35.36,"h":35.44,"l":35.36,"v":4466.0,"Time":"2020-12-02T20:15:00Z","Interval":"5min","Figi":"BBG000BKD3K9"}
{"o":35.4,"c":35.36,"h":35.44,"l":35.36,"v":4566.0,"Time":"2020-12-02T20:15:00Z","Interval":"5min","Figi":"BBG000BKD3K9"}
{"o":35.4,"c":35.34,"h":35.44,"l":35.34,"v":4646.0,"Time":"2020-12-02T20:15:00Z","Interval":"5min","Figi":"BBG000BKD3K9"}
{"o":35.4,"c":35.34,"h":35.44,"l":35.34,"v":4746.0,"Time":"2020-12-02T20:15:00Z","Interval":"5min","Figi":"BBG000BKD3K9"}
{"o":35.4,"c":35.33,"h":35.44,"l":35.33,"v":4776.0,"Time":"2020-12-02T20:15:00Z","Interval":"5min","Figi":"BBG000BKD3K9"}
{"o":35.4,"c":35.33,"h":35.44,"l":35.32,"v":4896.0,"Time":"2020-12-02T20:15:00Z","Interval":"5min","Figi":"BBG000BKD3K9"}
{"o":35.4,"c":35.35,"h":35.44,"l":35.32,"v":4897.0,"Time":"2020-12-02T20:15:00Z","Interval":"5min","Figi":"BBG000BKD3K9"}
{"o":35.4,"c":35.35,"h":35.44,"l":35.32,"v":4998.0,"Time":"2020-12-02T20:15:00Z","Interval":"5min","Figi":"BBG000BKD3K9"}
{"o":35.4,"c":35.37,"h":35.44,"l":35.32,"v":5397.0,"Time":"2020-12-02T20:15:00Z","Interval":"5min","Figi":"BBG000BKD3K9"}
{"o":35.4,"c":35.37,"h":35.44,"l":35.32,"v":5897.0,"Time":"2020-12-02T20:15:00Z","Interval":"5min","Figi":"BBG000BKD3K9"}
{"o":35.4,"c":35.37,"h":35.44,"l":35.32,"v":5929.0,"Time":"2020-12-02T20:15:00Z","Interval":"5min","Figi":"BBG000BKD3K9"}
{"o":35.4,"c":35.38,"h":35.44,"l":35.32,"v":5930.0,"Time":"2020-12-02T20:15:00Z","Interval":"5min","Figi":"BBG000BKD3K9"}
{"o":35.4,"c":35.34,"h":35.44,"l":35.32,"v":6331.0,"Time":"2020-12-02T20:15:00Z","Interval":"5min","Figi":"BBG000BKD3K9"}
{"o":35.4,"c":35.34,"h":35.44,"l":35.32,"v":6441.0,"Time":"2020-12-02T20:15:00Z","Interval":"5min","Figi":"BBG000BKD3K9"}
{"o":35.4,"c":35.33,"h":35.44,"l":35.32,"v":6449.0,"Time":"2020-12-02T20:15:00Z","Interval":"5min","Figi":"BBG000BKD3K9"}
{"o":35.4,"c":35.33,"h":35.44,"l":35.32,"v":6594.0,"Time":"2020-12-02T20:15:00Z","Interval":"5min","Figi":"BBG000BKD3K9"}
{"o":35.4,"c":35.33,"h":35.44,"l":35.32,"v":6703.0,"Time":"2020-12-02T20:15:00Z","Interval":"5min","Figi":"BBG000BKD3K9"}
{"o":35.4,"c":35.33,"h":35.44,"l":35.32,"v":6805.0,"Time":"2020-12-02T20:15:00Z","Interval":"5min","Figi":"BBG000BKD3K9"}
{"o":35.4,"c":35.34,"h":35.44,"l":35.32,"v":7005.0,"Time":"2020-12-02T20:15:00Z","Interval":"5min","Figi":"BBG000BKD3K9"}
{"o":35.4,"c":35.35,"h":35.44,"l":35.32,"v":7013.0,"Time":"2020-12-02T20:15:00Z","Interval":"5min","Figi":"BBG000BKD3K9"}
{"o":35.4,"c":35.36,"h":35.44,"l":35.32,"v":7721.0,"Time":"2020-12-02T20:15:00Z","Interval":"5min","Figi":"BBG000BKD3K9"}
{"o":35.4,"c":35.35,"h":35.44,"l":35.32,"v":7921.0,"Time":"2020-12-02T20:15:00Z","Interval":"5min","Figi":"BBG000BKD3K9"}
{"o":35.4,"c":35.34,"h":35.44,"l":35.32,"v":7947.0,"Time":"2020-12-02T20:15:00Z","Interval":"5min","Figi":"BBG000BKD3K9"}
{"o":35.4,"c":35.3,"h":35.44,"l":35.3,"v":8007.0,"Time":"2020-12-02T20:15:00Z","Interval":"5min","Figi":"BBG000BKD3K9"}
{"o":35.4,"c":35.33,"h":35.44,"l":35.3,"v":8029.0,"Time":"2020-12-02T20:15:00Z","Interval":"5min","Figi":"BBG000BKD3K9"}
{"o":35.4,"c":35.33,"h":35.44,"l":35.3,"v":8107.0,"Time":"2020-12-02T20:15:00Z","Interval":"5min","Figi":"BBG000BKD3K9"}
{"o":35.33,"c":35.33,"h":35.33,"l":35.33,"v":1.0,"Time":"2020-12-02T20:20:00Z","Interval":"5min","Figi":"BBG000BKD3K9"}
{"o":35.33,"c":35.34,"h":35.34,"l":35.33,"v":104.0,"Time":"2020-12-02T20:20:00Z","Interval":"5min","Figi":"BBG000BKD3K9"}
{"o":35.33,"c":35.35,"h":35.35,"l":35.33,"v":105.0,"Time":"2020-12-02T20:20:00Z","Interval":"5min","Figi":"BBG000BKD3K9"}
{"o":35.33,"c":35.35,"h":35.35,"l":35.33,"v":207.0,"Time":"2020-12-02T20:20:00Z","Interval":"5min","Figi":"BBG000BKD3K9"}
{"o":35.33,"c":35.34,"h":35.35,"l":35.33,"v":339.0,"Time":"2020-12-02T20:20:00Z","Interval":"5min","Figi":"BBG000BKD3K9"}
{"o":35.33,"c":35.34,"h":35.35,"l":35.33,"v":439.0,"Time":"2020-12-02T20:20:00Z","Interval":"5min","Figi":"BBG000BKD3K9"}
{"o":35.33,"c":35.33,"h":35.35,"l":35.33,"v":538.0,"Time":"2020-12-02T20:20:00Z","Interval":"5min","Figi":"BBG000BKD3K9"}
{"o":35.33,"c":35.33,"h":35.35,"l":35.33,"v":549.0,"Time":"2020-12-02T20:20:00Z","Interval":"5min","Figi":"BBG000BKD3K9"}
{"o":35.33,"c":35.35,"h":35.35,"l":35.33,"v":550.0,"Time":"2020-12-02T20:20:00Z","Interval":"5min","Figi":"BBG000BKD3K9"}
{"o":35.33,"c":35.36,"h":35.36,"l":35.33,"v":570.0,"Time":"2020-12-02T20:20:00Z","Interval":"5min","Figi":"BBG000BKD3K9"}
{"o":35.33,"c":35.35,"h":35.36,"l":35.33,"v":1070.0,"Time":"2020-12-02T20:20:00Z","Interval":"5min","Figi":"BBG000BKD3K9"}
{"o":35.33,"c":35.36,"h":35.36,"l":35.33,"v":1201.0,"Time":"2020-12-02T20:20:00Z","Interval":"5min","Figi":"BBG000BKD3K9"}
{"o":35.33,"c":35.37,"h":35.37,"l":35.33,"v":1203.0,"Time":"2020-12-02T20:20:00Z","Interval":"5min","Figi":"BBG000BKD3K9"}
{"o":35.33,"c":35.37,"h":35.37,"l":35.33,"v":1303.0,"Time":"2020-12-02T20:20:00Z","Interval":"5min","Figi":"BBG000BKD3K9"}
{"o":35.33,"c":35.36,"h":35.37,"l":35.33,"v":2003.0,"Time":"2020-12-02T20:20:00Z","Interval":"5min","Figi":"BBG000BKD3K9"}
{"o":35.33,"c":35.36,"h":35.37,"l":35.33,"v":2103.0,"Time":"2020-12-02T20:20:00Z","Interval":"5min","Figi":"BBG000BKD3K9"}
{"o":35.33,"c":35.36,"h":35.37,"l":35.33,"v":2203.0,"Time":"2020-12-02T20:20:00Z","Interval":"5min","Figi":"BBG000BKD3K9"}
{"o":35.33,"c":35.37,"h":35.37,"l":35.33,"v":2204.0,"Time":"2020-12-02T20:20:00Z","Interval":"5min","Figi":"BBG000BKD3K9"}
