{"o":81.54,"c":81.49,"h":81.56,"l":81.49,"v":1360.0,"Time":"2020-12-02T19:25:00Z","Interval":"5min","Figi":"BBG000QBR5J5"}
{"o":81.54,"c":81.52,"h":81.56,"l":81.49,"v":1361.0,"Time":"2020-12-02T19:25:00Z","Interval":"5min","Figi":"BBG000QBR5J5"}
{"o":81.54,"c":81.52,"h":81.56,"l":81.49,"v":1503.0,"Time":"2020-12-02T19:25:00Z","Interval":"5min","Figi":"BBG000QBR5J5"}
{"o":81.54,"c":81.53,"h":81.56,"l":81.49,"v":1604.0,"Time":"2020-12-02T19:25:00Z","Interval":"5min","Figi":"BBG000QBR5J5"}
{"o":81.54,"c":81.52,"h":81.56,"l":81.49,"v":1704.0,"Time":"2020-12-02T19:25:00Z","Interval":"5min","Figi":"BBG000QBR5J5"}
{"o":81.54,"c":81.51,"h":81.56,"l":81.49,"v":1817.0,"Time":"2020-12-02T19:25:00Z","Interval":"5min","Figi":"BBG000QBR5J5"}
{"o":81.54,"c":81.51,"h":81.56,"l":81.49,"v":1833.0,"Time":"2020-12-02T19:25:00Z","Interval":"5min","Figi":"BBG000QBR5J5"}
{"o":81.54,"c":81.51,"h":81.56,"l":81.49,"v":1866.0,"Time":"2020-12-02T19:25:00Z","Interval":"5min","Figi":"BBG000QBR5J5"}
{"o":81.54,"c":81.5,"h":81.56,"l":81.49,"v":1886.0,"Time":"2020-12-02T19:25:00Z","Interval":"5min","Figi":"BBG000QBR5J5"}
{"o":81.54,"c":81.49,"h":81.56,"l":81.49,"v":1986.0,"Time":"2020-12-02T19:25:00Z","Interval":"5min","Figi":"BBG000QBR5J5"}
{"o":81.54,"c":81.48,"h":81.56,"l":81.48,"v":2086.0,"Time":"2020-12-02T19:25:00Z","Interval":"5min","Figi":"BBG000QBR5J5"}
{"o":81.54,"c":81.47,"h":81.56,"l":81.47,"v":2136.0,"Time":"2020-12-02T19:25:00Z","Interval":"5min","Figi":"BBG000QBR5J5"}
{"o":81.54,"c":81.47,"h":81.56,"l":81.47,"v":2286.0,"Time":"2020-12-02T19:25:00Z","Interval":"5min","Figi":"BBG000QBR5J5"}
{"o":81.54,"c":81.48,"h":81.56,"l":81.47,"v":2436.0,"Time":"2020-12-02T19:25:00Z","Interval":"5min","Figi":"BBG000QBR5J5"}
{"o":81.54,"c":81.49,"h":81.56,"l":81.47,"v":2486.0,"Time":"2020-12-02T19:25:00Z","Interval":"5min","Figi":"BBG000QBR5J5"}
{"o":81.54,"c":81.49,"h":81.56,"l":81.47,"v":2636.0,"Time":"2020-12-02T19:25:00Z","Interval":"5min","Figi":"BBG000QBR5J5"}
{"o":81.54,"c":81.5,"h":81.56,"l":81.47,"v":2637.0,"Time":"2020-12-02T19:25:00Z","Interval":"5min","Figi":"BBG000QBR5J5"}
{"o":81.54,"c":81.54,"h":81.56,"l":81.47,"v":2770.0,"Time":"2020-12-02T19:25:00Z","Interval":"5min","Figi":"BBG000QBR5J5"}
{"o":81.54,"c":81.56,"h":81.56,"l":81.47,"v":2911.0,"Time":"2020-12-02T19:25:00Z","Interval":"5min","Figi":"BBG000QBR5J5"}
{"o":81.54,"c":81.57,"h":81.57,"l":81.47,"v":2976.0,"Time":"2020-12-02T19:25:00Z","Interval":"5min","Figi":"BBG000QBR5J5"}
{"o":81.54,"c":81.57,"h":81.57,"l":81.47,"v":2985.0,"Time":"2020-12-02T19:25:00Z","Interval":"5min","Figi":"BBG000QBR5J5"}
{"o":81.54,"c":81.57,"h":81.57,"l":81.47,"v":3011.0,"Time":"2020-12-02T19:25:00Z","Interval":"5min","Figi":"BBG000QBR5J5"}
{"o":81.54,"c":81.57,"h":81.57,"l":81.47,"v":3012.0,"Time":"2020-12-02T19:25:00Z","Interval":"5min","Figi":"BBG000QBR5J5"}
{"o":81.54,"c":81.58,"h":81.58,"l":81.47,"v":3112.0,"Time":"2020-12-02T19:25:00Z","Interval":"5min","Figi":"BBG000QBR5J5"}
{"o":81.54,"c":81.6,"h":81.62,"l":81.47,"v":3138.0,"Time":"2020-12-02T19:25:00Z","Interval":"5min","Figi":"BBG000QBR5J5"}
{"o":81.54,"c":81.6,"h":81.62,"l":81.47,"v":3205.0,"Time":"2020-12-02T19:25:00Z","Interval":"5min","Figi":"BBG000QBR5J5"}
{"o":81.54,"c":81.6,"h":81.62,"l":81.47,"v":3214.0,"Time":"2020-12-02T19:25:00Z","Interval":"5min","Figi":"BBG000QBR5J5"}
{"o":81.54,"c":81.61,"h":81.62,"l":81.47,"v":3314.0,"Time":"2020-12-02T19:25:00Z","Interval":"5min","Figi":"BBG000QBR5J5"}
{"o":81.54,"c":81.6,"h":81.62,"l":81.47,"v":3480.0,"Time":"2020-12-02T19:25:00Z","Interval":"5min","Figi":"BBG000QBR5J5"}
{"o":81.54,"c":81.6,"h":81.62,"l":81.47,"v":3580.0,"Time":"2020-12-02T19:25:00Z","Interval":"5min","Figi":"BBG000QBR5J5"}
{"o":81.54,"c":81.59,"h":81.62,"l":81.47,"v":3680.0,"Time":"2020-12-02T19:25:00Z","Interval":"5min","Figi":"BBG000QBR5J5"}
{"o":81.6,"c":81.6,"h":81.6,"l":81.6,"v":71.0,"Time":"2020-12-02T19:30:00Z","Interval":"5min","Figi":"BBG000QBR5J5"}
{"o":81.6,"c":81.63,"h":81.63,"l":81.6,"v":76.0,"Time":"2020-12-02T19:30:00Z","Interval":"5min","Figi":"BBG000QBR5J5"}
{"o":81.6,"c":81.62,"h":81.63,"l":81.6,"v":226.0,"Time":"2020-12-02T19:30:00Z","Interval":"5min","Figi":"BBG000QBR5J5"}
{"o":81.6,"c":81.62,"h":81.63,"l":81.6,"v":377.0,"Time":"2020-12-02T19:30:00Z","Interval":"5min","Figi":"BBG000QBR5J5"}
{"o":81.6,"c":81.62,"h":81.63,"l":81.6,"v":477.0,"Time":"2020-12-02T19:30:00Z","Interval":"5min","Figi":"BBG000QBR5J5"}
{"o":81.6,"c":81.64,"h":81.64,"l":81.6,"v":478.0,"Time":"2020-12-02T19:30:00Z","Interval":"5min","Figi":"BBG000QBR5J5"}
{"o":81.6,"c":81.67,"h":81.67,"l":81.6,"v":1014.0,"Time":"2020-12-02T19:30:00Z","Interval":"5min","Figi":"BBG000QBR5J5"}
{"o":81.6,"c":81.68,"h":81.68,"l":81.6,"v":1114.0,"Time":"2020-12-02T19:30:00Z","Interval":"5min","Figi":"BBG000QBR5J5"}
{"o":81.6,"c":81.69,"h":81.69,"l":81.6,"v":1214.0,"Time":"2020-12-02T19:30:00Z","Interval":"5min","Figi":"BBG000QBR5J5"}
{"o":81.6,"c":81.7,"h":81.7,"l":81.6,"v":1215.0,"Time":"2020-12-02T19:30:00Z","Interval":"5min","Figi":"BBG000QBR5J5"}
{"o":81.6,"c":81.69,"h":81.7,"l":81.6,"v":1334.0,"Time":"2020-12-02T19:30:00Z","Interval":"5min","Figi":"BBG000QBR5J5"}
{"o":81.6,"c":81.7,"h":81.7,"l":81.6,"v":1384.0,"Time":"2020-12-02T19:30:00Z","Interval":"5min","Figi":"BBG000QBR5J5"}
{"o":81.6,"c":81.73,"h":81.73,"l":81.6,"v":1685.0,"Time":"2020-12-02T19:30:00Z","Interval":"5min","Figi":"BBG000QBR5J5"}
{"o":81.6,"c":81.72,"h":81.73,"l":81.6,"v":1785.0,"Time":"2020-12-02T19:30:00Z","Interval":"5min","Figi":"BBG000QBR5J5"}
{"o":81.6,"c":81.74,"h":81.74,"l":81.6,"v":1792.0,"Time":"2020-12-02T19:30:00Z","Interval":"5min","Figi":"BBG000QBR5J5"}
{"o":81.6,"c":81.74,"h":81.74,"l":81.6,"v":1992.0,"Time":"2020-12-02T19:30:00Z","Interval":"5min","Figi":"BBG000QBR5J5"}
{"o":81.6,"c":81.72,"h":81.74,"l":81.6,"v":2209.0,"Time":"2020-12-02T19:30:00Z","Interval":"5min","Figi":"BBG000QBR5J5"}
{"o":81.6,"c":81.75,"h":81.75,"l":81.6,"v":2309.0,"Time":"2020-12-02T19:30:00Z","Interval":"5min","Figi":"BBG000QBR5J5"}
{"o":81.6,"c":81.75,"h":81.75,"l":81.6,"v":2331.0,"Time":"2020-12-02T19:30:00Z","Interval":"5min","Figi":"BBG000QBR5J5"}
{"o":81.6,"c":81.77,"h":81.77,"l":81.6,"v":2431.0,"Time":"2020-12-02T19:30:00Z","Interval":"5min","Figi":"BBG000QBR5J5"}
{"o":81.6,"c":81.78,"h":81.78,"l":81.6,"v":2582.0,"Time":"2020-12-02T19:30:00Z","Interval":"5min","Figi":"BBG000QBR5J5"}
{"o":81.6,"c":81.79,"h":81.79,"l":81.6,"v":2584.0,"Time":"2020-12-02T19:30:00Z","Interval":"5min","Figi":"BBG000QBR5J5"}
{"o":81.6,"c":81.8,"h":81.8,"l":81.6,"v":2594.0,"Time":"2020-12-02T19:30:00Z","Interval":"5min","Figi":"BBG000QBR5J5"}
{"o":81.6,"c":81.8,"h":81.8,"l":81.6,"v":2694.0,"Time":"2020-12-02T19:30:00Z","Interval":"5min","Figi":"BBG000QBR5J5"}
{"o":81.6,"c":81.8,"h":81.8,"l":81.6,"v":2968.0,"Time":"2020-12-02T19:30:00Z","Interval":"5min","Figi":"BBG000QBR5J5"}
{"o":81.6,"c":81.85,"h":81.85,"l":81.6,"v":3343.0,"Time":"2020-12-02T19:30:00Z","Interval":"5min","Figi":"BBG000QBR5J5"}
{"o":81.6,"c":81.87,"h":81.87,"l":81.6,"v":3543.0,"Time":"2020-12-02T19:30:00Z","Interval":"5min","Figi":"BBG000QBR5J5"}
{"o":81.6,"c":81.88,"h":81.88,"l":81.6,"v":3544.0,"Time":"2020-12-02T19:30:00Z","Interval":"5min","Figi":"BBG000QBR5J5"}
{"o":81.87,"c":81.87,"h":81.87,"l":81.87,"v":203.0,"Time":"2020-12-02T19:35:00Z","Interval":"5min","Figi":"BBG000QBR5J5"}
{"o":81.87,"c":81.87,"h":81.87,"l":81.87,"v":619.0,"Time":"2020-12-02T19:35:00Z","Interval":"5min","Figi":"BBG000QBR5J5"}
{"o":81.87,"c":81.86,"h":81.87,"l":81.86,"v":696.0,"Time":"2020-12-02T19:35:00Z","Interval":"5min","Figi":"BBG000QBR5J5"}
{"o":81.87,"c":81.86,"h":81.87,"l":81.86,"v":825.0,"Time":"2020-12-02T19:35:00Z","Interval":"5min","Figi":"BBG000QBR5J5"}
{"o":81.87,"c":81.86,"h":81.87,"l":81.86,"v":835.0,"Time":"2020-12-02T19:35:00Z","Interval":"5min","Figi":"BBG000QBR5J5"}
{"o":81.87,"c":81.85,"h":81.87,"l":81.85,"v":935.0,"Time":"2020-12-02T19:35:00Z","Interval":"5min","Figi":"BBG000QBR5J5"}
{"o":81.87,"c":81.85,"h":81.87,"l":81.85,"v":1035.0,"Time":"2020-12-02T19:35:00Z","Interval":"5min","Figi":"BBG000QBR5J5"}
{"o":81.87,"c":81.85,"h":81.87,"l":81.85,"v":1433.0,"Time":"2020-12-02T19:35:00Z","Interval":"5min","Figi":"BBG000QBR5J5"}
{"o":81.87,"c":81.84,"h":81.87,"l":81.84,"v":1633.0,"Time":"2020-12-02T19:35:00Z","Interval":"5min","Figi":"BBG000QBR5J5"}
{"o":81.87,"c":81.87,"h":81.87,"l":81.84,"v":1733.0,"Time":"2020-12-02T19:35:00Z","Interval":"5min","Figi":"BBG000QBR5J5"}
{"o":81.87,"c":81.88,"h":81.88,"l":81.84,"v":2034.0,"Time":"2020-12-02T19:35:00Z","Interval":"5min","Figi":"BBG000QBR5J5"}
{"o":81.87,"c":81.89,"h":81.89,"l":81.84,"v":2134.0,"Time":"2020-12-02T19:35:00Z","Interval":"5min","Figi":"BBG000QBR5J5"}
{"o":81.87,"c":81.9,"h":81.9,"l":81.84,"v":2334.0,"Time":"2020-12-02T19:35:00Z","Interval":"5min","Figi":"BBG000QBR5J5"}
{"o":81.87,"c":81.96,"h":81.96,"l":81.84,"v":2634.0,"Time":"2020-12-02T19:35:00Z","Interval":"5min","Figi":"BBG000QBR5J5"}
{"o":81.87,"c":81.96,"h":81.96,"l":81.84,"v":2635.0,"Time":"2020-12-02T19:35:00Z","Interval":"5min","Figi":"BBG000QBR5J5"}
{"o":81.87,"c":81.96,"h":81.96,"l":81.84,"v":2735.0,"Time":"2020-12-02T19:35:00Z","Interval":"5min","Figi":"BBG000QBR5J5"}
{"o":81.87,"c":81.95,"h":81.96,"l":81.84,"v":2736.0,"Time":"2020-12-02T19:35:00Z","Interval":"5min","Figi":"BBG000QBR5J5"}
{"o":81.87,"c":81.94,"h":81.96,"l":81.84,"v":2750.0,"Time":"2020-12-02T19:35:00Z","Interval":"5min","Figi":"BBG000QBR5J5"}
{"o":81.87,"c":81.94,"h":81.96,"l":81.84,"v":2935.0,"Time":"2020-12-02T19:35:00Z","Interval":"5min","Figi":"BBG000QBR5J5"}
{"o":81.87,"c":81.94,"h":81.96,"l":81.84,"v":3036.0,"Time":"2020-12-02T19:35:00Z","Interval":"5min","Figi":"BBG000QBR5J5"}
{"o":81.87,"c":81.93,"h":81.96,"l":81.84,"v":3136.0,"Time":"2020-12-02T19:35:00Z","Interval":"5min","Figi":"BBG000QBR5J5"}
{"o":81.87,"c":81.92,"h":81.96,"l":81.84,"v":3236.0,"Time":"2020-12-02T19:35:00Z","Interval":"5min","Figi":"BBG000QBR5J5"}
{"o":81.87,"c":81.94,"h":81.96,"l":81.84,"v":3336.0,"Time":"2020-12-02T19:35:00Z","Interval":"5min","Figi":"BBG000QBR5J5"}
{"o":81.87,"c":81.93,"h":81.96,"l":81.84,"v":3337.0,"Time":"2020-12-02T19:35:00Z","Interval":"5min","Figi":"BBG000QBR5J5"}
{"o":81.87,"c":81.96,"h":81.96,"l":81.84,"v":3723.0,"Time":"2020-12-02T19:35:00Z","Interval":"5min","Figi":"BBG000QBR5J5"}
{"o":81.87,"c":81.96,"h":81.96,"l":81.84,"v":3823.0,"Time":"2020-12-02T19:35:00Z","Interval":"5min","Figi":"BBG000QBR5J5"}
{"o":81.87,"c":81.96,"h":81.96,"l":81.84,"v":4023.0,"Time":"2020-12-02T19:35:00Z","Interval":"5min","Figi":"BBG000QBR5J5"}
{"o":81.87,"c":81.98,"h":81.98,"l":81.84,"v":4034.0,"Time":"2020-12-02T19:35:00Z","Interval":"5min","Figi":"BBG000QBR5J5"}
{"o":81.87,"c":82.0,"h":82.0,"l":81.84,"v":4142.0,"Time":"2020-12-02T19:35:00Z","Interval":"5min","Figi":"BBG000QBR5J5"}
{"o":81.87,"c":82.0,"h":82.0,"l":81.84,"v":4273.0,"Time":"2020-12-02T19:35:00Z","Interval":"5min","Figi":"BBG000QBR5J5"}
{"o":81.87,"c":82.0,"h":82.04,"l":81.84,"v":4390.0,"Time":"2020-12-02T19:35:00Z","Interval":"5min","Figi":"BBG000QBR5J5"}
{"o":81.87,"c":82.06,"h":82.06,"l":81.84,"v":4949.0,"Time":"2020-12-02T19:35:00Z","Interval":"5min","Figi":"BBG000QBR5J5"}
{"o":81.87,"c":82.06,"h":82.06,"l":81.84,"v":4990.0,"Time":"2020-12-02T19:35:00Z","Interval":"5min","Figi":"BBG000QBR5J5"}
{"o":81.87,"c":82.01,"h":82.06,"l":81.84,"v":4991.0,"Time":"2020-12-02T19:35:00Z","Interval":"5min","Figi":"BBG000QBR5J5"}
{"o":81.87,"c":82.04,"h":82.06,"l":81.84,"v":4992.0,"Time":"2020-12-02T19:35:00Z","Interval":"5min","Figi":"BBG000QBR5J5"}
{"o":81.87,"c":82.08,"h":82.08,"l":81.84,"v":4993.0,"Time":"2020-12-02T19:35:00Z","Interval":"5min","Figi":"BBG000QBR5J5"}
{"o":81.87,"c":82.07,"h":82.08,"l":81.84,"v":4996.0,"Time":"2020-12-02T19:35:00Z","Interval":"5min","Figi":"BBG000QBR5J5"}
{"o":81.87,"c":82.08,"h":82.09,"l":81.84,"v":5146.0,"Time":"2020-12-02T19:35:00Z","Interval":"5min","Figi":"BBG000QBR5J5"}
{"o":81.87,"c":82.09,"h":82.09,"l":81.84,"v":5246.0,"Time":"2020-12-02T19:35:00Z","Interval":"5min","Figi":"BBG000QBR5J5"}
{"o":81.87,"c":82.08,"h":82.09,"l":81.84,"v":5296.0,"Time":"2020-12-02T19:35:00Z","Interval":"5min","Figi":"BBG000QBR5J5"}
{"o":81.87,"c":82.1,"h":82.1,"l":81.84,"v":5344.0,"Time":"2020-12-02T19:35:00Z","Interval":"5min","Figi":"BBG000QBR5J5"}
{"o":81.87,"c":82.1,"h":82.1,"l":81.84,"v":5396.0,"Time":"2020-12-02T19:35:00Z","Interval":"5min","Figi":"BBG000QBR5J5"}
{"o":81.87,"c":82.07,"h":82.1,"l":81.84,"v":6183.0,"Time":"2020-12-02T19:35:00Z","Interval":"5min","Figi":"BBG000QBR5J5"}
{"o":81.87,"c":82.09,"h":82.1,"l":81.84,"v":5546.0,"Time":"2020-12-02T19:35:00Z","Interval":"5min","Figi":"BBG000QBR5J5"}
{"o":81.87,"c":82.06,"h":82.1,"l":81.84,"v":6383.0,"Time":"2020-12-02T19:35:00Z","Interval":"5min","Figi":"BBG000QBR5J5"}
{"o":81.87,"c":82.06,"h":82.1,"l":81.84,"v":6528.0,"Time":"2020-12-02T19:35:00Z","Interval":"5min","Figi":"BBG000QBR5J5"}
{"o":81.87,"c":82.06,"h":82.1,"l":81.84,"v":6538.0,"Time":"2020-12-02T19:35:00Z","Interval":"5min","Figi":"BBG000QBR5J5"}
{"o":81.87,"c":82.07,"h":82.1,"l":81.84,"v":6878.0,"Time":"2020-12-02T19:35:00Z","Interval":"5min","Figi":"BBG000QBR5J5"}
{"o":81.87,"c":82.07,"h":82.1,"l":81.84,"v":6880.0,"Time":"2020-12-02T19:35:00Z","Interval":"5min","Figi":"BBG000QBR5J5"}
{"o":81.87,"c":82.05,"h":82.1,"l":81.84,"v":7280.0,"Time":"2020-12-02T19:35:00Z","Interval":"5min","Figi":"BBG000QBR5J5"}
{"o":81.87,"c":82.05,"h":82.1,"l":81.84,"v":7380.0,"Time":"2020-12-02T19:35:00Z","Interval":"5min","Figi":"BBG000QBR5J5"}
{"o":81.87,"c":82.05,"h":82.1,"l":81.84,"v":7382.0,"Time":"2020-12-02T19:35:00Z","Interval":"5min","Figi":"BBG000QBR5J5"}
{"o":81.87,"c":82.06,"h":82.1,"l":81.84,"v":7397.0,"Time":"2020-12-02T19:35:00Z","Interval":"5min","Figi":"BBG000QBR5J5"}
{"o":81.87,"c":82.06,"h":82.1,"l":81.84,"v":7398.0,"Time":"2020-12-02T19:35:00Z","Interval":"5min","Figi":"BBG000QBR5J5"}
{"o":81.87,"c":82.03,"h":82.1,"l":81.84,"v":7498.0,"Time":"2020-12-02T19:35:00Z","Interval":"5min","Figi":"BBG000QBR5J5"}
{"o":81.87,"c":81.95,"h":82.1,"l":81.84,"v":7763.0,"Time":"2020-12-02T19:35:00Z","Interval":"5min","Figi":"BBG000QBR5J5"}
{"o":81.87,"c":81.94,"h":82.1,"l":81.84,"v":7963.0,"Time":"2020-12-02T19:35:00Z","Interval":"5min","Figi":"BBG000QBR5J5"}
{"o":81.87,"c":81.94,"h":82.1,"l":81.84,"v":7965.0,"Time":"2020-12-02T19:35:00Z","Interval":"5min","Figi":"BBG000QBR5J5"}
{"o":81.87,"c":81.96,"h":82.1,"l":81.84,"v":8065.0,"Time":"2020-12-02T19:35:00Z","Interval":"5min","Figi":"BBG000QBR5J5"}
{"o":81.93,"c":81.93,"h":81.93,"l":81.93,"v":50.0,"Time":"2020-12-02T19:40:00Z","Interval":"5min","Figi":"BBG000QBR5J5"}
{"o":81.93,"c":81.97,"h":81.97,"l":81.93,"v":602.0,"Time":"2020-12-02T19:40:00Z","Interval":"5min","Figi":"BBG000QBR5J5"}
{"o":81.93,"c":81.97,"h":81.97,"l":81.93,"v":702.0,"Time":"2020-12-02T19:40:00Z","Interval":"5min","Figi":"BBG000QBR5J5"}
{"o":81.93,"c":81.99,"h":81.99,"l":81.93,"v":708.0,"Time":"2020-12-02T19:40:00Z","Interval":"5min","Figi":"BBG000QBR5J5"}
{"o":81.93,"c":82.0,"h":82.0,"l":81.93,"v":817.0,"Time":"2020-12-02T19:40:00Z","Interval":"5min","Figi":"BBG000QBR5J5"}
{"o":81.93,"c":82.0,"h":82.0,"l":81.93,"v":908.0,"Time":"2020-12-02T19:40:00Z","Interval":"5min","Figi":"BBG000QBR5J5"}
{"o":81.93,"c":82.03,"h":82.03,"l":81.93,"v":909.0,"Time":"2020-12-02T19:40:00Z","Interval":"5min","Figi":"BBG000QBR5J5"}
{"o":81.93,"c":82.03,"h":82.03,"l":81.93,"v":1011.0,"Time":"2020-12-02T19:40:00Z","Interval":"5min","Figi":"BBG000QBR5J5"}
{"o":81.93,"c":82.04,"h":82.04,"l":81.93,"v":1311.0,"Time":"2020-12-02T19:40:00Z","Interval":"5min","Figi":"BBG000QBR5J5"}
{"o":81.93,"c":82.04,"h":82.04,"l":81.93,"v":1312.0,"Time":"2020-12-02T19:40:00Z","Interval":"5min","Figi":"BBG000QBR5J5"}
{"o":81.93,"c":82.0,"h":82.04,"l":81.93,"v":1612.0,"Time":"2020-12-02T19:40:00Z","Interval":"5min","Figi":"BBG000QBR5J5"}
{"o":81.93,"c":82.0,"h":82.04,"l":81.93,"v":1932.0,"Time":"2020-12-02T19:40:00Z","Interval":"5min","Figi":"BBG000QBR5J5"}
{"o":81.93,"c":82.01,"h":82.04,"l":81.93,"v":1982.0,"Time":"2020-12-02T19:40:00Z","Interval":"5min","Figi":"BBG000QBR5J5"}
{"o":81.93,"c":82.02,"h":82.04,"l":81.93,"v":2018.0,"Time":"2020-12-02T19:40:00Z","Interval":"5min","Figi":"BBG000QBR5J5"}
{"o":81.93,"c":82.02,"h":82.04,"l":81.93,"v":2149.0,"Time":"2020-12-02T19:40:00Z","Interval":"5min","Figi":"BBG000QBR5J5"}
{"o":81.93,"c":82.02,"h":82.04,"l":81.93,"v":2249.0,"Time":"2020-12-02T19:40:00Z","Interval":"5min","Figi":"BBG000QBR5J5"}
{"o":81.93,"c":82.0,"h":82.04,"l":81.93,"v":2354.0,"Time":"2020-12-02T19:40:00Z","Interval":"5min","Figi":"BBG000QBR5J5"}
{"o":81.93,"c":82.0,"h":82.04,"l":81.93,"v":2379.0,"Time":"2020-12-02T19:40:00Z","Interval":"5min","Figi":"BBG000QBR5J5"}
{"o":81.93,"c":82.0,"h":82.04,"l":81.93,"v":2479.0,"Time":"2020-12-02T19:40:00Z","Interval":"5min","Figi":"BBG000QBR5J5"}
{"o":81.93,"c":82.01,"h":82.04,"l":81.93,"v":2680.0,"Time":"2020-12-02T19:40:00Z","Interval":"5min","Figi":"BBG000QBR5J5"}
{"o":81.93,"c":81.99,"h":82.04,"l":81.93,"v":3090.0,"Time":"2020-12-02T19:40:00Z","Interval":"5min","Figi":"BBG000QBR5J5"}
{"o":81.93,"c":82.02,"h":82.04,"l":81.93,"v":3290.0,"Time":"2020-12-02T19:40:00Z","Interval":"5min","Figi":"BBG000QBR5J5"}
{"o":81.93,"c":82.05,"h":82.05,"l":81.93,"v":3389.0,"Time":"2020-12-02T19:40:00Z","Interval":"5min","Figi":"BBG000QBR5J5"}
{"o":81.93,"c":82.05,"h":82.05,"l":81.93,"v":3525.0,"Time":"2020-12-02T19:40:00Z","Interval":"5min","Figi":"BBG000QBR5J5"}
{"o":81.93,"c":82.05,"h":82.05,"l":81.93,"v":3529.0,"Time":"2020-12-02T19:40:00Z","Interval":"5min","Figi":"BBG000QBR5J5"}
{"o":81.93,"c":82.05,"h":82.05,"l":81.93,"v":3589.0,"Time":"2020-12-02T19:40:00Z","Interval":"5min","Figi":"BBG000QBR5J5"}
{"o":81.93,"c":82.06,"h":82.06,"l":81.93,"v":3689.0,"Time":"2020-12-02T19:40:00Z","Interval":"5min","Figi":"BBG000QBR5J5"}
{"o":81.93,"c":82.07,"h":82.07,"l":81.93,"v":3791.0,"Time":"2020-12-02T19:40:00Z","Interval":"5min","Figi":"BBG000QBR5J5"}
{"o":81.93,"c":82.09,"h":82.09,"l":81.93,"v":3891.0,"Time":"2020-12-02T19:40:00Z","Interval":"5min","Figi":"BBG000QBR5J5"}
{"o":81.93,"c":82.1,"h":82.1,"l":81.93,"v":3990.0,"Time":"2020-12-02T19:40:00Z","Interval":"5min","Figi":"BBG000QBR5J5"}
{"o":81.93,"c":82.1,"h":82.1,"l":81.93,"v":4091.0,"Time":"2020-12-02T19:40:00Z","Interval":"5min","Figi":"BBG000QBR5J5"}
{"o":81.93,"c":82.12,"h":82.12,"l":81.93,"v":4191.0,"Time":"2020-12-02T19:40:00Z","Interval":"5min","Figi":"BBG000QBR5J5"}
{"o":81.93,"c":82.11,"h":82.12,"l":81.93,"v":4213.0,"Time":"2020-12-02T19:40:00Z","Interval":"5min","Figi":"BBG000QBR5J5"}
{"o":81.93,"c":82.1,"h":82.12,"l":81.93,"v":4263.0,"Time":"2020-12-02T19:40:00Z","Interval":"5min","Figi":"BBG000QBR5J5"}
{"o":81.93,"c":82.1,"h":82.12,"l":81.93,"v":4313.0,"Time":"2020-12-02T19:40:00Z","Interval":"5min","Figi":"BBG000QBR5J5"}
{"o":81.93,"c":82.09,"h":82.12,"l":81.93,"v":4613.0,"Time":"2020-12-02T19:40:00Z","Interval":"5min","Figi":"BBG000QBR5J5"}
{"o":81.93,"c":82.09,"h":82.12,"l":81.93,"v":4614.0,"Time":"2020-12-02T19:40:00Z","Interval":"5min","Figi":"BBG000QBR5J5"}
{"o":81.93,"c":82.09,"h":82.12,"l":81.93,"v":4714.0,"Time":"2020-12-02T19:40:00Z","Interval":"5min","Figi":"BBG000QBR5J5"}
{"o":81.93,"c":82.09,"h":82.12,"l":81.93,"v":4749.0,"Time":"2020-12-02T19:40:00Z","Interval":"5min","Figi":"BBG000QBR5J5"}
{"o":81.93,"c":82.09,"h":82.12,"l":81.93,"v":4848.0,"Time":"2020-12-02T19:40:00Z","Interval":"5min","Figi":"BBG000QBR5J5"}
{"o":81.93,"c":82.09,"h":82.12,"l":81.93,"v":4868.0,"Time":"2020-12-02T19:40:00Z","Interval":"5min","Figi":"BBG000QBR5J5"}
{"o":81.93,"c":82.09,"h":82.12,"l":81.93,"v":4913.0,"Time":"2020-12-02T19:40:00Z","Interval":"5min","Figi":"BBG000QBR5J5"}
{"o":81.93,"c":82.08,"h":82.12,"l":81.93,"v":5013.0,"Time":"2020-12-02T19:40:00Z","Interval":"5min","Figi":"BBG000QBR5J5"}
{"o":81.93,"c":82.09,"h":82.12,"l":81.93,"v":5113.0,"Time":"2020-12-02T19:40:00Z","Interval":"5min","Figi":"BBG000QBR5J5"}
{"o":81.93,"c":82.07,"h":82.12,"l":81.93,"v":5163.0,"Time":"2020-12-02T19:40:00Z","Interval":"5min","Figi":"BBG000QBR5J5"}
{"o":81.93,"c":82.05,"h":82.12,"l":81.93,"v":5265.0,"Time":"2020-12-02T19:40:00Z","Interval":"5min","Figi":"BBG000QBR5J5"}
{"o":81.93,"c":82.04,"h":82.12,"l":81.93,"v":5363.0,"Time":"2020-12-02T19:40:00Z","Interval":"5min","Figi":"BBG000QBR5J5"}
{"o":81.93,"c":82.08,"h":82.12,"l":81.93,"v":5413.0,"Time":"2020-12-02T19:40:00Z","Interval":"5min","Figi":"BBG000QBR5J5"}
{"o":81.93,"c":82.07,"h":82.12,"l":81.93,"v":5513.0,"Time":"2020-12-02T19:40:00Z","Interval":"5min","Figi":"BBG000QBR5J5"}
{"o":81.93,"c":82.07,"h":82.12,"l":81.93,"v":5613.0,"Time":"2020-12-02T19:40:00Z","Interval":"5min","Figi":"BBG000QBR5J5"}
{"o":81.93,"c":82.06,"h":82.12,"l":81.93,"v":5713.0,"Time":"2020-12-02T19:40:00Z","Interval":"5min","Figi":"BBG000QBR5J5"}
{"o":81.93,"c":82.06,"h":82.12,"l":81.93,"v":5717.0,"Time":"2020-12-02T19:40:00Z","Interval":"5min","Figi":"BBG000QBR5J5"}
{"o":81.93,"c":82.06,"h":82.12,"l":81.93,"v":5815.0,"Time":"2020-12-02T19:40:00Z","Interval":"5min","Figi":"BBG000QBR5J5"}
{"o":81.93,"c":82.08,"h":82.12,"l":81.93,"v":5916.0,"Time":"2020-12-02T19:40:00Z","Interval":"5min","Figi":"BBG000QBR5J5"}
{"o":81.93,"c":82.09,"h":82.12,"l":81.93,"v":6016.0,"Time":"2020-12-02T19:40:00Z","Interval":"5min","Figi":"BBG000QBR5J5"}
{"o":81.93,"c":82.1,"h":82.12,"l":81.93,"v":6117.0,"Time":"2020-12-02T19:40:00Z","Interval":"5min","Figi":"BBG000QBR5J5"}
{"o":81.93,"c":82.09,"h":82.12,"l":81.93,"v":6217.0,"Time":"2020-12-02T19:40:00Z","Interval":"5min","Figi":"BBG000QBR5J5"}
{"o":81.93,"c":82.14,"h":82.14,"l":81.93,"v":6395.0,"Time":"2020-12-02T19:40:00Z","Interval":"5min","Figi":"BBG000QBR5J5"}
{"o":81.93,"c":82.18,"h":82.18,"l":81.93,"v":6397.0,"Time":"2020-12-02T19:40:00Z","Interval":"5min","Figi":"BBG000QBR5J5"}
{"o":81.93,"c":82.16,"h":82.18,"l":81.93,"v":6461.0,"Time":"2020-12-02T19:40:00Z","Interval":"5min","Figi":"BBG000QBR5J5"}
{"o":81.93,"c":82.15,"h":82.18,"l":81.93,"v":6561.0,"Time":"2020-12-02T19:40:00Z","Interval":"5min","Figi":"BBG000QBR5J5"}
{"o":81.93,"c":82.15,"h":82.18,"l":81.93,"v":6562.0,"Time":"2020-12-02T19:40:00Z","Interval":"5min","Figi":"BBG000QBR5J5"}
{"o":81.93,"c":82.13,"h":82.18,"l":81.93,"v":7028.0,"Time":"2020-12-02T19:40:00Z","Interval":"5min","Figi":"BBG000QBR5J5"}
{"o":81.93,"c":82.13,"h":82.18,"l":81.93,"v":7228.0,"Time":"2020-12-02T19:40:00Z","Interval":"5min","Figi":"BBG000QBR5J5"}
{"o":81.93,"c":82.16,"h":82.18,"l":81.93,"v":7328.0,"Time":"2020-12-02T19:40:00Z","Interval":"5min","Figi":"BBG000QBR5J5"}
{"o":81.93,"c":82.15,"h":82.18,"l":81.93,"v":7428.0,"Time":"2020-12-02T19:40:00Z","Interval":"5min","Figi":"BBG000QBR5J5"}
{"o":81.93,"c":82.16,"h":82.18,"l":81.93,"v":7529.0,"Time":"2020-12-02T19:40:00Z","Interval":"5min","Figi":"BBG000QBR5J5"}
{"o":81.93,"c":82.17,"h":82.18,"l":81.93,"v":7629.0,"Time":"2020-12-02T19:40:00Z","Interval":"5min","Figi":"BBG000QBR5J5"}
{"o":82.14,"c":82.14,"h":82.14,"l":82.14,"v":10.0,"Time":"2020-12-02T19:45:00Z","Interval":"5min","Figi":"BBG000QBR5J5"}
{"o":82.14,"c":82.13,"h":82.14,"l":82.13,"v":11.0,"Time":"2020-12-02T19:45:00Z","Interval":"5min","Figi":"BBG000QBR5J5"}
{"o":82.14,"c":82.13,"h":82.14,"l":82.13,"v":111.0,"Time":"2020-12-02T19:45:00Z","Interval":"5min","Figi":"BBG000QBR5J5"}
{"o":82.14,"c":82.13,"h":82.14,"l":82.13,"v":211.0,"Time":"2020-12-02T19:45:00Z","Interval":"5min","Figi":"BBG000QBR5J5"}
{"o":82.14,"c":82.17,"h":82.17,"l":82.13,"v":578.0,"Time":"2020-12-02T19:45:00Z","Interval":"5min","Figi":"BBG000QBR5J5"}
{"o":82.14,"c":82.17,"h":82.17,"l":82.13,"v":611.0,"Time":"2020-12-02T19:45:00Z","Interval":"5min","Figi":"BBG000QBR5J5"}
{"o":82.14,"c":82.18,"h":82.18,"l":82.13,"v":615.0,"Time":"2020-12-02T19:45:00Z","Interval":"5min","Figi":"BBG000QBR5J5"}
{"o":82.14,"c":82.18,"h":82.18,"l":82.13,"v":915.0,"Time":"2020-12-02T19:45:00Z","Interval":"5min","Figi":"BBG000QBR5J5"}
{"o":82.14,"c":82.15,"h":82.18,"l":82.13,"v":916.0,"Time":"2020-12-02T19:45:00Z","Interval":"5min","Figi":"BBG000QBR5J5"}
{"o":82.14,"c":82.14,"h":82.18,"l":82.13,"v":1016.0,"Time":"2020-12-02T19:45:00Z","Interval":"5min","Figi":"BBG000QBR5J5"}
{"o":82.14,"c":82.13,"h":82.18,"l":82.13,"v":1083.0,"Time":"2020-12-02T19:45:00Z","Interval":"5min","Figi":"BBG000QBR5J5"}
{"o":82.14,"c":82.13,"h":82.18,"l":82.13,"v":1113.0,"Time":"2020-12-02T19:45:00Z","Interval":"5min","Figi":"BBG000QBR5J5"}
{"o":82.14,"c":82.13,"h":82.18,"l":82.13,"v":1121.0,"Time":"2020-12-02T19:45:00Z","Interval":"5min","Figi":"BBG000QBR5J5"}
{"o":82.14,"c":82.13,"h":82.18,"l":82.13,"v":1130.0,"Time":"2020-12-02T19:45:00Z","Interval":"5min","Figi":"BBG000QBR5J5"}
{"o":82.14,"c":82.13,"h":82.18,"l":82.13,"v":1131.0,"Time":"2020-12-02T19:45:00Z","Interval":"5min","Figi":"BBG000QBR5J5"}
{"o":82.14,"c":82.13,"h":82.18,"l":82.13,"v":1193.0,"Time":"2020-12-02T19:45:00Z","Interval":"5min","Figi":"BBG000QBR5J5"}
{"o":82.14,"c":82.14,"h":82.18,"l":82.13,"v":1294.0,"Time":"2020-12-02T19:45:00Z","Interval":"5min","Figi":"BBG000QBR5J5"}
{"o":82.14,"c":82.15,"h":82.18,"l":82.13,"v":1499.0,"Time":"2020-12-02T19:45:00Z","Interval":"5min","Figi":"BBG000QBR5J5"}
{"o":82.14,"c":82.16,"h":82.18,"l":82.13,"v":1699.0,"Time":"2020-12-02T19:45:00Z","Interval":"5min","Figi":"BBG000QBR5J5"}
{"o":82.14,"c":82.18,"h":82.18,"l":82.13,"v":2004.0,"Time":"2020-12-02T19:45:00Z","Interval":"5min","Figi":"BBG000QBR5J5"}
{"o":82.14,"c":82.18,"h":82.18,"l":82.13,"v":2205.0,"Time":"2020-12-02T19:45:00Z","Interval":"5min","Figi":"BBG000QBR5J5"}
{"o":82.14,"c":82.18,"h":82.18,"l":82.13,"v":2221.0,"Time":"2020-12-02T19:45:00Z","Interval":"5min","Figi":"BBG000QBR5J5"}
{"o":82.14,"c":82.17,"h":82.18,"l":82.13,"v":2621.0,"Time":"2020-12-02T19:45:00Z","Interval":"5min","Figi":"BBG000QBR5J5"}
{"o":82.14,"c":82.16,"h":82.18,"l":82.13,"v":2721.0,"Time":"2020-12-02T19:45:00Z","Interval":"5min","Figi":"BBG000QBR5J5"}
{"o":82.14,"c":82.15,"h":82.18,"l":82.13,"v":2821.0,"Time":"2020-12-02T19:45:00Z","Interval":"5min","Figi":"BBG000QBR5J5"}
{"o":82.14,"c":82.15,"h":82.18,"l":82.13,"v":2921.0,"Time":"2020-12-02T19:45:00Z","Interval":"5min","Figi":"BBG000QBR5J5"}
{"o":82.14,"c":82.12,"h":82.18,"l":82.12,"v":3021.0,"Time":"2020-12-02T19:45:00Z","Interval":"5min","Figi":"BBG000QBR5J5"}
{"o":82.14,"c":82.11,"h":82.18,"l":82.11,"v":3232.0,"Time":"2020-12-02T19:45:00Z","Interval":"5min","Figi":"BBG000QBR5J5"}
{"o":82.14,"c":82.11,"h":82.18,"l":82.11,"v":3239.0,"Time":"2020-12-02T19:45:00Z","Interval":"5min","Figi":"BBG000QBR5J5"}
{"o":82.14,"c":82.1,"h":82.18,"l":82.1,"v":3339.0,"Time":"2020-12-02T19:45:00Z","Interval":"5min","Figi":"BBG000QBR5J5"}
{"o":82.14,"c":82.11,"h":82.18,"l":82.1,"v":3440.0,"Time":"2020-12-02T19:45:00Z","Interval":"5min","Figi":"BBG000QBR5J5"}
{"o":82.14,"c":82.11,"h":82.18,"l":82.1,"v":3640.0,"Time":"2020-12-02T19:45:00Z","Interval":"5min","Figi":"BBG000QBR5J5"}
{"o":82.14,"c":82.12,"h":82.18,"l":82.1,"v":3765.0,"Time":"2020-12-02T19:45:00Z","Interval":"5min","Figi":"BBG000QBR5J5"}
{"o":82.14,"c":82.13,"h":82.18,"l":82.1,"v":3783.0,"Time":"2020-12-02T19:45:00Z","Interval":"5min","Figi":"BBG000QBR5J5"}
{"o":82.14,"c":82.13,"h":82.18,"l":82.1,"v":3785.0,"Time":"2020-12-02T19:45:00Z","Interval":"5min","Figi":"BBG000QBR5J5"}
{"o":82.14,"c":82.13,"h":82.18,"l":82.1,"v":3865.0,"Time":"2020-12-02T19:45:00Z","Interval":"5min","Figi":"BBG000QBR5J5"}
{"o":82.14,"c":82.14,"h":82.18,"l":82.1,"v":3902.0,"Time":"2020-12-02T19:45:00Z","Interval":"5min","Figi":"BBG000QBR5J5"}
{"o":82.14,"c":82.15,"h":82.18,"l":82.1,"v":4002.0,"Time":"2020-12-02T19:45:00Z","Interval":"5min","Figi":"BBG000QBR5J5"}
{"o":82.14,"c":82.17,"h":82.18,"l":82.1,"v":4103.0,"Time":"2020-12-02T19:45:00Z","Interval":"5min","Figi":"BBG000QBR5J5"}
{"o":82.14,"c":82.18,"h":82.18,"l":82.1,"v":4113.0,"Time":"2020-12-02T19:45:00Z","Interval":"5min","Figi":"BBG000QBR5J5"}
{"o":82.17,"c":82.17,"h":82.17,"l":82.17,"v":50.0,"Time":"2020-12-02T19:50:00Z","Interval":"5min","Figi":"BBG000QBR5J5"}
{"o":82.17,"c":82.14,"h":82.17,"l":82.14,"v":250.0,"Time":"2020-12-02T19:50:00Z","Interval":"5min","Figi":"BBG000QBR5J5"}
{"o":82.17,"c":82.14,"h":82.17,"l":82.14,"v":352.0,"Time":"2020-12-02T19:50:00Z","Interval":"5min","Figi":"BBG000QBR5J5"}
{"o":82.17,"c":82.15,"h":82.17,"l":82.14,"v":537.0,"Time":"2020-12-02T19:50:00Z","Interval":"5min","Figi":"BBG000QBR5J5"}
{"o":82.17,"c":82.16,"h":82.17,"l":82.14,"v":637.0,"Time":"2020-12-02T19:50:00Z","Interval":"5min","Figi":"BBG000QBR5J5"}
{"o":82.17,"c":82.13,"h":82.17,"l":82.13,"v":737.0,"Time":"2020-12-02T19:50:00Z","Interval":"5min","Figi":"BBG000QBR5J5"}
{"o":82.17,"c":82.13,"h":82.17,"l":82.13,"v":739.0,"Time":"2020-12-02T19:50:00Z","Interval":"5min","Figi":"BBG000QBR5J5"}
{"o":82.17,"c":82.13,"h":82.17,"l":82.13,"v":741.0,"Time":"2020-12-02T19:50:00Z","Interval":"5min","Figi":"BBG000QBR5J5"}
{"o":82.17,"c":82.13,"h":82.17,"l":82.13,"v":745.0,"Time":"2020-12-02T19:50:00Z","Interval":"5min","Figi":"BBG000QBR5J5"}
{"o":82.17,"c":82.12,"h":82.17,"l":82.12,"v":800.0,"Time":"2020-12-02T19:50:00Z","Interval":"5min","Figi":"BBG000QBR5J5"}
{"o":82.17,"c":82.12,"h":82.17,"l":82.12,"v":1265.0,"Time":"2020-12-02T19:50:00Z","Interval":"5min","Figi":"BBG000QBR5J5"}
{"o":82.17,"c":82.1,"h":82.17,"l":82.1,"v":1465.0,"Time":"2020-12-02T19:50:00Z","Interval":"5min","Figi":"BBG000QBR5J5"}
{"o":82.17,"c":82.1,"h":82.17,"l":82.1,"v":1485.0,"Time":"2020-12-02T19:50:00Z","Interval":"5min","Figi":"BBG000QBR5J5"}
{"o":82.17,"c":82.09,"h":82.17,"l":82.09,"v":1702.0,"Time":"2020-12-02T19:50:00Z","Interval":"5min","Figi":"BBG000QBR5J5"}
{"o":82.17,"c":82.08,"h":82.17,"l":82.08,"v":1719.0,"Time":"2020-12-02T19:50:00Z","Interval":"5min","Figi":"BBG000QBR5J5"}
{"o":82.17,"c":82.1,"h":82.17,"l":82.08,"v":1721.0,"Time":"2020-12-02T19:50:00Z","Interval":"5min","Figi":"BBG000QBR5J5"}
{"o":82.17,"c":82.11,"h":82.17,"l":82.08,"v":1922.0,"Time":"2020-12-02T19:50:00Z","Interval":"5min","Figi":"BBG000QBR5J5"}
{"o":82.17,"c":82.11,"h":82.17,"l":82.08,"v":2121.0,"Time":"2020-12-02T19:50:00Z","Interval":"5min","Figi":"BBG000QBR5J5"}
{"o":82.17,"c":82.11,"h":82.17,"l":82.08,"v":2471.0,"Time":"2020-12-02T19:50:00Z","Interval":"5min","Figi":"BBG000QBR5J5"}
{"o":82.17,"c":82.12,"h":82.17,"l":82.08,"v":2572.0,"Time":"2020-12-02T19:50:00Z","Interval":"5min","Figi":"BBG000QBR5J5"}
{"o":82.17,"c":82.13,"h":82.17,"l":82.08,"v":2578.0,"Time":"2020-12-02T19:50:00Z","Interval":"5min","Figi":"BBG000QBR5J5"}
{"o":82.17,"c":82.14,"h":82.17,"l":82.08,"v":2667.0,"Time":"2020-12-02T19:50:00Z","Interval":"5min","Figi":"BBG000QBR5J5"}
{"o":82.17,"c":82.15,"h":82.17,"l":82.08,"v":2984.0,"Time":"2020-12-02T19:50:00Z","Interval":"5min","Figi":"BBG000QBR5J5"}
{"o":82.17,"c":82.17,"h":82.17,"l":82.08,"v":3083.0,"Time":"2020-12-02T19:50:00Z","Interval":"5min","Figi":"BBG000QBR5J5"}
{"o":82.17,"c":82.18,"h":82.18,"l":82.08,"v":3234.0,"Time":"2020-12-02T19:50:00Z","Interval":"5min","Figi":"BBG000QBR5J5"}
{"o":82.17,"c":82.19,"h":82.19,"l":82.08,"v":3332.0,"Time":"2020-12-02T19:50:00Z","Interval":"5min","Figi":"BBG000QBR5J5"}
{"o":82.17,"c":82.19,"h":82.19,"l":82.08,"v":3334.0,"Time":"2020-12-02T19:50:00Z","Interval":"5min","Figi":"BBG000QBR5J5"}
{"o":82.17,"c":82.2,"h":82.2,"l":82.08,"v":3339.0,"Time":"2020-12-02T19:50:00Z","Interval":"5min","Figi":"BBG000QBR5J5"}
{"o":82.17,"c":82.21,"h":82.21,"l":82.08,"v":3340.0,"Time":"2020-12-02T19:50:00Z","Interval":"5min","Figi":"BBG000QBR5J5"}
{"o":82.17,"c":82.21,"h":82.21,"l":82.08,"v":3340.0,"Time":"2020-12-02T19:50:00Z","Interval":"5min","Figi":"BBG000QBR5J5"}
{"o":82.17,"c":82.22,"h":82.22,"l":82.08,"v":3439.0,"Time":"2020-12-02T19:50:00Z","Interval":"5min","Figi":"BBG000QBR5J5"}
{"o":82.17,"c":82.22,"h":82.22,"l":82.08,"v":3440.0,"Time":"2020-12-02T19:50:00Z","Interval":"5min","Figi":"BBG000QBR5J5"}
{"o":82.17,"c":82.24,"h":82.24,"l":82.08,"v":3540.0,"Time":"2020-12-02T19:50:00Z","Interval":"5min","Figi":"BBG000QBR5J5"}
{"o":82.17,"c":82.25,"h":82.25,"l":82.08,"v":3640.0,"Time":"2020-12-02T19:50:00Z","Interval":"5min","Figi":"BBG000QBR5J5"}
{"o":82.17,"c":82.24,"h":82.25,"l":82.08,"v":3740.0,"Time":"2020-12-02T19:50:00Z","Interval":"5min","Figi":"BBG000QBR5J5"}
{"o":82.17,"c":82.25,"h":82.25,"l":82.08,"v":3807.0,"Time":"2020-12-02T19:50:00Z","Interval":"5min","Figi":"BBG000QBR5J5"}
{"o":82.17,"c":82.25,"h":82.25,"l":82.08,"v":3840.0,"Time":"2020-12-02T19:50:00Z","Interval":"5min","Figi":"BBG000QBR5J5"}
{"o":82.17,"c":82.27,"h":82.27,"l":82.08,"v":3881.0,"Time":"2020-12-02T19:50:00Z","Interval":"5min","Figi":"BBG000QBR5J5"}
{"o":82.17,"c":82.28,"h":82.28,"l":82.08,"v":3981.0,"Time":"2020-12-02T19:50:00Z","Interval":"5min","Figi":"BBG000QBR5J5"}
{"o":82.17,"c":82.29,"h":82.29,"l":82.08,"v":4181.0,"Time":"2020-12-02T19:50:00Z","Interval":"5min","Figi":"BBG000QBR5J5"}
{"o":82.17,"c":82.31,"h":82.31,"l":82.08,"v":4263.0,"Time":"2020-12-02T19:50:00Z","Interval":"5min","Figi":"BBG000QBR5J5"}
{"o":82.17,"c":82.28,"h":82.31,"l":82.08,"v":4663.0,"Time":"2020-12-02T19:50:00Z","Interval":"5min","Figi":"BBG000QBR5J5"}
{"o":82.17,"c":82.3,"h":82.31,"l":82.08,"v":4763.0,"Time":"2020-12-02T19:50:00Z","Interval":"5min","Figi":"BBG000QBR5J5"}
{"o":82.17,"c":82.32,"h":82.32,"l":82.08,"v":4863.0,"Time":"2020-12-02T19:50:00Z","Interval":"5min","Figi":"BBG000QBR5J5"}
{"o":82.17,"c":82.33,"h":82.33,"l":82.08,"v":5463.0,"Time":"2020-12-02T19:50:00Z","Interval":"5min","Figi":"BBG000QBR5J5"}
{"o":82.17,"c":82.33,"h":82.33,"l":82.08,"v":5563.0,"Time":"2020-12-02T19:50:00Z","Interval":"5min","Figi":"BBG000QBR5J5"}
{"o":82.17,"c":82.31,"h":82.33,"l":82.08,"v":5663.0,"Time":"2020-12-02T19:50:00Z","Interval":"5min","Figi":"BBG000QBR5J5"}
{"o":82.17,"c":82.26,"h":82.33,"l":82.08,"v":6011.0,"Time":"2020-12-02T19:50:00Z","Interval":"5min","Figi":"BBG000QBR5J5"}
{"o":82.17,"c":82.26,"h":82.33,"l":82.08,"v":6131.0,"Time":"2020-12-02T19:50:00Z","Interval":"5min","Figi":"BBG000QBR5J5"}
{"o":82.17,"c":82.25,"h":82.33,"l":82.08,"v":6331.0,"Time":"2020-12-02T19:50:00Z","Interval":"5min","Figi":"BBG000QBR5J5"}
{"o":82.17,"c":82.25,"h":82.33,"l":82.08,"v":6431.0,"Time":"2020-12-02T19:50:00Z","Interval":"5min","Figi":"BBG000QBR5J5"}
{"o":82.17,"c":82.22,"h":82.33,"l":82.08,"v":6511.0,"Time":"2020-12-02T19:50:00Z","Interval":"5min","Figi":"BBG000QBR5J5"}
{"o":82.17,"c":82.24,"h":82.33,"l":82.08,"v":6561.0,"Time":"2020-12-02T19:50:00Z","Interval":"5min","Figi":"BBG000QBR5J5"}
{"o":82.17,"c":82.23,"h":82.33,"l":82.08,"v":6562.0,"Time":"2020-12-02T19:50:00Z","Interval":"5min","Figi":"BBG000QBR5J5"}
{"o":82.17,"c":82.23,"h":82.33,"l":82.08,"v":6662.0,"Time":"2020-12-02T19:50:00Z","Interval":"5min","Figi":"BBG000QBR5J5"}
{"o":82.17,"c":82.23,"h":82.33,"l":82.08,"v":6760.0,"Time":"2020-12-02T19:50:00Z","Interval":"5min","Figi":"BBG000QBR5J5"}
{"o":82.17,"c":82.23,"h":82.33,"l":82.08,"v":6961.0,"Time":"2020-12-02T19:50:00Z","Interval":"5min","Figi":"BBG000QBR5J5"}
{"o":82.17,"c":82.22,"h":82.33,"l":82.08,"v":6981.0,"Time":"2020-12-02T19:50:00Z","Interval":"5min","Figi":"BBG000QBR5J5"}
{"o":82.17,"c":82.21,"h":82.33,"l":82.08,"v":7088.0,"Time":"2020-12-02T19:50:00Z","Interval":"5min","Figi":"BBG000QBR5J5"}
{"o":82.17,"c":82.21,"h":82.33,"l":82.08,"v":7194.0,"Time":"2020-12-02T19:50:00Z","Interval":"5min","Figi":"BBG000QBR5J5"}
{"o":82.17,"c":82.21,"h":82.33,"l":82.08,"v":7202.0,"Time":"2020-12-02T19:50:00Z","Interval":"5min","Figi":"BBG000QBR5J5"}
{"o":82.17,"c":82.21,"h":82.33,"l":82.08,"v":7394.0,"Time":"2020-12-02T19:50:00Z","Interval":"5min","Figi":"BBG000QBR5J5"}
{"o":82.17,"c":82.24,"h":82.33,"l":82.08,"v":7826.0,"Time":"2020-12-02T19:50:00Z","Interval":"5min","Figi":"BBG000QBR5J5"}
{"o":82.17,"c":82.26,"h":82.33,"l":82.08,"v":8127.0,"Time":"2020-12-02T19:50:00Z","Interval":"5min","Figi":"BBG000QBR5J5"}
{"o":82.17,"c":82.26,"h":82.33,"l":82.08,"v":8329.0,"Time":"2020-12-02T19:50:00Z","Interval":"5min","Figi":"BBG000QBR5J5"}
{"o":82.28,"c":82.28,"h":82.28,"l":82.28,"v":99.0,"Time":"2020-12-02T19:55:00Z","Interval":"5min","Figi":"BBG000QBR5J5"}
{"o":82.28,"c":82.3,"h":82.3,"l":82.28,"v":314.0,"Time":"2020-12-02T19:55:00Z","Interval":"5min","Figi":"BBG000QBR5J5"}
{"o":82.28,"c":82.31,"h":82.31,"l":82.28,"v":414.0,"Time":"2020-12-02T19:55:00Z","Interval":"5min","Figi":"BBG000QBR5J5"}
{"o":82.28,"c":82.28,"h":82.31,"l":82.28,"v":416.0,"Time":"2020-12-02T19:55:00Z","Interval":"5min","Figi":"BBG000QBR5J5"}
{"o":82.28,"c":82.31,"h":82.31,"l":82.28,"v":716.0,"Time":"2020-12-02T19:55:00Z","Interval":"5min","Figi":"BBG000QBR5J5"}
{"o":82.28,"c":82.32,"h":82.32,"l":82.28,"v":718.0,"Time":"2020-12-02T19:55:00Z","Interval":"5min","Figi":"BBG000QBR5J5"}
{"o":82.28,"c":82.32,"h":82.33,"l":82.28,"v":740.0,"Time":"2020-12-02T19:55:00Z","Interval":"5min","Figi":"BBG000QBR5J5"}
{"o":82.28,"c":82.31,"h":82.33,"l":82.28,"v":756.0,"Time":"2020-12-02T19:55:00Z","Interval":"5min","Figi":"BBG000QBR5J5"}
{"o":82.28,"c":82.33,"h":82.33,"l":82.28,"v":939.0,"Time":"2020-12-02T19:55:00Z","Interval":"5min","Figi":"BBG000QBR5J5"}
{"o":82.28,"c":82.34,"h":82.35,"l":82.28,"v":1288.0,"Time":"2020-12-02T19:55:00Z","Interval":"5min","Figi":"BBG000QBR5J5"}
{"o":82.28,"c":82.33,"h":82.35,"l":82.28,"v":1296.0,"Time":"2020-12-02T19:55:00Z","Interval":"5min","Figi":"BBG000QBR5J5"}
{"o":82.28,"c":82.36,"h":82.36,"l":82.28,"v":1396.0,"Time":"2020-12-02T19:55:00Z","Interval":"5min","Figi":"BBG000QBR5J5"}
{"o":82.28,"c":82.37,"h":82.37,"l":82.28,"v":1596.0,"Time":"2020-12-02T19:55:00Z","Interval":"5min","Figi":"BBG000QBR5J5"}
{"o":82.28,"c":82.37,"h":82.37,"l":82.28,"v":1647.0,"Time":"2020-12-02T19:55:00Z","Interval":"5min","Figi":"BBG000QBR5J5"}
{"o":82.28,"c":82.37,"h":82.37,"l":82.28,"v":1896.0,"Time":"2020-12-02T19:55:00Z","Interval":"5min","Figi":"BBG000QBR5J5"}
{"o":82.28,"c":82.34,"h":82.37,"l":82.28,"v":2096.0,"Time":"2020-12-02T19:55:00Z","Interval":"5min","Figi":"BBG000QBR5J5"}
{"o":82.28,"c":82.31,"h":82.37,"l":82.28,"v":2097.0,"Time":"2020-12-02T19:55:00Z","Interval":"5min","Figi":"BBG000QBR5J5"}
{"o":82.28,"c":82.27,"h":82.37,"l":82.27,"v":2197.0,"Time":"2020-12-02T19:55:00Z","Interval":"5min","Figi":"BBG000QBR5J5"}
{"o":82.28,"c":82.26,"h":82.37,"l":82.26,"v":2207.0,"Time":"2020-12-02T19:55:00Z","Interval":"5min","Figi":"BBG000QBR5J5"}
{"o":82.28,"c":82.29,"h":82.37,"l":82.26,"v":2307.0,"Time":"2020-12-02T19:55:00Z","Interval":"5min","Figi":"BBG000QBR5J5"}
{"o":82.28,"c":82.29,"h":82.37,"l":82.26,"v":2308.0,"Time":"2020-12-02T19:55:00Z","Interval":"5min","Figi":"BBG000QBR5J5"}
{"o":82.28,"c":82.3,"h":82.37,"l":82.26,"v":2633.0,"Time":"2020-12-02T19:55:00Z","Interval":"5min","Figi":"BBG000QBR5J5"}
{"o":82.28,"c":82.32,"h":82.37,"l":82.26,"v":2638.0,"Time":"2020-12-02T19:55:00Z","Interval":"5min","Figi":"BBG000QBR5J5"}
{"o":82.28,"c":82.31,"h":82.37,"l":82.26,"v":2735.0,"Time":"2020-12-02T19:55:00Z","Interval":"5min","Figi":"BBG000QBR5J5"}
{"o":82.28,"c":82.31,"h":82.37,"l":82.26,"v":2738.0,"Time":"2020-12-02T19:55:00Z","Interval":"5min","Figi":"BBG000QBR5J5"}
{"o":82.28,"c":82.3,"h":82.37,"l":82.26,"v":2838.0,"Time":"2020-12-02T19:55:00Z","Interval":"5min","Figi":"BBG000QBR5J5"}
{"o":82.28,"c":82.29,"h":82.37,"l":82.26,"v":2938.0,"Time":"2020-12-02T19:55:00Z","Interval":"5min","Figi":"BBG000QBR5J5"}
{"o":82.28,"c":82.33,"h":82.37,"l":82.26,"v":3138.0,"Time":"2020-12-02T19:55:00Z","Interval":"5min","Figi":"BBG000QBR5J5"}
{"o":82.28,"c":82.33,"h":82.37,"l":82.26,"v":3139.0,"Time":"2020-12-02T19:55:00Z","Interval":"5min","Figi":"BBG000QBR5J5"}
{"o":82.28,"c":82.36,"h":82.37,"l":82.26,"v":3232.0,"Time":"2020-12-02T19:55:00Z","Interval":"5min","Figi":"BBG000QBR5J5"}
{"o":82.28,"c":82.36,"h":82.37,"l":82.26,"v":3232.0,"Time":"2020-12-02T19:55:00Z","Interval":"5min","Figi":"BBG000QBR5J5"}
{"o":82.28,"c":82.34,"h":82.37,"l":82.26,"v":3332.0,"Time":"2020-12-02T19:55:00Z","Interval":"5min","Figi":"BBG000QBR5J5"}
{"o":82.28,"c":82.3,"h":82.37,"l":82.26,"v":3432.0,"Time":"2020-12-02T19:55:00Z","Interval":"5min","Figi":"BBG000QBR5J5"}
{"o":82.28,"c":82.26,"h":82.37,"l":82.26,"v":3463.0,"Time":"2020-12-02T19:55:00Z","Interval":"5min","Figi":"BBG000QBR5J5"}
{"o":82.28,"c":82.26,"h":82.37,"l":82.26,"v":3502.0,"Time":"2020-12-02T19:55:00Z","Interval":"5min","Figi":"BBG000QBR5J5"}
{"o":82.28,"c":82.26,"h":82.37,"l":82.26,"v":3504.0,"Time":"2020-12-02T19:55:00Z","Interval":"5min","Figi":"BBG000QBR5J5"}
{"o":82.28,"c":82.25,"h":82.37,"l":82.25,"v":3505.0,"Time":"2020-12-02T19:55:00Z","Interval":"5min","Figi":"BBG000QBR5J5"}
{"o":82.28,"c":82.23,"h":82.37,"l":82.23,"v":3510.0,"Time":"2020-12-02T19:55:00Z","Interval":"5min","Figi":"BBG000QBR5J5"}
{"o":82.28,"c":82.22,"h":82.37,"l":82.22,"v":3517.0,"Time":"2020-12-02T19:55:00Z","Interval":"5min","Figi":"BBG000QBR5J5"}
{"o":82.28,"c":82.21,"h":82.37,"l":82.21,"v":3522.0,"Time":"2020-12-02T19:55:00Z","Interval":"5min","Figi":"BBG000QBR5J5"}
{"o":82.25,"c":82.26,"h":82.26,"l":82.25,"v":506.0,"Time":"2020-12-02T20:00:00Z","Interval":"5min","Figi":"BBG000QBR5J5"}
{"o":82.25,"c":82.27,"h":82.27,"l":82.25,"v":706.0,"Time":"2020-12-02T20:00:00Z","Interval":"5min","Figi":"BBG000QBR5J5"}
{"o":82.25,"c":82.25,"h":82.27,"l":82.25,"v":722.0,"Time":"2020-12-02T20:00:00Z","Interval":"5min","Figi":"BBG000QBR5J5"}
{"o":82.25,"c":82.2,"h":82.27,"l":82.2,"v":872.0,"Time":"2020-12-02T20:00:00Z","Interval":"5min","Figi":"BBG000QBR5J5"}
{"o":82.25,"c":82.19,"h":82.27,"l":82.19,"v":874.0,"Time":"2020-12-02T20:00:00Z","Interval":"5min","Figi":"BBG000QBR5J5"}
{"o":82.25,"c":82.19,"h":82.27,"l":82.19,"v":877.0,"Time":"2020-12-02T20:00:00Z","Interval":"5min","Figi":"BBG000QBR5J5"}
{"o":82.25,"c":82.19,"h":82.27,"l":82.19,"v":878.0,"Time":"2020-12-02T20:00:00Z","Interval":"5min","Figi":"BBG000QBR5J5"}
{"o":82.25,"c":82.18,"h":82.27,"l":82.18,"v":888.0,"Time":"2020-12-02T20:00:00Z","Interval":"5min","Figi":"BBG000QBR5J5"}
{"o":82.25,"c":82.17,"h":82.27,"l":82.17,"v":897.0,"Time":"2020-12-02T20:00:00Z","Interval":"5min","Figi":"BBG000QBR5J5"}
{"o":82.25,"c":82.15,"h":82.27,"l":82.15,"v":907.0,"Time":"2020-12-02T20:00:00Z","Interval":"5min","Figi":"BBG000QBR5J5"}
{"o":82.25,"c":82.14,"h":82.27,"l":82.14,"v":917.0,"Time":"2020-12-02T20:00:00Z","Interval":"5min","Figi":"BBG000QBR5J5"}
{"o":82.25,"c":82.14,"h":82.27,"l":82.14,"v":1017.0,"Time":"2020-12-02T20:00:00Z","Interval":"5min","Figi":"BBG000QBR5J5"}
{"o":82.25,"c":82.14,"h":82.27,"l":82.14,"v":1117.0,"Time":"2020-12-02T20:00:00Z","Interval":"5min","Figi":"BBG000QBR5J5"}
{"o":82.25,"c":82.16,"h":82.27,"l":82.14,"v":1417.0,"Time":"2020-12-02T20:00:00Z","Interval":"5min","Figi":"BBG000QBR5J5"}
{"o":82.25,"c":82.18,"h":82.27,"l":82.14,"v":1520.0,"Time":"2020-12-02T20:00:00Z","Interval":"5min","Figi":"BBG000QBR5J5"}
{"o":82.25,"c":82.18,"h":82.27,"l":82.14,"v":1620.0,"Time":"2020-12-02T20:00:00Z","Interval":"5min","Figi":"BBG000QBR5J5"}
{"o":82.25,"c":82.16,"h":82.27,"l":82.14,"v":1625.0,"Time":"2020-12-02T20:00:00Z","Interval":"5min","Figi":"BBG000QBR5J5"}
{"o":82.25,"c":82.17,"h":82.27,"l":82.14,"v":1851.0,"Time":"2020-12-02T20:00:00Z","Interval":"5min","Figi":"BBG000QBR5J5"}
{"o":82.25,"c":82.18,"h":82.27,"l":82.14,"v":1951.0,"Time":"2020-12-02T20:00:00Z","Interval":"5min","Figi":"BBG000QBR5J5"}
{"o":82.25,"c":82.19,"h":82.27,"l":82.14,"v":2051.0,"Time":"2020-12-02T20:00:00Z","Interval":"5min","Figi":"BBG000QBR5J5"}
{"o":82.25,"c":82.2,"h":82.27,"l":82.14,"v":2052.0,"Time":"2020-12-02T20:00:00Z","Interval":"5min","Figi":"BBG000QBR5J5"}
{"o":82.25,"c":82.2,"h":82.27,"l":82.14,"v":2151.0,"Time":"2020-12-02T20:00:00Z","Interval":"5min","Figi":"BBG000QBR5J5"}
{"o":82.25,"c":82.19,"h":82.27,"l":82.14,"v":2226.0,"Time":"2020-12-02T20:00:00Z","Interval":"5min","Figi":"BBG000QBR5J5"}
{"o":82.25,"c":82.19,"h":82.27,"l":82.14,"v":2469.0,"Time":"2020-12-02T20:00:00Z","Interval":"5min","Figi":"BBG000QBR5J5"}
{"o":82.25,"c":82.18,"h":82.27,"l":82.14,"v":2569.0,"Time":"2020-12-02T20:00:00Z","Interval":"5min","Figi":"BBG000QBR5J5"}
{"o":82.25,"c":82.17,"h":82.27,"l":82.14,"v":2640.0,"Time":"2020-12-02T20:00:00Z","Interval":"5min","Figi":"BBG000QBR5J5"}
{"o":82.25,"c":82.17,"h":82.27,"l":82.14,"v":2669.0,"Time":"2020-12-02T20:00:00Z","Interval":"5min","Figi":"BBG000QBR5J5"}
{"o":82.25,"c":82.18,"h":82.27,"l":82.14,"v":2769.0,"Time":"2020-12-02T20:00:00Z","Interval":"5min","Figi":"BBG000QBR5J5"}
{"o":82.25,"c":82.19,"h":82.27,"l":82.14,"v":2770.0,"Time":"2020-12-02T20:00:00Z","Interval":"5min","Figi":"BBG000QBR5J5"}
{"o":82.25,"c":82.2,"h":82.27,"l":82.14,"v":2870.0,"Time":"2020-12-02T20:00:00Z","Interval":"5min","Figi":"BBG000QBR5J5"}
{"o":82.25,"c":82.21,"h":82.27,"l":82.14,"v":2970.0,"Time":"2020-12-02T20:00:00Z","Interval":"5min","Figi":"BBG000QBR5J5"}
{"o":82.25,"c":82.22,"h":82.27,"l":82.14,"v":3070.0,"Time":"2020-12-02T20:00:00Z","Interval":"5min","Figi":"BBG000QBR5J5"}
{"o":82.25,"c":82.19,"h":82.27,"l":82.14,"v":3287.0,"Time":"2020-12-02T20:00:00Z","Interval":"5min","Figi":"BBG000QBR5J5"}
{"o":82.25,"c":82.17,"h":82.27,"l":82.14,"v":3487.0,"Time":"2020-12-02T20:00:00Z","Interval":"5min","Figi":"BBG000QBR5J5"}
{"o":82.25,"c":82.17,"h":82.27,"l":82.14,"v":3549.0,"Time":"2020-12-02T20:00:00Z","Interval":"5min","Figi":"BBG000QBR5J5"}
{"o":82.25,"c":82.16,"h":82.27,"l":82.14,"v":3556.0,"Time":"2020-12-02T20:00:00Z","Interval":"5min","Figi":"BBG000QBR5J5"}
{"o":82.25,"c":82.16,"h":82.27,"l":82.14,"v":3649.0,"Time":"2020-12-02T20:00:00Z","Interval":"5min","Figi":"BBG000QBR5J5"}
{"o":82.25,"c":82.16,"h":82.27,"l":82.14,"v":3656.0,"Time":"2020-12-02T20:00:00Z","Interval":"5min","Figi":"BBG000QBR5J5"}
{"o":82.25,"c":82.15,"h":82.27,"l":82.14,"v":3756.0,"Time":"2020-12-02T20:00:00Z","Interval":"5min","Figi":"BBG000QBR5J5"}
{"o":82.25,"c":82.14,"h":82.27,"l":82.14,"v":3856.0,"Time":"2020-12-02T20:00:00Z","Interval":"5min","Figi":"BBG000QBR5J5"}
{"o":82.25,"c":82.13,"h":82.27,"l":82.13,"v":4056.0,"Time":"2020-12-02T20:00:00Z","Interval":"5min","Figi":"BBG000QBR5J5"}
{"o":82.25,"c":82.15,"h":82.27,"l":82.13,"v":4157.0,"Time":"2020-12-02T20:00:00Z","Interval":"5min","Figi":"BBG000QBR5J5"}
{"o":82.25,"c":82.15,"h":82.27,"l":82.13,"v":4207.0,"Time":"2020-12-02T20:00:00Z","Interval":"5min","Figi":"BBG000QBR5J5"}
{"o":82.25,"c":82.16,"h":82.27,"l":82.13,"v":4307.0,"Time":"2020-12-02T20:00:00Z","Interval":"5min","Figi":"BBG000QBR5J5"}
{"o":82.25,"c":82.17,"h":82.27,"l":82.13,"v":4417.0,"Time":"2020-12-02T20:00:00Z","Interval":"5min","Figi":"BBG000QBR5J5"}
{"o":82.25,"c":82.17,"h":82.27,"l":82.13,"v":4517.0,"Time":"2020-12-02T20:00:00Z","Interval":"5min","Figi":"BBG000QBR5J5"}
{"o":82.17,"c":82.17,"h":82.17,"l":82.17,"v":269.0,"Time":"2020-12-02T20:05:00Z","Interval":"5min","Figi":"BBG000QBR5J5"}
{"o":82.17,"c":82.17,"h":82.17,"l":82.17,"v":361.0,"Time":"2020-12-02T20:05:00Z","Interval":"5min","Figi":"BBG000QBR5J5"}
{"o":82.17,"c":82.16,"h":82.17,"l":82.16,"v":661.0,"Time":"2020-12-02T20:05:00Z","Interval":"5min","Figi":"BBG000QBR5J5"}
{"o":82.17,"c":82.15,"h":82.17,"l":82.15,"v":928.0,"Time":"2020-12-02T20:05:00Z","Interval":"5min","Figi":"BBG000QBR5J5"}
{"o":82.17,"c":82.15,"h":82.17,"l":82.15,"v":978.0,"Time":"2020-12-02T20:05:00Z","Interval":"5min","Figi":"BBG000QBR5J5"}
{"o":82.17,"c":82.14,"h":82.17,"l":82.14,"v":979.0,"Time":"2020-12-02T20:05:00Z","Interval":"5min","Figi":"BBG000QBR5J5"}
{"o":82.17,"c":82.12,"h":82.17,"l":82.12,"v":1179.0,"Time":"2020-12-02T20:05:00Z","Interval":"5min","Figi":"BBG000QBR5J5"}
{"o":82.17,"c":82.12,"h":82.17,"l":82.12,"v":1181.0,"Time":"2020-12-02T20:05:00Z","Interval":"5min","Figi":"BBG000QBR5J5"}
{"o":82.17,"c":82.13,"h":82.17,"l":82.12,"v":1478.0,"Time":"2020-12-02T20:05:00Z","Interval":"5min","Figi":"BBG000QBR5J5"}
{"o":82.17,"c":82.13,"h":82.17,"l":82.12,"v":1579.0,"Time":"2020-12-02T20:05:00Z","Interval":"5min","Figi":"BBG000QBR5J5"}
{"o":82.17,"c":82.1,"h":82.17,"l":82.1,"v":1631.0,"Time":"2020-12-02T20:05:00Z","Interval":"5min","Figi":"BBG000QBR5J5"}
{"o":82.17,"c":82.12,"h":82.17,"l":82.1,"v":1731.0,"Time":"2020-12-02T20:05:00Z","Interval":"5min","Figi":"BBG000QBR5J5"}
{"o":82.17,"c":82.11,"h":82.17,"l":82.1,"v":1736.0,"Time":"2020-12-02T20:05:00Z","Interval":"5min","Figi":"BBG000QBR5J5"}
{"o":82.17,"c":82.13,"h":82.17,"l":82.1,"v":1737.0,"Time":"2020-12-02T20:05:00Z","Interval":"5min","Figi":"BBG000QBR5J5"}
{"o":82.17,"c":82.14,"h":82.17,"l":82.1,"v":1837.0,"Time":"2020-12-02T20:05:00Z","Interval":"5min","Figi":"BBG000QBR5J5"}
{"o":82.17,"c":82.14,"h":82.17,"l":82.1,"v":1937.0,"Time":"2020-12-02T20:05:00Z","Interval":"5min","Figi":"BBG000QBR5J5"}
{"o":82.17,"c":82.15,"h":82.17,"l":82.1,"v":1938.0,"Time":"2020-12-02T20:05:00Z","Interval":"5min","Figi":"BBG000QBR5J5"}
{"o":82.17,"c":82.15,"h":82.17,"l":82.1,"v":2038.0,"Time":"2020-12-02T20:05:00Z","Interval":"5min","Figi":"BBG000QBR5J5"}
{"o":82.17,"c":82.13,"h":82.17,"l":82.1,"v":2547.0,"Time":"2020-12-02T20:05:00Z","Interval":"5min","Figi":"BBG000QBR5J5"}
{"o":82.17,"c":82.12,"h":82.17,"l":82.1,"v":2647.0,"Time":"2020-12-02T20:05:00Z","Interval":"5min","Figi":"BBG000QBR5J5"}
{"o":82.17,"c":82.11,"h":82.17,"l":82.1,"v":2655.0,"Time":"2020-12-02T20:05:00Z","Interval":"5min","Figi":"BBG000QBR5J5"}
{"o":82.17,"c":82.12,"h":82.17,"l":82.1,"v":2657.0,"Time":"2020-12-02T20:05:00Z","Interval":"5min","Figi":"BBG000QBR5J5"}
{"o":82.17,"c":82.15,"h":82.17,"l":82.1,"v":2952.0,"Time":"2020-12-02T20:05:00Z","Interval":"5min","Figi":"BBG000QBR5J5"}
{"o":82.17,"c":82.16,"h":82.17,"l":82.1,"v":3052.0,"Time":"2020-12-02T20:05:00Z","Interval":"5min","Figi":"BBG000QBR5J5"}
{"o":82.17,"c":82.16,"h":82.17,"l":82.1,"v":3301.0,"Time":"2020-12-02T20:05:00Z","Interval":"5min","Figi":"BBG000QBR5J5"}
{"o":82.17,"c":82.17,"h":82.17,"l":82.1,"v":3552.0,"Time":"2020-12-02T20:05:00Z","Interval":"5min","Figi":"BBG000QBR5J5"}
{"o":82.17,"c":82.16,"h":82.17,"l":82.1,"v":3602.0,"Time":"2020-12-02T20:05:00Z","Interval":"5min","Figi":"BBG000QBR5J5"}
{"o":82.17,"c":82.17,"h":82.17,"l":82.1,"v":3702.0,"Time":"2020-12-02T20:05:00Z","Interval":"5min","Figi":"BBG000QBR5J5"}
{"o":82.17,"c":82.18,"h":82.18,"l":82.1,"v":3802.0,"Time":"2020-12-02T20:05:00Z","Interval":"5min","Figi":"BBG000QBR5J5"}
{"o":82.17,"c":82.18,"h":82.18,"l":82.1,"v":3902.0,"Time":"2020-12-02T20:05:00Z","Interval":"5min","Figi":"BBG000QBR5J5"}
{"o":82.17,"c":82.17,"h":82.18,"l":82.1,"v":3932.0,"Time":"2020-12-02T20:05:00Z","Interval":"5min","Figi":"BBG000QBR5J5"}
{"o":82.17,"c":82.16,"h":82.18,"l":82.1,"v":4035.0,"Time":"2020-12-02T20:05:00Z","Interval":"5min","Figi":"BBG000QBR5J5"}
{"o":82.17,"c":82.15,"h":82.18,"l":82.1,"v":4491.0,"Time":"2020-12-02T20:05:00Z","Interval":"5min","Figi":"BBG000QBR5J5"}
{"o":82.17,"c":82.13,"h":82.18,"l":82.1,"v":4506.0,"Time":"2020-12-02T20:05:00Z","Interval":"5min","Figi":"BBG000QBR5J5"}
{"o":82.17,"c":82.13,"h":82.18,"l":82.1,"v":4606.0,"Time":"2020-12-02T20:05:00Z","Interval":"5min","Figi":"BBG000QBR5J5"}
{"o":82.14,"c":82.14,"h":82.14,"l":82.14,"v":5.0,"Time":"2020-12-02T20:10:00Z","Interval":"5min","Figi":"BBG000QBR5J5"}
{"o":82.14,"c":82.14,"h":82.14,"l":82.14,"v":7.0,"Time":"2020-12-02T20:10:00Z","Interval":"5min","Figi":"BBG000QBR5J5"}
{"o":82.14,"c":82.16,"h":82.16,"l":82.14,"v":507.0,"Time":"2020-12-02T20:10:00Z","Interval":"5min","Figi":"BBG000QBR5J5"}
{"o":82.14,"c":82.17,"h":82.17,"l":82.14,"v":635.0,"Time":"2020-12-02T20:10:00Z","Interval":"5min","Figi":"BBG000QBR5J5"}
{"o":82.14,"c":82.17,"h":82.17,"l":82.14,"v":735.0,"Time":"2020-12-02T20:10:00Z","Interval":"5min","Figi":"BBG000QBR5J5"}
{"o":82.14,"c":82.18,"h":82.18,"l":82.14,"v":736.0,"Time":"2020-12-02T20:10:00Z","Interval":"5min","Figi":"BBG000QBR5J5"}
{"o":82.14,"c":82.19,"h":82.19,"l":82.14,"v":936.0,"Time":"2020-12-02T20:10:00Z","Interval":"5min","Figi":"BBG000QBR5J5"}
{"o":82.14,"c":82.19,"h":82.19,"l":82.14,"v":993.0,"Time":"2020-12-02T20:10:00Z","Interval":"5min","Figi":"BBG000QBR5J5"}
{"o":82.14,"c":82.18,"h":82.19,"l":82.14,"v":1094.0,"Time":"2020-12-02T20:10:00Z","Interval":"5min","Figi":"BBG000QBR5J5"}
{"o":82.14,"c":82.19,"h":82.19,"l":82.14,"v":1194.0,"Time":"2020-12-02T20:10:00Z","Interval":"5min","Figi":"BBG000QBR5J5"}
{"o":82.14,"c":82.17,"h":82.19,"l":82.14,"v":1202.0,"Time":"2020-12-02T20:10:00Z","Interval":"5min","Figi":"BBG000QBR5J5"}
{"o":82.14,"c":82.2,"h":82.2,"l":82.14,"v":1209.0,"Time":"2020-12-02T20:10:00Z","Interval":"5min","Figi":"BBG000QBR5J5"}
{"o":82.14,"c":82.2,"h":82.2,"l":82.14,"v":1312.0,"Time":"2020-12-02T20:10:00Z","Interval":"5min","Figi":"BBG000QBR5J5"}
{"o":82.14,"c":82.2,"h":82.2,"l":82.14,"v":1402.0,"Time":"2020-12-02T20:10:00Z","Interval":"5min","Figi":"BBG000QBR5J5"}
{"o":82.14,"c":82.19,"h":82.2,"l":82.14,"v":1626.0,"Time":"2020-12-02T20:10:00Z","Interval":"5min","Figi":"BBG000QBR5J5"}
{"o":82.14,"c":82.19,"h":82.2,"l":82.14,"v":1676.0,"Time":"2020-12-02T20:10:00Z","Interval":"5min","Figi":"BBG000QBR5J5"}
{"o":82.14,"c":82.19,"h":82.2,"l":82.14,"v":1726.0,"Time":"2020-12-02T20:10:00Z","Interval":"5min","Figi":"BBG000QBR5J5"}
{"o":82.14,"c":82.19,"h":82.2,"l":82.14,"v":1826.0,"Time":"2020-12-02T20:10:00Z","Interval":"5min","Figi":"BBG000QBR5J5"}
{"o":82.14,"c":82.18,"h":82.2,"l":82.14,"v":1926.0,"Time":"2020-12-02T20:10:00Z","Interval":"5min","Figi":"BBG000QBR5J5"}
{"o":82.14,"c":82.18,"h":82.2,"l":82.14,"v":2034.0,"Time":"2020-12-02T20:10:00Z","Interval":"5min","Figi":"BBG000QBR5J5"}
{"o":82.14,"c":82.19,"h":82.2,"l":82.14,"v":2134.0,"Time":"2020-12-02T20:10:00Z","Interval":"5min","Figi":"BBG000QBR5J5"}
{"o":82.14,"c":82.19,"h":82.2,"l":82.14,"v":2334.0,"Time":"2020-12-02T20:10:00Z","Interval":"5min","Figi":"BBG000QBR5J5"}
{"o":82.14,"c":82.19,"h":82.2,"l":82.14,"v":2335.0,"Time":"2020-12-02T20:10:00Z","Interval":"5min","Figi":"BBG000QBR5J5"}
{"o":82.14,"c":82.18,"h":82.2,"l":82.14,"v":2435.0,"Time":"2020-12-02T20:10:00Z","Interval":"5min","Figi":"BBG000QBR5J5"}
{"o":82.14,"c":82.21,"h":82.21,"l":82.14,"v":2440.0,"Time":"2020-12-02T20:10:00Z","Interval":"5min","Figi":"BBG000QBR5J5"}
{"o":82.14,"c":82.17,"h":82.21,"l":82.14,"v":2532.0,"Time":"2020-12-02T20:10:00Z","Interval":"5min","Figi":"BBG000QBR5J5"}
{"o":82.14,"c":82.17,"h":82.21,"l":82.14,"v":2732.0,"Time":"2020-12-02T20:10:00Z","Interval":"5min","Figi":"BBG000QBR5J5"}
{"o":82.14,"c":82.17,"h":82.21,"l":82.14,"v":3032.0,"Time":"2020-12-02T20:10:00Z","Interval":"5min","Figi":"BBG000QBR5J5"}
{"o":82.14,"c":82.17,"h":82.21,"l":82.14,"v":3132.0,"Time":"2020-12-02T20:10:00Z","Interval":"5min","Figi":"BBG000QBR5J5"}
{"o":82.14,"c":82.2,"h":82.21,"l":82.14,"v":3432.0,"Time":"2020-12-02T20:10:00Z","Interval":"5min","Figi":"BBG000QBR5J5"}
{"o":82.14,"c":82.21,"h":82.21,"l":82.14,"v":3585.0,"Time":"2020-12-02T20:10:00Z","Interval":"5min","Figi":"BBG000QBR5J5"}
{"o":82.14,"c":82.21,"h":82.21,"l":82.14,"v":3685.0,"Time":"2020-12-02T20:10:00Z","Interval":"5min","Figi":"BBG000QBR5J5"}
{"o":82.14,"c":82.23,"h":82.23,"l":82.14,"v":3883.0,"Time":"2020-12-02T20:10:00Z","Interval":"5min","Figi":"BBG000QBR5J5"}
{"o":82.14,"c":82.23,"h":82.23,"l":82.14,"v":3983.0,"Time":"2020-12-02T20:10:00Z","Interval":"5min","Figi":"BBG000QBR5J5"}
{"o":82.14,"c":82.22,"h":82.23,"l":82.14,"v":4082.0,"Time":"2020-12-02T20:10:00Z","Interval":"5min","Figi":"BBG000QBR5J5"}
{"o":82.14,"c":82.23,"h":82.23,"l":82.14,"v":4184.0,"Time":"2020-12-02T20:10:00Z","Interval":"5min","Figi":"BBG000QBR5J5"}
{"o":82.14,"c":82.24,"h":82.24,"l":82.14,"v":4185.0,"Time":"2020-12-02T20:10:00Z","Interval":"5min","Figi":"BBG000QBR5J5"}
{"o":82.14,"c":82.25,"h":82.25,"l":82.14,"v":4385.0,"Time":"2020-12-02T20:10:00Z","Interval":"5min","Figi":"BBG000QBR5J5"}
{"o":82.14,"c":82.25,"h":82.25,"l":82.14,"v":4485.0,"Time":"2020-12-02T20:10:00Z","Interval":"5min","Figi":"BBG000QBR5J5"}
{"o":82.14,"c":82.27,"h":82.27,"l":82.14,"v":4585.0,"Time":"2020-12-02T20:10:00Z","Interval":"5min","Figi":"BBG000QBR5J5"}
{"o":82.14,"c":82.27,"h":82.27,"l":82.14,"v":4586.0,"Time":"2020-12-02T20:10:00Z","Interval":"5min","Figi":"BBG000QBR5J5"}
{"o":82.14,"c":82.27,"h":82.27,"l":82.14,"v":4686.0,"Time":"2020-12-02T20:10:00Z","Interval":"5min","Figi":"BBG000QBR5J5"}
{"o":82.14,"c":82.27,"h":82.27,"l":82.14,"v":4688.0,"Time":"2020-12-02T20:10:00Z","Interval":"5min","Figi":"BBG000QBR5J5"}
{"o":82.14,"c":82.28,"h":82.28,"l":82.14,"v":4988.0,"Time":"2020-12-02T20:10:00Z","Interval":"5min","Figi":"BBG000QBR5J5"}
{"o":82.14,"c":82.31,"h":82.31,"l":82.14,"v":5397.0,"Time":"2020-12-02T20:10:00Z","Interval":"5min","Figi":"BBG000QBR5J5"}
{"o":82.14,"c":82.32,"h":82.32,"l":82.14,"v":5497.0,"Time":"2020-12-02T20:10:00Z","Interval":"5min","Figi":"BBG000QBR5J5"}
{"o":82.14,"c":82.33,"h":82.33,"l":82.14,"v":5595.0,"Time":"2020-12-02T20:10:00Z","Interval":"5min","Figi":"BBG000QBR5J5"}
{"o":82.14,"c":82.32,"h":82.33,"l":82.14,"v":5596.0,"Time":"2020-12-02T20:10:00Z","Interval":"5min","Figi":"BBG000QBR5J5"}
{"o":82.14,"c":82.31,"h":82.33,"l":82.14,"v":6211.0,"Time":"2020-12-02T20:10:00Z","Interval":"5min","Figi":"BBG000QBR5J5"}
{"o":82.32,"c":82.32,"h":82.32,"l":82.32,"v":100.0,"Time":"2020-12-02T20:15:00Z","Interval":"5min","Figi":"BBG000QBR5J5"}
{"o":82.32,"c":82.35,"h":82.35,"l":82.32,"v":101.0,"Time":"2020-12-02T20:15:00Z","Interval":"5min","Figi":"BBG000QBR5J5"}
{"o":82.32,"c":82.37,"h":82.37,"l":82.32,"v":191.0,"Time":"2020-12-02T20:15:00Z","Interval":"5min","Figi":"BBG000QBR5J5"}
{"o":82.32,"c":82.37,"h":82.37,"l":82.32,"v":201.0,"Time":"2020-12-02T20:15:00Z","Interval":"5min","Figi":"BBG000QBR5J5"}
{"o":82.32,"c":82.35,"h":82.37,"l":82.32,"v":454.0,"Time":"2020-12-02T20:15:00Z","Interval":"5min","Figi":"BBG000QBR5J5"}
{"o":82.32,"c":82.39,"h":82.39,"l":82.32,"v":697.0,"Time":"2020-12-02T20:15:00Z","Interval":"5min","Figi":"BBG000QBR5J5"}
{"o":82.32,"c":82.41,"h":82.41,"l":82.32,"v":750.0,"Time":"2020-12-02T20:15:00Z","Interval":"5min","Figi":"BBG000QBR5J5"}
{"o":82.32,"c":82.41,"h":82.41,"l":82.32,"v":759.0,"Time":"2020-12-02T20:15:00Z","Interval":"5min","Figi":"BBG000QBR5J5"}
{"o":82.32,"c":82.42,"h":82.42,"l":82.32,"v":859.0,"Time":"2020-12-02T20:15:00Z","Interval":"5min","Figi":"BBG000QBR5J5"}
{"o":82.32,"c":82.43,"h":82.43,"l":82.32,"v":1359.0,"Time":"2020-12-02T20:15:00Z","Interval":"5min","Figi":"BBG000QBR5J5"}
{"o":82.32,"c":82.42,"h":82.43,"l":82.32,"v":1361.0,"Time":"2020-12-02T20:15:00Z","Interval":"5min","Figi":"BBG000QBR5J5"}
{"o":82.32,"c":82.43,"h":82.43,"l":82.32,"v":1461.0,"Time":"2020-12-02T20:15:00Z","Interval":"5min","Figi":"BBG000QBR5J5"}
{"o":82.32,"c":82.42,"h":82.43,"l":82.32,"v":1471.0,"Time":"2020-12-02T20:15:00Z","Interval":"5min","Figi":"BBG000QBR5J5"}
{"o":82.32,"c":82.44,"h":82.44,"l":82.32,"v":1671.0,"Time":"2020-12-02T20:15:00Z","Interval":"5min","Figi":"BBG000QBR5J5"}
{"o":82.32,"c":82.44,"h":82.44,"l":82.32,"v":1771.0,"Time":"2020-12-02T20:15:00Z","Interval":"5min","Figi":"BBG000QBR5J5"}
{"o":82.32,"c":82.43,"h":82.44,"l":82.32,"v":1981.0,"Time":"2020-12-02T20:15:00Z","Interval":"5min","Figi":"BBG000QBR5J5"}
{"o":82.32,"c":82.44,"h":82.44,"l":82.32,"v":1986.0,"Time":"2020-12-02T20:15:00Z","Interval":"5min","Figi":"BBG000QBR5J5"}
{"o":82.32,"c":82.45,"h":82.45,"l":82.32,"v":1987.0,"Time":"2020-12-02T20:15:00Z","Interval":"5min","Figi":"BBG000QBR5J5"}
{"o":82.32,"c":82.47,"h":82.47,"l":82.32,"v":2187.0,"Time":"2020-12-02T20:15:00Z","Interval":"5min","Figi":"BBG000QBR5J5"}
{"o":82.32,"c":82.47,"h":82.47,"l":82.32,"v":2403.0,"Time":"2020-12-02T20:15:00Z","Interval":"5min","Figi":"BBG000QBR5J5"}
{"o":82.32,"c":82.46,"h":82.47,"l":82.32,"v":2406.0,"Time":"2020-12-02T20:15:00Z","Interval":"5min","Figi":"BBG000QBR5J5"}
{"o":82.32,"c":82.46,"h":82.47,"l":82.32,"v":2703.0,"Time":"2020-12-02T20:15:00Z","Interval":"5min","Figi":"BBG000QBR5J5"}
{"o":82.32,"c":82.46,"h":82.47,"l":82.32,"v":2903.0,"Time":"2020-12-02T20:15:00Z","Interval":"5min","Figi":"BBG000QBR5J5"}
{"o":82.32,"c":82.44,"h":82.47,"l":82.32,"v":3003.0,"Time":"2020-12-02T20:15:00Z","Interval":"5min","Figi":"BBG000QBR5J5"}
{"o":82.32,"c":82.47,"h":82.47,"l":82.32,"v":3103.0,"Time":"2020-12-02T20:15:00Z","Interval":"5min","Figi":"BBG000QBR5J5"}
{"o":82.32,"c":82.48,"h":82.48,"l":82.32,"v":3203.0,"Time":"2020-12-02T20:15:00Z","Interval":"5min","Figi":"BBG000QBR5J5"}
{"o":82.32,"c":82.49,"h":82.49,"l":82.32,"v":3205.0,"Time":"2020-12-02T20:15:00Z","Interval":"5min","Figi":"BBG000QBR5J5"}
{"o":82.32,"c":82.49,"h":82.49,"l":82.32,"v":3303.0,"Time":"2020-12-02T20:15:00Z","Interval":"5min","Figi":"BBG000QBR5J5"}
{"o":82.32,"c":82.48,"h":82.49,"l":82.32,"v":3428.0,"Time":"2020-12-02T20:15:00Z","Interval":"5min","Figi":"BBG000QBR5J5"}
{"o":82.32,"c":82.49,"h":82.49,"l":82.32,"v":3528.0,"Time":"2020-12-02T20:15:00Z","Interval":"5min","Figi":"BBG000QBR5J5"}
{"o":82.32,"c":82.47,"h":82.49,"l":82.32,"v":3628.0,"Time":"2020-12-02T20:15:00Z","Interval":"5min","Figi":"BBG000QBR5J5"}
{"o":82.32,"c":82.47,"h":82.49,"l":82.32,"v":3634.0,"Time":"2020-12-02T20:15:00Z","Interval":"5min","Figi":"BBG000QBR5J5"}
{"o":82.32,"c":82.47,"h":82.49,"l":82.32,"v":3673.0,"Time":"2020-12-02T20:15:00Z","Interval":"5min","Figi":"BBG000QBR5J5"}
{"o":82.32,"c":82.48,"h":82.49,"l":82.32,"v":3773.0,"Time":"2020-12-02T20:15:00Z","Interval":"5min","Figi":"BBG000QBR5J5"}
{"o":82.32,"c":82.49,"h":82.49,"l":82.32,"v":3973.0,"Time":"2020-12-02T20:15:00Z","Interval":"5min","Figi":"BBG000QBR5J5"}
{"o":82.32,"c":82.48,"h":82.49,"l":82.32,"v":3983.0,"Time":"2020-12-02T20:15:00Z","Interval":"5min","Figi":"BBG000QBR5J5"}
{"o":82.32,"c":82.48,"h":82.49,"l":82.32,"v":4048.0,"Time":"2020-12-02T20:15:00Z","Interval":"5min","Figi":"BBG000QBR5J5"}
{"o":82.32,"c":82.47,"h":82.49,"l":82.32,"v":4131.0,"Time":"2020-12-02T20:15:00Z","Interval":"5min","Figi":"BBG000QBR5J5"}
{"o":82.32,"c":82.47,"h":82.49,"l":82.32,"v":4468.0,"Time":"2020-12-02T20:15:00Z","Interval":"5min","Figi":"BBG000QBR5J5"}
{"o":82.32,"c":82.49,"h":82.49,"l":82.32,"v":4669.0,"Time":"2020-12-02T20:15:00Z","Interval":"5min","Figi":"BBG000QBR5J5"}
{"o":82.32,"c":82.47,"h":82.49,"l":82.32,"v":4869.0,"Time":"2020-12-02T20:15:00Z","Interval":"5min","Figi":"BBG000QBR5J5"}
{"o":82.32,"c":82.48,"h":82.49,"l":82.32,"v":4969.0,"Time":"2020-12-02T20:15:00Z","Interval":"5min","Figi":"BBG000QBR5J5"}
{"o":82.32,"c":82.45,"h":82.49,"l":82.32,"v":4982.0,"Time":"2020-12-02T20:15:00Z","Interval":"5min","Figi":"BBG000QBR5J5"}
{"o":82.32,"c":82.45,"h":82.49,"l":82.32,"v":5182.0,"Time":"2020-12-02T20:15:00Z","Interval":"5min","Figi":"BBG000QBR5J5"}
{"o":82.32,"c":82.45,"h":82.49,"l":82.32,"v":5186.0,"Time":"2020-12-02T20:15:00Z","Interval":"5min","Figi":"BBG000QBR5J5"}
{"o":82.32,"c":82.43,"h":82.49,"l":82.32,"v":5188.0,"Time":"2020-12-02T20:15:00Z","Interval":"5min","Figi":"BBG000QBR5J5"}
{"o":82.43,"c":82.43,"h":82.43,"l":82.43,"v":8.0,"Time":"2020-12-02T20:20:00Z","Interval":"5min","Figi":"BBG000QBR5J5"}
{"o":82.43,"c":82.44,"h":82.44,"l":82.43,"v":14.0,"Time":"2020-12-02T20:20:00Z","Interval":"5min","Figi":"BBG000QBR5J5"}
{"o":82.43,"c":82.44,"h":82.45,"l":82.43,"v":316.0,"Time":"2020-12-02T20:20:00Z","Interval":"5min","Figi":"BBG000QBR5J5"}
{"o":82.43,"c":82.45,"h":82.45,"l":82.43,"v":384.0,"Time":"2020-12-02T20:20:00Z","Interval":"5min","Figi":"BBG000QBR5J5"}
{"o":82.43,"c":82.45,"h":82.45,"l":82.43,"v":485.0,"Time":"2020-12-02T20:20:00Z","Interval":"5min","Figi":"BBG000QBR5J5"}
{"o":82.43,"c":82.45,"h":82.45,"l":82.43,"v":585.0,"Time":"2020-12-02T20:20:00Z","Interval":"5min","Figi":"BBG000QBR5J5"}
{"o":82.43,"c":82.45,"h":82.45,"l":82.43,"v":685.0,"Time":"2020-12-02T20:20:00Z","Interval":"5min","Figi":"BBG000QBR5J5"}
{"o":82.43,"c":82.46,"h":82.46,"l":82.43,"v":688.0,"Time":"2020-12-02T20:20:00Z","Interval":"5min","Figi":"BBG000QBR5J5"}
{"o":82.43,"c":82.46,"h":82.46,"l":82.43,"v":738.0,"Time":"2020-12-02T20:20:00Z","Interval":"5min","Figi":"BBG000QBR5J5"}
{"o":82.43,"c":82.45,"h":82.46,"l":82.43,"v":740.0,"Time":"2020-12-02T20:20:00Z","Interval":"5min","Figi":"BBG000QBR5J5"}
{"o":82.43,"c":82.44,"h":82.46,"l":82.43,"v":756.0,"Time":"2020-12-02T20:20:00Z","Interval":"5min","Figi":"BBG000QBR5J5"}
{"o":82.43,"c":82.43,"h":82.46,"l":82.43,"v":801.0,"Time":"2020-12-02T20:20:00Z","Interval":"5min","Figi":"BBG000QBR5J5"}
{"o":82.43,"c":82.44,"h":82.46,"l":82.43,"v":851.0,"Time":"2020-12-02T20:20:00Z","Interval":"5min","Figi":"BBG000QBR5J5"}
{"o":82.43,"c":82.44,"h":82.46,"l":82.43,"v":900.0,"Time":"2020-12-02T20:20:00Z","Interval":"5min","Figi":"BBG000QBR5J5"}
{"o":82.43,"c":82.43,"h":82.46,"l":82.43,"v":950.0,"Time":"2020-12-02T20:20:00Z","Interval":"5min","Figi":"BBG000QBR5J5"}
{"o":82.43,"c":82.43,"h":82.46,"l":82.43,"v":951.0,"Time":"2020-12-02T20:20:00Z","Interval":"5min","Figi":"BBG000QBR5J5"}
{"o":82.43,"c":82.45,"h":82.46,"l":82.43,"v":1345.0,"Time":"2020-12-02T20:20:00Z","Interval":"5min","Figi":"BBG000QBR5J5"}
{"o":82.43,"c":82.47,"h":82.47,"l":82.43,"v":1571.0,"Time":"2020-12-02T20:20:00Z","Interval":"5min","Figi":"BBG000QBR5J5"}
{"o":82.43,"c":82.47,"h":82.47,"l":82.43,"v":1645.0,"Time":"2020-12-02T20:20:00Z","Interval":"5min","Figi":"BBG000QBR5J5"}
{"o":82.43,"c":82.46,"h":82.47,"l":82.43,"v":1696.0,"Time":"2020-12-02T20:20:00Z","Interval":"5min","Figi":"BBG000QBR5J5"}
{"o":82.43,"c":82.45,"h":82.47,"l":82.43,"v":1697.0,"Time":"2020-12-02T20:20:00Z","Interval":"5min","Figi":"BBG000QBR5J5"}
{"o":82.43,"c":82.44,"h":82.47,"l":82.43,"v":1797.0,"Time":"2020-12-02T20:20:00Z","Interval":"5min","Figi":"BBG000QBR5J5"}
