{"o":71.52,"c":71.64,"h":71.65,"l":71.51,"v":3104.0,"Time":"2020-12-02T19:25:00Z","Interval":"5min","Figi":"BBG000BN5HF7"}
{"o":71.52,"c":71.63,"h":71.65,"l":71.51,"v":3204.0,"Time":"2020-12-02T19:25:00Z","Interval":"5min","Figi":"BBG000BN5HF7"}
{"o":71.52,"c":71.63,"h":71.65,"l":71.51,"v":3355.0,"Time":"2020-12-02T19:25:00Z","Interval":"5min","Figi":"BBG000BN5HF7"}
{"o":71.52,"c":71.62,"h":71.65,"l":71.51,"v":3755.0,"Time":"2020-12-02T19:25:00Z","Interval":"5min","Figi":"BBG000BN5HF7"}
{"o":71.52,"c":71.62,"h":71.65,"l":71.51,"v":3757.0,"Time":"2020-12-02T19:25:00Z","Interval":"5min","Figi":"BBG000BN5HF7"}
{"o":71.52,"c":71.64,"h":71.65,"l":71.51,"v":3857.0,"Time":"2020-12-02T19:25:00Z","Interval":"5min","Figi":"BBG000BN5HF7"}
{"o":71.52,"c":71.64,"h":71.65,"l":71.51,"v":3861.0,"Time":"2020-12-02T19:25:00Z","Interval":"5min","Figi":"BBG000BN5HF7"}
{"o":71.52,"c":71.65,"h":71.65,"l":71.51,"v":3945.0,"Time":"2020-12-02T19:25:00Z","Interval":"5min","Figi":"BBG000BN5HF7"}
{"o":71.52,"c":71.65,"h":71.65,"l":71.51,"v":4045.0,"Time":"2020-12-02T19:25:00Z","Interval":"5min","Figi":"BBG000BN5HF7"}
{"o":71.52,"c":71.62,"h":71.65,"l":71.51,"v":4048.0,"Time":"2020-12-02T19:25:00Z","Interval":"5min","Figi":"BBG000BN5HF7"}
{"o":71.52,"c":71.62,"h":71.65,"l":71.51,"v":4227.0,"Time":"2020-12-02T19:25:00Z","Interval":"5min","Figi":"BBG000BN5HF7"}
{"o":71.52,"c":71.61,"h":71.65,"l":71.51,"v":4327.0,"Time":"2020-12-02T19:25:00Z","Interval":"5min","Figi":"BBG000BN5HF7"}
{"o":71.52,"c":71.61,"h":71.65,"l":71.51,"v":4427.0,"Time":"2020-12-02T19:25:00Z","Interval":"5min","Figi":"BBG000BN5HF7"}
{"o":71.52,"c":71.62,"h":71.65,"l":71.51,"v":4816.0,"Time":"2020-12-02T19:25:00Z","Interval":"5min","Figi":"BBG000BN5HF7"}
{"o":71.52,"c":71.62,"h":71.65,"l":71.51,"v":4856.0,"Time":"2020-12-02T19:25:00Z","Interval":"5min","Figi":"BBG000BN5HF7"}
{"o":71.52,"c":71.63,"h":71.65,"l":71.51,"v":5066.0,"Time":"2020-12-02T19:25:00Z","Interval":"5min","Figi":"BBG000BN5HF7"}
{"o":71.52,"c":71.63,"h":71.65,"l":71.51,"v":5166.0,"Time":"2020-12-02T19:25:00Z","Interval":"5min","Figi":"BBG000BN5HF7"}
{"o":71.52,"c":71.65,"h":71.65,"l":71.51,"v":5311.0,"Time":"2020-12-02T19:25:00Z","Interval":"5min","Figi":"BBG000BN5HF7"}
{"o":71.52,"c":71.64,"h":71.65,"l":71.51,"v":5325.0,"Time":"2020-12-02T19:25:00Z","Interval":"5min","Figi":"BBG000BN5HF7"}
{"o":71.52,"c":71.61,"h":71.65,"l":71.51,"v":5362.0,"Time":"2020-12-02T19:25:00Z","Interval":"5min","Figi":"BBG000BN5HF7"}
{"o":71.52,"c":71.63,"h":71.65,"l":71.51,"v":5471.0,"Time":"2020-12-02T19:25:00Z","Interval":"5min","Figi":"BBG000BN5HF7"}
{"o":71.52,"c":71.61,"h":71.65,"l":71.51,"v":5480.0,"Time":"2020-12-02T19:25:00Z","Interval":"5min","Figi":"BBG000BN5HF7"}
{"o":71.52,"c":71.62,"h":71.65,"l":71.51,"v":5481.0,"Time":"2020-12-02T19:25:00Z","Interval":"5min","Figi":"BBG000BN5HF7"}
{"o":71.52,"c":71.61,"h":71.65,"l":71.51,"v":5484.0,"Time":"2020-12-02T19:25:00Z","Interval":"5min","Figi":"BBG000BN5HF7"}
{"o":71.52,"c":71.6,"h":71.65,"l":71.51,"v":5485.0,"Time":"2020-12-02T19:25:00Z","Interval":"5min","Figi":"BBG000BN5HF7"}
{"o":71.52,"c":71.59,"h":71.65,"l":71.51,"v":5487.0,"Time":"2020-12-02T19:25:00Z","Interval":"5min","Figi":"BBG000BN5HF7"}
{"o":71.52,"c":71.57,"h":71.65,"l":71.51,"v":5687.0,"Time":"2020-12-02T19:25:00Z","Interval":"5min","Figi":"BBG000BN5HF7"}
{"o":71.52,"c":71.6,"h":71.65,"l":71.51,"v":5688.0,"Time":"2020-12-02T19:25:00Z","Interval":"5min","Figi":"BBG000BN5HF7"}
{"o":71.53,"c":71.53,"h":71.53,"l":71.53,"v":50.0,"Time":"2020-12-02T19:30:00Z","Interval":"5min","Figi":"BBG000BN5HF7"}
{"o":71.53,"c":71.51,"h":71.53,"l":71.51,"v":150.0,"Time":"2020-12-02T19:30:00Z","Interval":"5min","Figi":"BBG000BN5HF7"}
{"o":71.53,"c":71.53,"h":71.53,"l":71.51,"v":227.0,"Time":"2020-12-02T19:30:00Z","Interval":"5min","Figi":"BBG000BN5HF7"}
{"o":71.53,"c":71.56,"h":71.56,"l":71.51,"v":228.0,"Time":"2020-12-02T19:30:00Z","Interval":"5min","Figi":"BBG000BN5HF7"}
{"o":71.53,"c":71.56,"h":71.56,"l":71.51,"v":328.0,"Time":"2020-12-02T19:30:00Z","Interval":"5min","Figi":"BBG000BN5HF7"}
{"o":71.53,"c":71.55,"h":71.56,"l":71.51,"v":348.0,"Time":"2020-12-02T19:30:00Z","Interval":"5min","Figi":"BBG000BN5HF7"}
{"o":71.53,"c":71.53,"h":71.56,"l":71.51,"v":587.0,"Time":"2020-12-02T19:30:00Z","Interval":"5min","Figi":"BBG000BN5HF7"}
{"o":71.53,"c":71.49,"h":71.56,"l":71.49,"v":688.0,"Time":"2020-12-02T19:30:00Z","Interval":"5min","Figi":"BBG000BN5HF7"}
{"o":71.53,"c":71.5,"h":71.56,"l":71.49,"v":788.0,"Time":"2020-12-02T19:30:00Z","Interval":"5min","Figi":"BBG000BN5HF7"}
{"o":71.53,"c":71.52,"h":71.56,"l":71.49,"v":791.0,"Time":"2020-12-02T19:30:00Z","Interval":"5min","Figi":"BBG000BN5HF7"}
{"o":71.53,"c":71.53,"h":71.56,"l":71.49,"v":891.0,"Time":"2020-12-02T19:30:00Z","Interval":"5min","Figi":"BBG000BN5HF7"}
{"o":71.53,"c":71.54,"h":71.56,"l":71.49,"v":1140.0,"Time":"2020-12-02T19:30:00Z","Interval":"5min","Figi":"BBG000BN5HF7"}
{"o":71.53,"c":71.55,"h":71.56,"l":71.49,"v":1426.0,"Time":"2020-12-02T19:30:00Z","Interval":"5min","Figi":"BBG000BN5HF7"}
{"o":71.53,"c":71.56,"h":71.56,"l":71.49,"v":1440.0,"Time":"2020-12-02T19:30:00Z","Interval":"5min","Figi":"BBG000BN5HF7"}
{"o":71.53,"c":71.58,"h":71.58,"l":71.49,"v":1449.0,"Time":"2020-12-02T19:30:00Z","Interval":"5min","Figi":"BBG000BN5HF7"}
{"o":71.53,"c":71.6,"h":71.6,"l":71.49,"v":1549.0,"Time":"2020-12-02T19:30:00Z","Interval":"5min","Figi":"BBG000BN5HF7"}
{"o":71.53,"c":71.64,"h":71.64,"l":71.49,"v":1569.0,"Time":"2020-12-02T19:30:00Z","Interval":"5min","Figi":"BBG000BN5HF7"}
{"o":71.53,"c":71.65,"h":71.65,"l":71.49,"v":1669.0,"Time":"2020-12-02T19:30:00Z","Interval":"5min","Figi":"BBG000BN5HF7"}
{"o":71.53,"c":71.65,"h":71.65,"l":71.49,"v":1700.0,"Time":"2020-12-02T19:30:00Z","Interval":"5min","Figi":"BBG000BN5HF7"}
{"o":71.53,"c":71.65,"h":71.65,"l":71.49,"v":1702.0,"Time":"2020-12-02T19:30:00Z","Interval":"5min","Figi":"BBG000BN5HF7"}
{"o":71.53,"c":71.66,"h":71.66,"l":71.49,"v":1708.0,"Time":"2020-12-02T19:30:00Z","Interval":"5min","Figi":"BBG000BN5HF7"}
{"o":71.53,"c":71.68,"h":71.68,"l":71.49,"v":1914.0,"Time":"2020-12-02T19:30:00Z","Interval":"5min","Figi":"BBG000BN5HF7"}
{"o":71.53,"c":71.69,"h":71.69,"l":71.49,"v":2014.0,"Time":"2020-12-02T19:30:00Z","Interval":"5min","Figi":"BBG000BN5HF7"}
{"o":71.53,"c":71.69,"h":71.69,"l":71.49,"v":2114.0,"Time":"2020-12-02T19:30:00Z","Interval":"5min","Figi":"BBG000BN5HF7"}
{"o":71.53,"c":71.7,"h":71.7,"l":71.49,"v":2214.0,"Time":"2020-12-02T19:30:00Z","Interval":"5min","Figi":"BBG000BN5HF7"}
{"o":71.53,"c":71.7,"h":71.7,"l":71.49,"v":2514.0,"Time":"2020-12-02T19:30:00Z","Interval":"5min","Figi":"BBG000BN5HF7"}
{"o":71.53,"c":71.7,"h":71.7,"l":71.49,"v":2614.0,"Time":"2020-12-02T19:30:00Z","Interval":"5min","Figi":"BBG000BN5HF7"}
{"o":71.53,"c":71.69,"h":71.7,"l":71.49,"v":2858.0,"Time":"2020-12-02T19:30:00Z","Interval":"5min","Figi":"BBG000BN5HF7"}
{"o":71.53,"c":71.69,"h":71.7,"l":71.49,"v":2958.0,"Time":"2020-12-02T19:30:00Z","Interval":"5min","Figi":"BBG000BN5HF7"}
{"o":71.53,"c":71.67,"h":71.7,"l":71.49,"v":3072.0,"Time":"2020-12-02T19:30:00Z","Interval":"5min","Figi":"BBG000BN5HF7"}
{"o":71.53,"c":71.68,"h":71.7,"l":71.49,"v":3436.0,"Time":"2020-12-02T19:30:00Z","Interval":"5min","Figi":"BBG000BN5HF7"}
{"o":71.53,"c":71.68,"h":71.7,"l":71.49,"v":3536.0,"Time":"2020-12-02T19:30:00Z","Interval":"5min","Figi":"BBG000BN5HF7"}
{"o":71.53,"c":71.67,"h":71.7,"l":71.49,"v":4036.0,"Time":"2020-12-02T19:30:00Z","Interval":"5min","Figi":"BBG000BN5HF7"}
{"o":71.53,"c":71.65,"h":71.7,"l":71.49,"v":4180.0,"Time":"2020-12-02T19:30:00Z","Interval":"5min","Figi":"BBG000BN5HF7"}
{"o":71.53,"c":71.66,"h":71.7,"l":71.49,"v":4330.0,"Time":"2020-12-02T19:30:00Z","Interval":"5min","Figi":"BBG000BN5HF7"}
{"o":71.53,"c":71.64,"h":71.7,"l":71.49,"v":4430.0,"Time":"2020-12-02T19:30:00Z","Interval":"5min","Figi":"BBG000BN5HF7"}
{"o":71.53,"c":71.63,"h":71.7,"l":71.49,"v":4431.0,"Time":"2020-12-02T19:30:00Z","Interval":"5min","Figi":"BBG000BN5HF7"}
{"o":71.53,"c":71.61,"h":71.7,"l":71.49,"v":4531.0,"Time":"2020-12-02T19:30:00Z","Interval":"5min","Figi":"BBG000BN5HF7"}
{"o":71.53,"c":71.6,"h":71.7,"l":71.49,"v":4539.0,"Time":"2020-12-02T19:30:00Z","Interval":"5min","Figi":"BBG000BN5HF7"}
{"o":71.53,"c":71.61,"h":71.7,"l":71.49,"v":4876.0,"Time":"2020-12-02T19:30:00Z","Interval":"5min","Figi":"BBG000BN5HF7"}
{"o":71.53,"c":71.59,"h":71.7,"l":71.49,"v":4879.0,"Time":"2020-12-02T19:30:00Z","Interval":"5min","Figi":"BBG000BN5HF7"}
{"o":71.53,"c":71.59,"h":71.7,"l":71.49,"v":4882.0,"Time":"2020-12-02T19:30:00Z","Interval":"5min","Figi":"BBG000BN5HF7"}
{"o":71.53,"c":71.59,"h":71.7,"l":71.49,"v":4944.0,"Time":"2020-12-02T19:30:00Z","Interval":"5min","Figi":"BBG000BN5HF7"}
{"o":71.53,"c":71.58,"h":71.7,"l":71.49,"v":5044.0,"Time":"2020-12-02T19:30:00Z","Interval":"5min","Figi":"BBG000BN5HF7"}
{"o":71.53,"c":71.58,"h":71.7,"l":71.49,"v":5064.0,"Time":"2020-12-02T19:30:00Z","Interval":"5min","Figi":"BBG000BN5HF7"}
{"o":71.53,"c":71.59,"h":71.7,"l":71.49,"v":5069.0,"Time":"2020-12-02T19:30:00Z","Interval":"5min","Figi":"BBG000BN5HF7"}
{"o":71.6,"c":71.6,"h":71.6,"l":71.6,"v":437.0,"Time":"2020-12-02T19:35:00Z","Interval":"5min","Figi":"BBG000BN5HF7"}
{"o":71.6,"c":71.6,"h":71.6,"l":71.6,"v":637.0,"Time":"2020-12-02T19:35:00Z","Interval":"5min","Figi":"BBG000BN5HF7"}
{"o":71.6,"c":71.6,"h":71.6,"l":71.6,"v":737.0,"Time":"2020-12-02T19:35:00Z","Interval":"5min","Figi":"BBG000BN5HF7"}
{"o":71.6,"c":71.6,"h":71.6,"l":71.6,"v":937.0,"Time":"2020-12-02T19:35:00Z","Interval":"5min","Figi":"BBG000BN5HF7"}
{"o":71.6,"c":71.6,"h":71.6,"l":71.6,"v":1037.0,"Time":"2020-12-02T19:35:00Z","Interval":"5min","Figi":"BBG000BN5HF7"}
{"o":71.6,"c":71.56,"h":71.6,"l":71.56,"v":1171.0,"Time":"2020-12-02T19:35:00Z","Interval":"5min","Figi":"BBG000BN5HF7"}
{"o":71.6,"c":71.53,"h":71.6,"l":71.53,"v":1471.0,"Time":"2020-12-02T19:35:00Z","Interval":"5min","Figi":"BBG000BN5HF7"}
{"o":71.6,"c":71.54,"h":71.6,"l":71.53,"v":1651.0,"Time":"2020-12-02T19:35:00Z","Interval":"5min","Figi":"BBG000BN5HF7"}
{"o":71.6,"c":71.57,"h":71.6,"l":71.53,"v":1751.0,"Time":"2020-12-02T19:35:00Z","Interval":"5min","Figi":"BBG000BN5HF7"}
{"o":71.6,"c":71.54,"h":71.6,"l":71.53,"v":1851.0,"Time":"2020-12-02T19:35:00Z","Interval":"5min","Figi":"BBG000BN5HF7"}
{"o":71.6,"c":71.53,"h":71.6,"l":71.53,"v":1951.0,"Time":"2020-12-02T19:35:00Z","Interval":"5min","Figi":"BBG000BN5HF7"}
{"o":71.6,"c":71.53,"h":71.6,"l":71.53,"v":2051.0,"Time":"2020-12-02T19:35:00Z","Interval":"5min","Figi":"BBG000BN5HF7"}
{"o":71.6,"c":71.51,"h":71.6,"l":71.51,"v":2071.0,"Time":"2020-12-02T19:35:00Z","Interval":"5min","Figi":"BBG000BN5HF7"}
{"o":71.6,"c":71.49,"h":71.6,"l":71.49,"v":2171.0,"Time":"2020-12-02T19:35:00Z","Interval":"5min","Figi":"BBG000BN5HF7"}
{"o":71.6,"c":71.49,"h":71.6,"l":71.49,"v":2175.0,"Time":"2020-12-02T19:35:00Z","Interval":"5min","Figi":"BBG000BN5HF7"}
{"o":71.6,"c":71.47,"h":71.6,"l":71.47,"v":2198.0,"Time":"2020-12-02T19:35:00Z","Interval":"5min","Figi":"BBG000BN5HF7"}
{"o":71.6,"c":71.47,"h":71.6,"l":71.47,"v":2398.0,"Time":"2020-12-02T19:35:00Z","Interval":"5min","Figi":"BBG000BN5HF7"}
{"o":71.6,"c":71.46,"h":71.6,"l":71.46,"v":2783.0,"Time":"2020-12-02T19:35:00Z","Interval":"5min","Figi":"BBG000BN5HF7"}
{"o":71.6,"c":71.45,"h":71.6,"l":71.45,"v":2793.0,"Time":"2020-12-02T19:35:00Z","Interval":"5min","Figi":"BBG000BN5HF7"}
{"o":71.6,"c":71.42,"h":71.6,"l":71.42,"v":2962.0,"Time":"2020-12-02T19:35:00Z","Interval":"5min","Figi":"BBG000BN5HF7"}
{"o":71.6,"c":71.43,"h":71.6,"l":71.42,"v":2967.0,"Time":"2020-12-02T19:35:00Z","Interval":"5min","Figi":"BBG000BN5HF7"}
{"o":71.6,"c":71.43,"h":71.6,"l":71.42,"v":2982.0,"Time":"2020-12-02T19:35:00Z","Interval":"5min","Figi":"BBG000BN5HF7"}
{"o":71.6,"c":71.42,"h":71.6,"l":71.42,"v":3073.0,"Time":"2020-12-02T19:35:00Z","Interval":"5min","Figi":"BBG000BN5HF7"}
{"o":71.6,"c":71.44,"h":71.6,"l":71.42,"v":3542.0,"Time":"2020-12-02T19:35:00Z","Interval":"5min","Figi":"BBG000BN5HF7"}
{"o":71.6,"c":71.44,"h":71.6,"l":71.42,"v":3756.0,"Time":"2020-12-02T19:35:00Z","Interval":"5min","Figi":"BBG000BN5HF7"}
{"o":71.6,"c":71.45,"h":71.6,"l":71.42,"v":3767.0,"Time":"2020-12-02T19:35:00Z","Interval":"5min","Figi":"BBG000BN5HF7"}
{"o":71.45,"c":71.45,"h":71.45,"l":71.45,"v":100.0,"Time":"2020-12-02T19:40:00Z","Interval":"5min","Figi":"BBG000BN5HF7"}
{"o":71.45,"c":71.46,"h":71.46,"l":71.45,"v":229.0,"Time":"2020-12-02T19:40:00Z","Interval":"5min","Figi":"BBG000BN5HF7"}
{"o":71.45,"c":71.47,"h":71.47,"l":71.45,"v":231.0,"Time":"2020-12-02T19:40:00Z","Interval":"5min","Figi":"BBG000BN5HF7"}
{"o":71.45,"c":71.41,"h":71.47,"l":71.41,"v":320.0,"Time":"2020-12-02T19:40:00Z","Interval":"5min","Figi":"BBG000BN5HF7"}
{"o":71.45,"c":71.4,"h":71.47,"l":71.4,"v":638.0,"Time":"2020-12-02T19:40:00Z","Interval":"5min","Figi":"BBG000BN5HF7"}
{"o":71.45,"c":71.39,"h":71.47,"l":71.39,"v":658.0,"Time":"2020-12-02T19:40:00Z","Interval":"5min","Figi":"BBG000BN5HF7"}
{"o":71.45,"c":71.4,"h":71.47,"l":71.39,"v":671.0,"Time":"2020-12-02T19:40:00Z","Interval":"5min","Figi":"BBG000BN5HF7"}
{"o":71.45,"c":71.41,"h":71.47,"l":71.39,"v":719.0,"Time":"2020-12-02T19:40:00Z","Interval":"5min","Figi":"BBG000BN5HF7"}
{"o":71.45,"c":71.41,"h":71.47,"l":71.39,"v":919.0,"Time":"2020-12-02T19:40:00Z","Interval":"5min","Figi":"BBG000BN5HF7"}
{"o":71.45,"c":71.39,"h":71.47,"l":71.39,"v":922.0,"Time":"2020-12-02T19:40:00Z","Interval":"5min","Figi":"BBG000BN5HF7"}
{"o":71.45,"c":71.37,"h":71.47,"l":71.37,"v":955.0,"Time":"2020-12-02T19:40:00Z","Interval":"5min","Figi":"BBG000BN5HF7"}
{"o":71.45,"c":71.37,"h":71.47,"l":71.37,"v":1022.0,"Time":"2020-12-02T19:40:00Z","Interval":"5min","Figi":"BBG000BN5HF7"}
{"o":71.45,"c":71.35,"h":71.47,"l":71.35,"v":1095.0,"Time":"2020-12-02T19:40:00Z","Interval":"5min","Figi":"BBG000BN5HF7"}
{"o":71.45,"c":71.34,"h":71.47,"l":71.34,"v":1116.0,"Time":"2020-12-02T19:40:00Z","Interval":"5min","Figi":"BBG000BN5HF7"}
{"o":71.45,"c":71.33,"h":71.47,"l":71.33,"v":1416.0,"Time":"2020-12-02T19:40:00Z","Interval":"5min","Figi":"BBG000BN5HF7"}
{"o":71.45,"c":71.33,"h":71.47,"l":71.33,"v":2516.0,"Time":"2020-12-02T19:40:00Z","Interval":"5min","Figi":"BBG000BN5HF7"}
{"o":71.45,"c":71.34,"h":71.47,"l":71.33,"v":2519.0,"Time":"2020-12-02T19:40:00Z","Interval":"5min","Figi":"BBG000BN5HF7"}
{"o":71.45,"c":71.34,"h":71.47,"l":71.33,"v":2520.0,"Time":"2020-12-02T19:40:00Z","Interval":"5min","Figi":"BBG000BN5HF7"}
{"o":71.45,"c":71.32,"h":71.47,"l":71.32,"v":2521.0,"Time":"2020-12-02T19:40:00Z","Interval":"5min","Figi":"BBG000BN5HF7"}
{"o":71.45,"c":71.32,"h":71.47,"l":71.32,"v":2535.0,"Time":"2020-12-02T19:40:00Z","Interval":"5min","Figi":"BBG000BN5HF7"}
{"o":71.45,"c":71.32,"h":71.47,"l":71.32,"v":2551.0,"Time":"2020-12-02T19:40:00Z","Interval":"5min","Figi":"BBG000BN5HF7"}
{"o":71.45,"c":71.34,"h":71.47,"l":71.32,"v":2853.0,"Time":"2020-12-02T19:40:00Z","Interval":"5min","Figi":"BBG000BN5HF7"}
{"o":71.45,"c":71.34,"h":71.47,"l":71.32,"v":3066.0,"Time":"2020-12-02T19:40:00Z","Interval":"5min","Figi":"BBG000BN5HF7"}
{"o":71.45,"c":71.35,"h":71.47,"l":71.32,"v":3384.0,"Time":"2020-12-02T19:40:00Z","Interval":"5min","Figi":"BBG000BN5HF7"}
{"o":71.45,"c":71.36,"h":71.47,"l":71.32,"v":3484.0,"Time":"2020-12-02T19:40:00Z","Interval":"5min","Figi":"BBG000BN5HF7"}
{"o":71.45,"c":71.36,"h":71.47,"l":71.32,"v":3880.0,"Time":"2020-12-02T19:40:00Z","Interval":"5min","Figi":"BBG000BN5HF7"}
{"o":71.45,"c":71.39,"h":71.47,"l":71.32,"v":3980.0,"Time":"2020-12-02T19:40:00Z","Interval":"5min","Figi":"BBG000BN5HF7"}
{"o":71.45,"c":71.4,"h":71.47,"l":71.32,"v":3994.0,"Time":"2020-12-02T19:40:00Z","Interval":"5min","Figi":"BBG000BN5HF7"}
{"o":71.45,"c":71.4,"h":71.47,"l":71.32,"v":4094.0,"Time":"2020-12-02T19:40:00Z","Interval":"5min","Figi":"BBG000BN5HF7"}
{"o":71.45,"c":71.4,"h":71.47,"l":71.32,"v":4194.0,"Time":"2020-12-02T19:40:00Z","Interval":"5min","Figi":"BBG000BN5HF7"}
{"o":71.45,"c":71.41,"h":71.47,"l":71.32,"v":4201.0,"Time":"2020-12-02T19:40:00Z","Interval":"5min","Figi":"BBG000BN5HF7"}
{"o":71.41,"c":71.41,"h":71.41,"l":71.41,"v":114.0,"Time":"2020-12-02T19:45:00Z","Interval":"5min","Figi":"BBG000BN5HF7"}
{"o":71.41,"c":71.4,"h":71.41,"l":71.4,"v":213.0,"Time":"2020-12-02T19:45:00Z","Interval":"5min","Figi":"BBG000BN5HF7"}
{"o":71.41,"c":71.4,"h":71.41,"l":71.4,"v":214.0,"Time":"2020-12-02T19:45:00Z","Interval":"5min","Figi":"BBG000BN5HF7"}
{"o":71.41,"c":71.38,"h":71.41,"l":71.38,"v":215.0,"Time":"2020-12-02T19:45:00Z","Interval":"5min","Figi":"BBG000BN5HF7"}
{"o":71.41,"c":71.38,"h":71.41,"l":71.38,"v":315.0,"Time":"2020-12-02T19:45:00Z","Interval":"5min","Figi":"BBG000BN5HF7"}
{"o":71.41,"c":71.39,"h":71.41,"l":71.38,"v":415.0,"Time":"2020-12-02T19:45:00Z","Interval":"5min","Figi":"BBG000BN5HF7"}
{"o":71.41,"c":71.4,"h":71.41,"l":71.38,"v":525.0,"Time":"2020-12-02T19:45:00Z","Interval":"5min","Figi":"BBG000BN5HF7"}
{"o":71.41,"c":71.4,"h":71.41,"l":71.38,"v":527.0,"Time":"2020-12-02T19:45:00Z","Interval":"5min","Figi":"BBG000BN5HF7"}
{"o":71.41,"c":71.41,"h":71.41,"l":71.38,"v":627.0,"Time":"2020-12-02T19:45:00Z","Interval":"5min","Figi":"BBG000BN5HF7"}
{"o":71.41,"c":71.42,"h":71.42,"l":71.38,"v":798.0,"Time":"2020-12-02T19:45:00Z","Interval":"5min","Figi":"BBG000BN5HF7"}
{"o":71.41,"c":71.44,"h":71.44,"l":71.38,"v":973.0,"Time":"2020-12-02T19:45:00Z","Interval":"5min","Figi":"BBG000BN5HF7"}
{"o":71.41,"c":71.43,"h":71.44,"l":71.38,"v":1073.0,"Time":"2020-12-02T19:45:00Z","Interval":"5min","Figi":"BBG000BN5HF7"}
{"o":71.41,"c":71.43,"h":71.44,"l":71.38,"v":1087.0,"Time":"2020-12-02T19:45:00Z","Interval":"5min","Figi":"BBG000BN5HF7"}
{"o":71.41,"c":71.43,"h":71.44,"l":71.38,"v":1190.0,"Time":"2020-12-02T19:45:00Z","Interval":"5min","Figi":"BBG000BN5HF7"}
{"o":71.41,"c":71.42,"h":71.44,"l":71.38,"v":1290.0,"Time":"2020-12-02T19:45:00Z","Interval":"5min","Figi":"BBG000BN5HF7"}
{"o":71.41,"c":71.42,"h":71.44,"l":71.38,"v":1304.0,"Time":"2020-12-02T19:45:00Z","Interval":"5min","Figi":"BBG000BN5HF7"}
{"o":71.41,"c":71.42,"h":71.44,"l":71.38,"v":1415.0,"Time":"2020-12-02T19:45:00Z","Interval":"5min","Figi":"BBG000BN5HF7"}
{"o":71.41,"c":71.46,"h":71.46,"l":71.38,"v":1421.0,"Time":"2020-12-02T19:45:00Z","Interval":"5min","Figi":"BBG000BN5HF7"}
{"o":71.41,"c":71.47,"h":71.47,"l":71.38,"v":1621.0,"Time":"2020-12-02T19:45:00Z","Interval":"5min","Figi":"BBG000BN5HF7"}
{"o":71.41,"c":71.54,"h":71.54,"l":71.38,"v":2221.0,"Time":"2020-12-02T19:45:00Z","Interval":"5min","Figi":"BBG000BN5HF7"}
{"o":71.41,"c":71.55,"h":71.55,"l":71.38,"v":2726.0,"Time":"2020-12-02T19:45:00Z","Interval":"5min","Figi":"BBG000BN5HF7"}
{"o":71.41,"c":71.56,"h":71.56,"l":71.38,"v":3626.0,"Time":"2020-12-02T19:45:00Z","Interval":"5min","Figi":"BBG000BN5HF7"}
{"o":71.41,"c":71.56,"h":71.56,"l":71.38,"v":4226.0,"Time":"2020-12-02T19:45:00Z","Interval":"5min","Figi":"BBG000BN5HF7"}
{"o":71.41,"c":71.56,"h":71.56,"l":71.38,"v":6026.0,"Time":"2020-12-02T19:45:00Z","Interval":"5min","Figi":"BBG000BN5HF7"}
{"o":71.41,"c":71.55,"h":71.56,"l":71.38,"v":6226.0,"Time":"2020-12-02T19:45:00Z","Interval":"5min","Figi":"BBG000BN5HF7"}
{"o":71.41,"c":71.52,"h":71.56,"l":71.38,"v":6405.0,"Time":"2020-12-02T19:45:00Z","Interval":"5min","Figi":"BBG000BN5HF7"}
{"o":71.41,"c":71.48,"h":71.56,"l":71.38,"v":6424.0,"Time":"2020-12-02T19:45:00Z","Interval":"5min","Figi":"BBG000BN5HF7"}
{"o":71.41,"c":71.47,"h":71.56,"l":71.38,"v":6425.0,"Time":"2020-12-02T19:45:00Z","Interval":"5min","Figi":"BBG000BN5HF7"}
{"o":71.41,"c":71.49,"h":71.56,"l":71.38,"v":7095.0,"Time":"2020-12-02T19:45:00Z","Interval":"5min","Figi":"BBG000BN5HF7"}
{"o":71.41,"c":71.52,"h":71.56,"l":71.38,"v":8504.0,"Time":"2020-12-02T19:45:00Z","Interval":"5min","Figi":"BBG000BN5HF7"}
{"o":71.41,"c":71.52,"h":71.56,"l":71.38,"v":8525.0,"Time":"2020-12-02T19:45:00Z","Interval":"5min","Figi":"BBG000BN5HF7"}
{"o":71.41,"c":71.48,"h":71.56,"l":71.38,"v":8716.0,"Time":"2020-12-02T19:45:00Z","Interval":"5min","Figi":"BBG000BN5HF7"}
{"o":71.41,"c":71.5,"h":71.56,"l":71.38,"v":8721.0,"Time":"2020-12-02T19:45:00Z","Interval":"5min","Figi":"BBG000BN5HF7"}
{"o":71.41,"c":71.52,"h":71.56,"l":71.38,"v":8776.0,"Time":"2020-12-02T19:45:00Z","Interval":"5min","Figi":"BBG000BN5HF7"}
{"o":71.52,"c":71.52,"h":71.52,"l":71.52,"v":315.0,"Time":"2020-12-02T19:50:00Z","Interval":"5min","Figi":"BBG000BN5HF7"}
{"o":71.52,"c":71.55,"h":71.55,"l":71.52,"v":415.0,"Time":"2020-12-02T19:50:00Z","Interval":"5min","Figi":"BBG000BN5HF7"}
{"o":71.52,"c":71.52,"h":71.55,"l":71.52,"v":432.0,"Time":"2020-12-02T19:50:00Z","Interval":"5min","Figi":"BBG000BN5HF7"}
{"o":71.52,"c":71.49,"h":71.55,"l":71.49,"v":433.0,"Time":"2020-12-02T19:50:00Z","Interval":"5min","Figi":"BBG000BN5HF7"}
{"o":71.52,"c":71.51,"h":71.55,"l":71.49,"v":533.0,"Time":"2020-12-02T19:50:00Z","Interval":"5min","Figi":"BBG000BN5HF7"}
{"o":71.52,"c":71.52,"h":71.55,"l":71.49,"v":733.0,"Time":"2020-12-02T19:50:00Z","Interval":"5min","Figi":"BBG000BN5HF7"}
{"o":71.52,"c":71.54,"h":71.55,"l":71.49,"v":783.0,"Time":"2020-12-02T19:50:00Z","Interval":"5min","Figi":"BBG000BN5HF7"}
{"o":71.52,"c":71.57,"h":71.57,"l":71.49,"v":983.0,"Time":"2020-12-02T19:50:00Z","Interval":"5min","Figi":"BBG000BN5HF7"}
{"o":71.52,"c":71.63,"h":71.63,"l":71.49,"v":1083.0,"Time":"2020-12-02T19:50:00Z","Interval":"5min","Figi":"BBG000BN5HF7"}
{"o":71.52,"c":71.66,"h":71.66,"l":71.49,"v":1183.0,"Time":"2020-12-02T19:50:00Z","Interval":"5min","Figi":"BBG000BN5HF7"}
{"o":71.52,"c":71.66,"h":71.66,"l":71.49,"v":1236.0,"Time":"2020-12-02T19:50:00Z","Interval":"5min","Figi":"BBG000BN5HF7"}
{"o":71.52,"c":71.66,"h":71.66,"l":71.49,"v":1256.0,"Time":"2020-12-02T19:50:00Z","Interval":"5min","Figi":"BBG000BN5HF7"}
{"o":71.52,"c":71.66,"h":71.66,"l":71.49,"v":1276.0,"Time":"2020-12-02T19:50:00Z","Interval":"5min","Figi":"BBG000BN5HF7"}
{"o":71.52,"c":71.66,"h":71.66,"l":71.49,"v":1317.0,"Time":"2020-12-02T19:50:00Z","Interval":"5min","Figi":"BBG000BN5HF7"}
{"o":71.52,"c":71.63,"h":71.66,"l":71.49,"v":1533.0,"Time":"2020-12-02T19:50:00Z","Interval":"5min","Figi":"BBG000BN5HF7"}
{"o":71.52,"c":71.63,"h":71.66,"l":71.49,"v":1534.0,"Time":"2020-12-02T19:50:00Z","Interval":"5min","Figi":"BBG000BN5HF7"}
{"o":71.52,"c":71.62,"h":71.66,"l":71.49,"v":1543.0,"Time":"2020-12-02T19:50:00Z","Interval":"5min","Figi":"BBG000BN5HF7"}
{"o":71.52,"c":71.64,"h":71.66,"l":71.49,"v":1793.0,"Time":"2020-12-02T19:50:00Z","Interval":"5min","Figi":"BBG000BN5HF7"}
{"o":71.52,"c":71.65,"h":71.66,"l":71.49,"v":1976.0,"Time":"2020-12-02T19:50:00Z","Interval":"5min","Figi":"BBG000BN5HF7"}
{"o":71.52,"c":71.6,"h":71.66,"l":71.49,"v":2051.0,"Time":"2020-12-02T19:50:00Z","Interval":"5min","Figi":"BBG000BN5HF7"}
{"o":71.52,"c":71.6,"h":71.66,"l":71.49,"v":2176.0,"Time":"2020-12-02T19:50:00Z","Interval":"5min","Figi":"BBG000BN5HF7"}
{"o":71.52,"c":71.59,"h":71.66,"l":71.49,"v":2276.0,"Time":"2020-12-02T19:50:00Z","Interval":"5min","Figi":"BBG000BN5HF7"}
{"o":71.52,"c":71.59,"h":71.66,"l":71.49,"v":2276.0,"Time":"2020-12-02T19:50:00Z","Interval":"5min","Figi":"BBG000BN5HF7"}
{"o":71.52,"c":71.59,"h":71.66,"l":71.49,"v":2280.0,"Time":"2020-12-02T19:50:00Z","Interval":"5min","Figi":"BBG000BN5HF7"}
{"o":71.52,"c":71.6,"h":71.66,"l":71.49,"v":2300.0,"Time":"2020-12-02T19:50:00Z","Interval":"5min","Figi":"BBG000BN5HF7"}
{"o":71.52,"c":71.6,"h":71.66,"l":71.49,"v":2380.0,"Time":"2020-12-02T19:50:00Z","Interval":"5min","Figi":"BBG000BN5HF7"}
{"o":71.52,"c":71.57,"h":71.66,"l":71.49,"v":2480.0,"Time":"2020-12-02T19:50:00Z","Interval":"5min","Figi":"BBG000BN5HF7"}
{"o":71.52,"c":71.57,"h":71.66,"l":71.49,"v":2580.0,"Time":"2020-12-02T19:50:00Z","Interval":"5min","Figi":"BBG000BN5HF7"}
{"o":71.52,"c":71.58,"h":71.66,"l":71.49,"v":2655.0,"Time":"2020-12-02T19:50:00Z","Interval":"5min","Figi":"BBG000BN5HF7"}
{"o":71.52,"c":71.57,"h":71.66,"l":71.49,"v":2705.0,"Time":"2020-12-02T19:50:00Z","Interval":"5min","Figi":"BBG000BN5HF7"}
{"o":71.52,"c":71.58,"h":71.66,"l":71.49,"v":2714.0,"Time":"2020-12-02T19:50:00Z","Interval":"5min","Figi":"BBG000BN5HF7"}
{"o":71.52,"c":71.58,"h":71.66,"l":71.49,"v":2720.0,"Time":"2020-12-02T19:50:00Z","Interval":"5min","Figi":"BBG000BN5HF7"}
{"o":71.52,"c":71.58,"h":71.66,"l":71.49,"v":2787.0,"Time":"2020-12-02T19:50:00Z","Interval":"5min","Figi":"BBG000BN5HF7"}
{"o":71.56,"c":71.56,"h":71.56,"l":71.56,"v":100.0,"Time":"2020-12-02T19:55:00Z","Interval":"5min","Figi":"BBG000BN5HF7"}
{"o":71.56,"c":71.56,"h":71.56,"l":71.56,"v":200.0,"Time":"2020-12-02T19:55:00Z","Interval":"5min","Figi":"BBG000BN5HF7"}
{"o":71.56,"c":71.55,"h":71.56,"l":71.55,"v":205.0,"Time":"2020-12-02T19:55:00Z","Interval":"5min","Figi":"BBG000BN5HF7"}
{"o":71.56,"c":71.54,"h":71.56,"l":71.54,"v":305.0,"Time":"2020-12-02T19:55:00Z","Interval":"5min","Figi":"BBG000BN5HF7"}
{"o":71.56,"c":71.55,"h":71.57,"l":71.54,"v":805.0,"Time":"2020-12-02T19:55:00Z","Interval":"5min","Figi":"BBG000BN5HF7"}
{"o":71.56,"c":71.55,"h":71.57,"l":71.54,"v":1165.0,"Time":"2020-12-02T19:55:00Z","Interval":"5min","Figi":"BBG000BN5HF7"}
{"o":71.56,"c":71.54,"h":71.57,"l":71.54,"v":1255.0,"Time":"2020-12-02T19:55:00Z","Interval":"5min","Figi":"BBG000BN5HF7"}
{"o":71.56,"c":71.54,"h":71.57,"l":71.54,"v":1277.0,"Time":"2020-12-02T19:55:00Z","Interval":"5min","Figi":"BBG000BN5HF7"}
{"o":71.56,"c":71.54,"h":71.57,"l":71.54,"v":1312.0,"Time":"2020-12-02T19:55:00Z","Interval":"5min","Figi":"BBG000BN5HF7"}
{"o":71.56,"c":71.54,"h":71.57,"l":71.54,"v":1362.0,"Time":"2020-12-02T19:55:00Z","Interval":"5min","Figi":"BBG000BN5HF7"}
{"o":71.56,"c":71.56,"h":71.57,"l":71.54,"v":1413.0,"Time":"2020-12-02T19:55:00Z","Interval":"5min","Figi":"BBG000BN5HF7"}
{"o":71.56,"c":71.56,"h":71.57,"l":71.54,"v":1718.0,"Time":"2020-12-02T19:55:00Z","Interval":"5min","Figi":"BBG000BN5HF7"}
{"o":71.56,"c":71.58,"h":71.58,"l":71.54,"v":1907.0,"Time":"2020-12-02T19:55:00Z","Interval":"5min","Figi":"BBG000BN5HF7"}
{"o":71.56,"c":71.6,"h":71.6,"l":71.54,"v":2007.0,"Time":"2020-12-02T19:55:00Z","Interval":"5min","Figi":"BBG000BN5HF7"}
{"o":71.56,"c":71.6,"h":71.6,"l":71.54,"v":2099.0,"Time":"2020-12-02T19:55:00Z","Interval":"5min","Figi":"BBG000BN5HF7"}
{"o":71.56,"c":71.61,"h":71.61,"l":71.54,"v":2707.0,"Time":"2020-12-02T19:55:00Z","Interval":"5min","Figi":"BBG000BN5HF7"}
{"o":71.56,"c":71.61,"h":71.61,"l":71.54,"v":2807.0,"Time":"2020-12-02T19:55:00Z","Interval":"5min","Figi":"BBG000BN5HF7"}
{"o":71.56,"c":71.63,"h":71.63,"l":71.54,"v":2813.0,"Time":"2020-12-02T19:55:00Z","Interval":"5min","Figi":"BBG000BN5HF7"}
{"o":71.56,"c":71.65,"h":71.65,"l":71.54,"v":2890.0,"Time":"2020-12-02T19:55:00Z","Interval":"5min","Figi":"BBG000BN5HF7"}
{"o":71.56,"c":71.62,"h":71.65,"l":71.54,"v":2990.0,"Time":"2020-12-02T19:55:00Z","Interval":"5min","Figi":"BBG000BN5HF7"}
{"o":71.56,"c":71.62,"h":71.65,"l":71.54,"v":3216.0,"Time":"2020-12-02T19:55:00Z","Interval":"5min","Figi":"BBG000BN5HF7"}
{"o":71.56,"c":71.61,"h":71.65,"l":71.54,"v":3218.0,"Time":"2020-12-02T19:55:00Z","Interval":"5min","Figi":"BBG000BN5HF7"}
{"o":71.56,"c":71.61,"h":71.65,"l":71.54,"v":3222.0,"Time":"2020-12-02T19:55:00Z","Interval":"5min","Figi":"BBG000BN5HF7"}
{"o":71.56,"c":71.6,"h":71.65,"l":71.54,"v":3247.0,"Time":"2020-12-02T19:55:00Z","Interval":"5min","Figi":"BBG000BN5HF7"}
{"o":71.56,"c":71.6,"h":71.65,"l":71.54,"v":3402.0,"Time":"2020-12-02T19:55:00Z","Interval":"5min","Figi":"BBG000BN5HF7"}
{"o":71.56,"c":71.6,"h":71.65,"l":71.54,"v":3467.0,"Time":"2020-12-02T19:55:00Z","Interval":"5min","Figi":"BBG000BN5HF7"}
{"o":71.56,"c":71.62,"h":71.65,"l":71.54,"v":3490.0,"Time":"2020-12-02T19:55:00Z","Interval":"5min","Figi":"BBG000BN5HF7"}
{"o":71.56,"c":71.62,"h":71.65,"l":71.54,"v":3783.0,"Time":"2020-12-02T19:55:00Z","Interval":"5min","Figi":"BBG000BN5HF7"}
{"o":71.56,"c":71.62,"h":71.65,"l":71.54,"v":3883.0,"Time":"2020-12-02T19:55:00Z","Interval":"5min","Figi":"BBG000BN5HF7"}
{"o":71.56,"c":71.64,"h":71.65,"l":71.54,"v":3899.0,"Time":"2020-12-02T19:55:00Z","Interval":"5min","Figi":"BBG000BN5HF7"}
{"o":71.56,"c":71.63,"h":71.65,"l":71.54,"v":3999.0,"Time":"2020-12-02T19:55:00Z","Interval":"5min","Figi":"BBG000BN5HF7"}
{"o":71.56,"c":71.63,"h":71.65,"l":71.54,"v":4099.0,"Time":"2020-12-02T19:55:00Z","Interval":"5min","Figi":"BBG000BN5HF7"}
{"o":71.56,"c":71.62,"h":71.65,"l":71.54,"v":4299.0,"Time":"2020-12-02T19:55:00Z","Interval":"5min","Figi":"BBG000BN5HF7"}
{"o":71.56,"c":71.63,"h":71.65,"l":71.54,"v":4449.0,"Time":"2020-12-02T19:55:00Z","Interval":"5min","Figi":"BBG000BN5HF7"}
{"o":71.56,"c":71.63,"h":71.65,"l":71.54,"v":4449.0,"Time":"2020-12-02T19:55:00Z","Interval":"5min","Figi":"BBG000BN5HF7"}
{"o":71.56,"c":71.61,"h":71.65,"l":71.54,"v":4450.0,"Time":"2020-12-02T19:55:00Z","Interval":"5min","Figi":"BBG000BN5HF7"}
{"o":71.56,"c":71.6,"h":71.65,"l":71.54,"v":4651.0,"Time":"2020-12-02T19:55:00Z","Interval":"5min","Figi":"BBG000BN5HF7"}
{"o":71.56,"c":71.6,"h":71.65,"l":71.54,"v":4821.0,"Time":"2020-12-02T19:55:00Z","Interval":"5min","Figi":"BBG000BN5HF7"}
{"o":71.56,"c":71.59,"h":71.65,"l":71.54,"v":4987.0,"Time":"2020-12-02T19:55:00Z","Interval":"5min","Figi":"BBG000BN5HF7"}
{"o":71.56,"c":71.55,"h":71.65,"l":71.54,"v":5187.0,"Time":"2020-12-02T19:55:00Z","Interval":"5min","Figi":"BBG000BN5HF7"}
{"o":71.56,"c":71.54,"h":71.65,"l":71.54,"v":5293.0,"Time":"2020-12-02T19:55:00Z","Interval":"5min","Figi":"BBG000BN5HF7"}
{"o":71.56,"c":71.54,"h":71.65,"l":71.54,"v":5312.0,"Time":"2020-12-02T19:55:00Z","Interval":"5min","Figi":"BBG000BN5HF7"}
{"o":71.56,"c":71.55,"h":71.65,"l":71.54,"v":5412.0,"Time":"2020-12-02T19:55:00Z","Interval":"5min","Figi":"BBG000BN5HF7"}
{"o":71.56,"c":71.56,"h":71.65,"l":71.54,"v":5512.0,"Time":"2020-12-02T19:55:00Z","Interval":"5min","Figi":"BBG000BN5HF7"}
{"o":71.56,"c":71.55,"h":71.65,"l":71.54,"v":5912.0,"Time":"2020-12-02T19:55:00Z","Interval":"5min","Figi":"BBG000BN5HF7"}
{"o":71.56,"c":71.54,"h":71.65,"l":71.54,"v":5931.0,"Time":"2020-12-02T19:55:00Z","Interval":"5min","Figi":"BBG000BN5HF7"}
{"o":71.56,"c":71.52,"h":71.65,"l":71.52,"v":6031.0,"Time":"2020-12-02T19:55:00Z","Interval":"5min","Figi":"BBG000BN5HF7"}
{"o":71.49,"c":71.49,"h":71.49,"l":71.49,"v":200.0,"Time":"2020-12-02T20:00:00Z","Interval":"5min","Figi":"BBG000BN5HF7"}
{"o":71.49,"c":71.5,"h":71.5,"l":71.49,"v":314.0,"Time":"2020-12-02T20:00:00Z","Interval":"5min","Figi":"BBG000BN5HF7"}
{"o":71.49,"c":71.49,"h":71.5,"l":71.49,"v":324.0,"Time":"2020-12-02T20:00:00Z","Interval":"5min","Figi":"BBG000BN5HF7"}
{"o":71.49,"c":71.49,"h":71.5,"l":71.49,"v":325.0,"Time":"2020-12-02T20:00:00Z","Interval":"5min","Figi":"BBG000BN5HF7"}
{"o":71.49,"c":71.48,"h":71.5,"l":71.48,"v":327.0,"Time":"2020-12-02T20:00:00Z","Interval":"5min","Figi":"BBG000BN5HF7"}
{"o":71.49,"c":71.51,"h":71.51,"l":71.48,"v":404.0,"Time":"2020-12-02T20:00:00Z","Interval":"5min","Figi":"BBG000BN5HF7"}
{"o":71.49,"c":71.51,"h":71.51,"l":71.48,"v":504.0,"Time":"2020-12-02T20:00:00Z","Interval":"5min","Figi":"BBG000BN5HF7"}
{"o":71.49,"c":71.52,"h":71.52,"l":71.48,"v":666.0,"Time":"2020-12-02T20:00:00Z","Interval":"5min","Figi":"BBG000BN5HF7"}
{"o":71.49,"c":71.51,"h":71.52,"l":71.48,"v":668.0,"Time":"2020-12-02T20:00:00Z","Interval":"5min","Figi":"BBG000BN5HF7"}
{"o":71.49,"c":71.51,"h":71.52,"l":71.48,"v":705.0,"Time":"2020-12-02T20:00:00Z","Interval":"5min","Figi":"BBG000BN5HF7"}
{"o":71.49,"c":71.51,"h":71.52,"l":71.48,"v":780.0,"Time":"2020-12-02T20:00:00Z","Interval":"5min","Figi":"BBG000BN5HF7"}
{"o":71.49,"c":71.51,"h":71.52,"l":71.48,"v":781.0,"Time":"2020-12-02T20:00:00Z","Interval":"5min","Figi":"BBG000BN5HF7"}
{"o":71.49,"c":71.52,"h":71.52,"l":71.48,"v":946.0,"Time":"2020-12-02T20:00:00Z","Interval":"5min","Figi":"BBG000BN5HF7"}
{"o":71.49,"c":71.53,"h":71.53,"l":71.48,"v":952.0,"Time":"2020-12-02T20:00:00Z","Interval":"5min","Figi":"BBG000BN5HF7"}
{"o":71.49,"c":71.53,"h":71.53,"l":71.48,"v":1052.0,"Time":"2020-12-02T20:00:00Z","Interval":"5min","Figi":"BBG000BN5HF7"}
{"o":71.49,"c":71.52,"h":71.53,"l":71.48,"v":1053.0,"Time":"2020-12-02T20:00:00Z","Interval":"5min","Figi":"BBG000BN5HF7"}
{"o":71.49,"c":71.52,"h":71.53,"l":71.48,"v":1067.0,"Time":"2020-12-02T20:00:00Z","Interval":"5min","Figi":"BBG000BN5HF7"}
{"o":71.49,"c":71.55,"h":71.55,"l":71.48,"v":1167.0,"Time":"2020-12-02T20:00:00Z","Interval":"5min","Figi":"BBG000BN5HF7"}
{"o":71.49,"c":71.54,"h":71.55,"l":71.48,"v":1267.0,"Time":"2020-12-02T20:00:00Z","Interval":"5min","Figi":"BBG000BN5HF7"}
{"o":71.49,"c":71.54,"h":71.55,"l":71.48,"v":1735.0,"Time":"2020-12-02T20:00:00Z","Interval":"5min","Figi":"BBG000BN5HF7"}
{"o":71.49,"c":71.54,"h":71.55,"l":71.48,"v":1935.0,"Time":"2020-12-02T20:00:00Z","Interval":"5min","Figi":"BBG000BN5HF7"}
{"o":71.49,"c":71.54,"h":71.55,"l":71.48,"v":1975.0,"Time":"2020-12-02T20:00:00Z","Interval":"5min","Figi":"BBG000BN5HF7"}
{"o":71.49,"c":71.54,"h":71.55,"l":71.48,"v":2125.0,"Time":"2020-12-02T20:00:00Z","Interval":"5min","Figi":"BBG000BN5HF7"}
{"o":71.49,"c":71.54,"h":71.55,"l":71.48,"v":2175.0,"Time":"2020-12-02T20:00:00Z","Interval":"5min","Figi":"BBG000BN5HF7"}
{"o":71.49,"c":71.54,"h":71.55,"l":71.48,"v":2297.0,"Time":"2020-12-02T20:00:00Z","Interval":"5min","Figi":"BBG000BN5HF7"}
{"o":71.49,"c":71.54,"h":71.55,"l":71.48,"v":2526.0,"Time":"2020-12-02T20:00:00Z","Interval":"5min","Figi":"BBG000BN5HF7"}
{"o":71.49,"c":71.54,"h":71.55,"l":71.48,"v":2529.0,"Time":"2020-12-02T20:00:00Z","Interval":"5min","Figi":"BBG000BN5HF7"}
{"o":71.49,"c":71.53,"h":71.55,"l":71.48,"v":2609.0,"Time":"2020-12-02T20:00:00Z","Interval":"5min","Figi":"BBG000BN5HF7"}
{"o":71.49,"c":71.53,"h":71.55,"l":71.48,"v":2618.0,"Time":"2020-12-02T20:00:00Z","Interval":"5min","Figi":"BBG000BN5HF7"}
{"o":71.49,"c":71.53,"h":71.55,"l":71.48,"v":2630.0,"Time":"2020-12-02T20:00:00Z","Interval":"5min","Figi":"BBG000BN5HF7"}
{"o":71.49,"c":71.54,"h":71.55,"l":71.48,"v":2637.0,"Time":"2020-12-02T20:00:00Z","Interval":"5min","Figi":"BBG000BN5HF7"}
{"o":71.49,"c":71.55,"h":71.55,"l":71.48,"v":2737.0,"Time":"2020-12-02T20:00:00Z","Interval":"5min","Figi":"BBG000BN5HF7"}
{"o":71.49,"c":71.55,"h":71.55,"l":71.48,"v":2738.0,"Time":"2020-12-02T20:00:00Z","Interval":"5min","Figi":"BBG000BN5HF7"}
{"o":71.49,"c":71.55,"h":71.55,"l":71.48,"v":2831.0,"Time":"2020-12-02T20:00:00Z","Interval":"5min","Figi":"BBG000BN5HF7"}
{"o":71.49,"c":71.55,"h":71.55,"l":71.48,"v":2838.0,"Time":"2020-12-02T20:00:00Z","Interval":"5min","Figi":"BBG000BN5HF7"}
{"o":71.49,"c":71.54,"h":71.55,"l":71.48,"v":2988.0,"Time":"2020-12-02T20:00:00Z","Interval":"5min","Figi":"BBG000BN5HF7"}
{"o":71.49,"c":71.53,"h":71.55,"l":71.48,"v":3008.0,"Time":"2020-12-02T20:00:00Z","Interval":"5min","Figi":"BBG000BN5HF7"}
{"o":71.49,"c":71.53,"h":71.55,"l":71.48,"v":3128.0,"Time":"2020-12-02T20:00:00Z","Interval":"5min","Figi":"BBG000BN5HF7"}
{"o":71.49,"c":71.52,"h":71.55,"l":71.48,"v":3228.0,"Time":"2020-12-02T20:00:00Z","Interval":"5min","Figi":"BBG000BN5HF7"}
{"o":71.49,"c":71.51,"h":71.55,"l":71.48,"v":3232.0,"Time":"2020-12-02T20:00:00Z","Interval":"5min","Figi":"BBG000BN5HF7"}
{"o":71.49,"c":71.49,"h":71.55,"l":71.48,"v":3446.0,"Time":"2020-12-02T20:00:00Z","Interval":"5min","Figi":"BBG000BN5HF7"}
{"o":71.47,"c":71.47,"h":71.47,"l":71.47,"v":1.0,"Time":"2020-12-02T20:05:00Z","Interval":"5min","Figi":"BBG000BN5HF7"}
{"o":71.47,"c":71.47,"h":71.47,"l":71.47,"v":13.0,"Time":"2020-12-02T20:05:00Z","Interval":"5min","Figi":"BBG000BN5HF7"}
{"o":71.47,"c":71.47,"h":71.47,"l":71.47,"v":101.0,"Time":"2020-12-02T20:05:00Z","Interval":"5min","Figi":"BBG000BN5HF7"}
{"o":71.47,"c":71.46,"h":71.47,"l":71.46,"v":129.0,"Time":"2020-12-02T20:05:00Z","Interval":"5min","Figi":"BBG000BN5HF7"}
{"o":71.47,"c":71.46,"h":71.47,"l":71.46,"v":201.0,"Time":"2020-12-02T20:05:00Z","Interval":"5min","Figi":"BBG000BN5HF7"}
{"o":71.47,"c":71.46,"h":71.47,"l":71.46,"v":301.0,"Time":"2020-12-02T20:05:00Z","Interval":"5min","Figi":"BBG000BN5HF7"}
{"o":71.47,"c":71.46,"h":71.47,"l":71.46,"v":401.0,"Time":"2020-12-02T20:05:00Z","Interval":"5min","Figi":"BBG000BN5HF7"}
{"o":71.47,"c":71.47,"h":71.47,"l":71.46,"v":413.0,"Time":"2020-12-02T20:05:00Z","Interval":"5min","Figi":"BBG000BN5HF7"}
{"o":71.47,"c":71.44,"h":71.47,"l":71.44,"v":616.0,"Time":"2020-12-02T20:05:00Z","Interval":"5min","Figi":"BBG000BN5HF7"}
{"o":71.47,"c":71.42,"h":71.47,"l":71.42,"v":644.0,"Time":"2020-12-02T20:05:00Z","Interval":"5min","Figi":"BBG000BN5HF7"}
{"o":71.47,"c":71.42,"h":71.47,"l":71.42,"v":675.0,"Time":"2020-12-02T20:05:00Z","Interval":"5min","Figi":"BBG000BN5HF7"}
{"o":71.47,"c":71.41,"h":71.47,"l":71.41,"v":746.0,"Time":"2020-12-02T20:05:00Z","Interval":"5min","Figi":"BBG000BN5HF7"}
{"o":71.47,"c":71.41,"h":71.47,"l":71.41,"v":919.0,"Time":"2020-12-02T20:05:00Z","Interval":"5min","Figi":"BBG000BN5HF7"}
{"o":71.47,"c":71.41,"h":71.47,"l":71.41,"v":1120.0,"Time":"2020-12-02T20:05:00Z","Interval":"5min","Figi":"BBG000BN5HF7"}
{"o":71.47,"c":71.42,"h":71.47,"l":71.41,"v":1220.0,"Time":"2020-12-02T20:05:00Z","Interval":"5min","Figi":"BBG000BN5HF7"}
{"o":71.47,"c":71.4,"h":71.47,"l":71.4,"v":1327.0,"Time":"2020-12-02T20:05:00Z","Interval":"5min","Figi":"BBG000BN5HF7"}
{"o":71.47,"c":71.38,"h":71.47,"l":71.38,"v":1427.0,"Time":"2020-12-02T20:05:00Z","Interval":"5min","Figi":"BBG000BN5HF7"}
{"o":71.47,"c":71.38,"h":71.47,"l":71.38,"v":1527.0,"Time":"2020-12-02T20:05:00Z","Interval":"5min","Figi":"BBG000BN5HF7"}
{"o":71.47,"c":71.38,"h":71.47,"l":71.38,"v":1702.0,"Time":"2020-12-02T20:05:00Z","Interval":"5min","Figi":"BBG000BN5HF7"}
{"o":71.47,"c":71.38,"h":71.47,"l":71.38,"v":1802.0,"Time":"2020-12-02T20:05:00Z","Interval":"5min","Figi":"BBG000BN5HF7"}
{"o":71.47,"c":71.38,"h":71.47,"l":71.38,"v":1902.0,"Time":"2020-12-02T20:05:00Z","Interval":"5min","Figi":"BBG000BN5HF7"}
{"o":71.47,"c":71.39,"h":71.47,"l":71.38,"v":2402.0,"Time":"2020-12-02T20:05:00Z","Interval":"5min","Figi":"BBG000BN5HF7"}
{"o":71.47,"c":71.39,"h":71.47,"l":71.38,"v":2677.0,"Time":"2020-12-02T20:05:00Z","Interval":"5min","Figi":"BBG000BN5HF7"}
{"o":71.47,"c":71.39,"h":71.47,"l":71.38,"v":2684.0,"Time":"2020-12-02T20:05:00Z","Interval":"5min","Figi":"BBG000BN5HF7"}
{"o":71.47,"c":71.37,"h":71.47,"l":71.37,"v":2818.0,"Time":"2020-12-02T20:05:00Z","Interval":"5min","Figi":"BBG000BN5HF7"}
{"o":71.47,"c":71.35,"h":71.47,"l":71.35,"v":2918.0,"Time":"2020-12-02T20:05:00Z","Interval":"5min","Figi":"BBG000BN5HF7"}
{"o":71.47,"c":71.33,"h":71.47,"l":71.33,"v":2925.0,"Time":"2020-12-02T20:05:00Z","Interval":"5min","Figi":"BBG000BN5HF7"}
{"o":71.47,"c":71.35,"h":71.47,"l":71.33,"v":3506.0,"Time":"2020-12-02T20:05:00Z","Interval":"5min","Figi":"BBG000BN5HF7"}
{"o":71.47,"c":71.35,"h":71.47,"l":71.33,"v":3969.0,"Time":"2020-12-02T20:05:00Z","Interval":"5min","Figi":"BBG000BN5HF7"}
{"o":71.47,"c":71.33,"h":71.47,"l":71.33,"v":4131.0,"Time":"2020-12-02T20:05:00Z","Interval":"5min","Figi":"BBG000BN5HF7"}
{"o":71.47,"c":71.32,"h":71.47,"l":71.32,"v":4190.0,"Time":"2020-12-02T20:05:00Z","Interval":"5min","Figi":"BBG000BN5HF7"}
{"o":71.47,"c":71.31,"h":71.47,"l":71.31,"v":4290.0,"Time":"2020-12-02T20:05:00Z","Interval":"5min","Figi":"BBG000BN5HF7"}
{"o":71.47,"c":71.31,"h":71.47,"l":71.31,"v":4291.0,"Time":"2020-12-02T20:05:00Z","Interval":"5min","Figi":"BBG000BN5HF7"}
{"o":71.47,"c":71.3,"h":71.47,"l":71.3,"v":4395.0,"Time":"2020-12-02T20:05:00Z","Interval":"5min","Figi":"BBG000BN5HF7"}
{"o":71.47,"c":71.3,"h":71.47,"l":71.3,"v":4412.0,"Time":"2020-12-02T20:05:00Z","Interval":"5min","Figi":"BBG000BN5HF7"}
{"o":71.47,"c":71.28,"h":71.47,"l":71.28,"v":4648.0,"Time":"2020-12-02T20:05:00Z","Interval":"5min","Figi":"BBG000BN5HF7"}
{"o":71.47,"c":71.28,"h":71.47,"l":71.28,"v":4819.0,"Time":"2020-12-02T20:05:00Z","Interval":"5min","Figi":"BBG000BN5HF7"}
{"o":71.47,"c":71.29,"h":71.47,"l":71.28,"v":5419.0,"Time":"2020-12-02T20:05:00Z","Interval":"5min","Figi":"BBG000BN5HF7"}
{"o":71.47,"c":71.29,"h":71.47,"l":71.28,"v":5765.0,"Time":"2020-12-02T20:05:00Z","Interval":"5min","Figi":"BBG000BN5HF7"}
{"o":71.47,"c":71.26,"h":71.47,"l":71.26,"v":5865.0,"Time":"2020-12-02T20:05:00Z","Interval":"5min","Figi":"BBG000BN5HF7"}
{"o":71.47,"c":71.26,"h":71.47,"l":71.26,"v":5990.0,"Time":"2020-12-02T20:05:00Z","Interval":"5min","Figi":"BBG000BN5HF7"}
{"o":71.47,"c":71.26,"h":71.47,"l":71.26,"v":6090.0,"Time":"2020-12-02T20:05:00Z","Interval":"5min","Figi":"BBG000BN5HF7"}
{"o":71.47,"c":71.26,"h":71.47,"l":71.26,"v":6190.0,"Time":"2020-12-02T20:05:00Z","Interval":"5min","Figi":"BBG000BN5HF7"}
{"o":71.47,"c":71.26,"h":71.47,"l":71.26,"v":6351.0,"Time":"2020-12-02T20:05:00Z","Interval":"5min","Figi":"BBG000BN5HF7"}
{"o":71.47,"c":71.26,"h":71.47,"l":71.26,"v":6470.0,"Time":"2020-12-02T20:05:00Z","Interval":"5min","Figi":"BBG000BN5HF7"}
{"o":71.47,"c":71.26,"h":71.47,"l":71.26,"v":6570.0,"Time":"2020-12-02T20:05:00Z","Interval":"5min","Figi":"BBG000BN5HF7"}
{"o":71.47,"c":71.26,"h":71.47,"l":71.26,"v":6670.0,"Time":"2020-12-02T20:05:00Z","Interval":"5min","Figi":"BBG000BN5HF7"}
{"o":71.47,"c":71.25,"h":71.47,"l":71.25,"v":6720.0,"Time":"2020-12-02T20:05:00Z","Interval":"5min","Figi":"BBG000BN5HF7"}
{"o":71.47,"c":71.24,"h":71.47,"l":71.24,"v":7231.0,"Time":"2020-12-02T20:05:00Z","Interval":"5min","Figi":"BBG000BN5HF7"}
{"o":71.47,"c":71.23,"h":71.47,"l":71.22,"v":7631.0,"Time":"2020-12-02T20:05:00Z","Interval":"5min","Figi":"BBG000BN5HF7"}
{"o":71.47,"c":71.23,"h":71.47,"l":71.22,"v":7706.0,"Time":"2020-12-02T20:05:00Z","Interval":"5min","Figi":"BBG000BN5HF7"}
{"o":71.47,"c":71.23,"h":71.47,"l":71.22,"v":7973.0,"Time":"2020-12-02T20:05:00Z","Interval":"5min","Figi":"BBG000BN5HF7"}
{"o":71.47,"c":71.24,"h":71.47,"l":71.22,"v":7977.0,"Time":"2020-12-02T20:05:00Z","Interval":"5min","Figi":"BBG000BN5HF7"}
{"o":71.47,"c":71.24,"h":71.47,"l":71.22,"v":7978.0,"Time":"2020-12-02T20:05:00Z","Interval":"5min","Figi":"BBG000BN5HF7"}
{"o":71.47,"c":71.24,"h":71.47,"l":71.22,"v":8078.0,"Time":"2020-12-02T20:05:00Z","Interval":"5min","Figi":"BBG000BN5HF7"}
{"o":71.47,"c":71.23,"h":71.47,"l":71.22,"v":8216.0,"Time":"2020-12-02T20:05:00Z","Interval":"5min","Figi":"BBG000BN5HF7"}
{"o":71.47,"c":71.23,"h":71.47,"l":71.22,"v":8316.0,"Time":"2020-12-02T20:05:00Z","Interval":"5min","Figi":"BBG000BN5HF7"}
{"o":71.47,"c":71.22,"h":71.47,"l":71.22,"v":8416.0,"Time":"2020-12-02T20:05:00Z","Interval":"5min","Figi":"BBG000BN5HF7"}
{"o":71.47,"c":71.22,"h":71.47,"l":71.22,"v":8558.0,"Time":"2020-12-02T20:05:00Z","Interval":"5min","Figi":"BBG000BN5HF7"}
{"o":71.47,"c":71.21,"h":71.47,"l":71.21,"v":8733.0,"Time":"2020-12-02T20:05:00Z","Interval":"5min","Figi":"BBG000BN5HF7"}
{"o":71.47,"c":71.22,"h":71.47,"l":71.21,"v":8933.0,"Time":"2020-12-02T20:05:00Z","Interval":"5min","Figi":"BBG000BN5HF7"}
{"o":71.47,"c":71.24,"h":71.47,"l":71.21,"v":9604.0,"Time":"2020-12-02T20:05:00Z","Interval":"5min","Figi":"BBG000BN5HF7"}
{"o":71.47,"c":71.24,"h":71.47,"l":71.21,"v":9930.0,"Time":"2020-12-02T20:05:00Z","Interval":"5min","Figi":"BBG000BN5HF7"}
{"o":71.24,"c":71.24,"h":71.24,"l":71.24,"v":175.0,"Time":"2020-12-02T20:10:00Z","Interval":"5min","Figi":"BBG000BN5HF7"}
{"o":71.24,"c":71.27,"h":71.27,"l":71.24,"v":758.0,"Time":"2020-12-02T20:10:00Z","Interval":"5min","Figi":"BBG000BN5HF7"}
{"o":71.24,"c":71.27,"h":71.27,"l":71.24,"v":870.0,"Time":"2020-12-02T20:10:00Z","Interval":"5min","Figi":"BBG000BN5HF7"}
{"o":71.24,"c":71.28,"h":71.28,"l":71.24,"v":1041.0,"Time":"2020-12-02T20:10:00Z","Interval":"5min","Figi":"BBG000BN5HF7"}
{"o":71.24,"c":71.28,"h":71.28,"l":71.24,"v":1070.0,"Time":"2020-12-02T20:10:00Z","Interval":"5min","Figi":"BBG000BN5HF7"}
{"o":71.24,"c":71.28,"h":71.28,"l":71.24,"v":1170.0,"Time":"2020-12-02T20:10:00Z","Interval":"5min","Figi":"BBG000BN5HF7"}
{"o":71.24,"c":71.27,"h":71.28,"l":71.24,"v":1203.0,"Time":"2020-12-02T20:10:00Z","Interval":"5min","Figi":"BBG000BN5HF7"}
{"o":71.24,"c":71.26,"h":71.28,"l":71.24,"v":1313.0,"Time":"2020-12-02T20:10:00Z","Interval":"5min","Figi":"BBG000BN5HF7"}
{"o":71.24,"c":71.26,"h":71.28,"l":71.24,"v":1413.0,"Time":"2020-12-02T20:10:00Z","Interval":"5min","Figi":"BBG000BN5HF7"}
{"o":71.24,"c":71.25,"h":71.28,"l":71.24,"v":1602.0,"Time":"2020-12-02T20:10:00Z","Interval":"5min","Figi":"BBG000BN5HF7"}
{"o":71.24,"c":71.25,"h":71.28,"l":71.24,"v":1679.0,"Time":"2020-12-02T20:10:00Z","Interval":"5min","Figi":"BBG000BN5HF7"}
{"o":71.24,"c":71.24,"h":71.28,"l":71.24,"v":1680.0,"Time":"2020-12-02T20:10:00Z","Interval":"5min","Figi":"BBG000BN5HF7"}
{"o":71.24,"c":71.24,"h":71.28,"l":71.24,"v":1777.0,"Time":"2020-12-02T20:10:00Z","Interval":"5min","Figi":"BBG000BN5HF7"}
{"o":71.24,"c":71.24,"h":71.28,"l":71.24,"v":2055.0,"Time":"2020-12-02T20:10:00Z","Interval":"5min","Figi":"BBG000BN5HF7"}
{"o":71.24,"c":71.22,"h":71.28,"l":71.22,"v":2326.0,"Time":"2020-12-02T20:10:00Z","Interval":"5min","Figi":"BBG000BN5HF7"}
{"o":71.24,"c":71.22,"h":71.28,"l":71.22,"v":2526.0,"Time":"2020-12-02T20:10:00Z","Interval":"5min","Figi":"BBG000BN5HF7"}
{"o":71.24,"c":71.24,"h":71.28,"l":71.22,"v":2532.0,"Time":"2020-12-02T20:10:00Z","Interval":"5min","Figi":"BBG000BN5HF7"}
{"o":71.24,"c":71.23,"h":71.28,"l":71.22,"v":2533.0,"Time":"2020-12-02T20:10:00Z","Interval":"5min","Figi":"BBG000BN5HF7"}
{"o":71.24,"c":71.25,"h":71.28,"l":71.22,"v":2700.0,"Time":"2020-12-02T20:10:00Z","Interval":"5min","Figi":"BBG000BN5HF7"}
{"o":71.24,"c":71.25,"h":71.28,"l":71.22,"v":2817.0,"Time":"2020-12-02T20:10:00Z","Interval":"5min","Figi":"BBG000BN5HF7"}
{"o":71.24,"c":71.26,"h":71.28,"l":71.22,"v":2821.0,"Time":"2020-12-02T20:10:00Z","Interval":"5min","Figi":"BBG000BN5HF7"}
{"o":71.24,"c":71.29,"h":71.29,"l":71.22,"v":3021.0,"Time":"2020-12-02T20:10:00Z","Interval":"5min","Figi":"BBG000BN5HF7"}
{"o":71.24,"c":71.29,"h":71.29,"l":71.22,"v":3248.0,"Time":"2020-12-02T20:10:00Z","Interval":"5min","Figi":"BBG000BN5HF7"}
{"o":71.24,"c":71.32,"h":71.32,"l":71.22,"v":3425.0,"Time":"2020-12-02T20:10:00Z","Interval":"5min","Figi":"BBG000BN5HF7"}
{"o":71.24,"c":71.33,"h":71.33,"l":71.22,"v":3525.0,"Time":"2020-12-02T20:10:00Z","Interval":"5min","Figi":"BBG000BN5HF7"}
{"o":71.24,"c":71.32,"h":71.33,"l":71.22,"v":3625.0,"Time":"2020-12-02T20:10:00Z","Interval":"5min","Figi":"BBG000BN5HF7"}
{"o":71.24,"c":71.29,"h":71.33,"l":71.22,"v":3629.0,"Time":"2020-12-02T20:10:00Z","Interval":"5min","Figi":"BBG000BN5HF7"}
{"o":71.24,"c":71.29,"h":71.33,"l":71.22,"v":3645.0,"Time":"2020-12-02T20:10:00Z","Interval":"5min","Figi":"BBG000BN5HF7"}
{"o":71.3,"c":71.3,"h":71.3,"l":71.3,"v":141.0,"Time":"2020-12-02T20:15:00Z","Interval":"5min","Figi":"BBG000BN5HF7"}
{"o":71.3,"c":71.31,"h":71.31,"l":71.3,"v":161.0,"Time":"2020-12-02T20:15:00Z","Interval":"5min","Figi":"BBG000BN5HF7"}
{"o":71.3,"c":71.32,"h":71.32,"l":71.3,"v":326.0,"Time":"2020-12-02T20:15:00Z","Interval":"5min","Figi":"BBG000BN5HF7"}
{"o":71.3,"c":71.33,"h":71.33,"l":71.3,"v":331.0,"Time":"2020-12-02T20:15:00Z","Interval":"5min","Figi":"BBG000BN5HF7"}
{"o":71.3,"c":71.34,"h":71.34,"l":71.3,"v":334.0,"Time":"2020-12-02T20:15:00Z","Interval":"5min","Figi":"BBG000BN5HF7"}
{"o":71.3,"c":71.35,"h":71.35,"l":71.3,"v":634.0,"Time":"2020-12-02T20:15:00Z","Interval":"5min","Figi":"BBG000BN5HF7"}
{"o":71.3,"c":71.37,"h":71.37,"l":71.3,"v":641.0,"Time":"2020-12-02T20:15:00Z","Interval":"5min","Figi":"BBG000BN5HF7"}
{"o":71.3,"c":71.38,"h":71.38,"l":71.3,"v":723.0,"Time":"2020-12-02T20:15:00Z","Interval":"5min","Figi":"BBG000BN5HF7"}
{"o":71.3,"c":71.38,"h":71.38,"l":71.3,"v":773.0,"Time":"2020-12-02T20:15:00Z","Interval":"5min","Figi":"BBG000BN5HF7"}
{"o":71.3,"c":71.38,"h":71.38,"l":71.3,"v":973.0,"Time":"2020-12-02T20:15:00Z","Interval":"5min","Figi":"BBG000BN5HF7"}
{"o":71.3,"c":71.38,"h":71.38,"l":71.3,"v":983.0,"Time":"2020-12-02T20:15:00Z","Interval":"5min","Figi":"BBG000BN5HF7"}
{"o":71.3,"c":71.37,"h":71.38,"l":71.3,"v":1184.0,"Time":"2020-12-02T20:15:00Z","Interval":"5min","Figi":"BBG000BN5HF7"}
{"o":71.3,"c":71.35,"h":71.38,"l":71.3,"v":1384.0,"Time":"2020-12-02T20:15:00Z","Interval":"5min","Figi":"BBG000BN5HF7"}
{"o":71.3,"c":71.33,"h":71.38,"l":71.3,"v":1496.0,"Time":"2020-12-02T20:15:00Z","Interval":"5min","Figi":"BBG000BN5HF7"}
{"o":71.3,"c":71.34,"h":71.38,"l":71.3,"v":1500.0,"Time":"2020-12-02T20:15:00Z","Interval":"5min","Figi":"BBG000BN5HF7"}
{"o":71.3,"c":71.36,"h":71.38,"l":71.3,"v":1700.0,"Time":"2020-12-02T20:15:00Z","Interval":"5min","Figi":"BBG000BN5HF7"}
{"o":71.3,"c":71.38,"h":71.38,"l":71.3,"v":1900.0,"Time":"2020-12-02T20:15:00Z","Interval":"5min","Figi":"BBG000BN5HF7"}
{"o":71.3,"c":71.39,"h":71.39,"l":71.3,"v":1968.0,"Time":"2020-12-02T20:15:00Z","Interval":"5min","Figi":"BBG000BN5HF7"}
{"o":71.3,"c":71.37,"h":71.39,"l":71.3,"v":2068.0,"Time":"2020-12-02T20:15:00Z","Interval":"5min","Figi":"BBG000BN5HF7"}
{"o":71.3,"c":71.36,"h":71.39,"l":71.3,"v":2268.0,"Time":"2020-12-02T20:15:00Z","Interval":"5min","Figi":"BBG000BN5HF7"}
{"o":71.3,"c":71.34,"h":71.39,"l":71.3,"v":2373.0,"Time":"2020-12-02T20:15:00Z","Interval":"5min","Figi":"BBG000BN5HF7"}
{"o":71.3,"c":71.32,"h":71.39,"l":71.3,"v":2382.0,"Time":"2020-12-02T20:15:00Z","Interval":"5min","Figi":"BBG000BN5HF7"}
{"o":71.3,"c":71.32,"h":71.39,"l":71.3,"v":2526.0,"Time":"2020-12-02T20:15:00Z","Interval":"5min","Figi":"BBG000BN5HF7"}
{"o":71.3,"c":71.32,"h":71.39,"l":71.3,"v":2536.0,"Time":"2020-12-02T20:15:00Z","Interval":"5min","Figi":"BBG000BN5HF7"}
{"o":71.3,"c":71.32,"h":71.39,"l":71.3,"v":2636.0,"Time":"2020-12-02T20:15:00Z","Interval":"5min","Figi":"BBG000BN5HF7"}
{"o":71.3,"c":71.31,"h":71.39,"l":71.3,"v":2650.0,"Time":"2020-12-02T20:15:00Z","Interval":"5min","Figi":"BBG000BN5HF7"}
{"o":71.3,"c":71.31,"h":71.39,"l":71.3,"v":2653.0,"Time":"2020-12-02T20:15:00Z","Interval":"5min","Figi":"BBG000BN5HF7"}
{"o":71.3,"c":71.3,"h":71.39,"l":71.3,"v":2753.0,"Time":"2020-12-02T20:15:00Z","Interval":"5min","Figi":"BBG000BN5HF7"}
{"o":71.3,"c":71.3,"h":71.39,"l":71.3,"v":2754.0,"Time":"2020-12-02T20:15:00Z","Interval":"5min","Figi":"BBG000BN5HF7"}
{"o":71.3,"c":71.29,"h":71.39,"l":71.29,"v":2760.0,"Time":"2020-12-02T20:15:00Z","Interval":"5min","Figi":"BBG000BN5HF7"}
{"o":71.3,"c":71.29,"h":71.39,"l":71.29,"v":2766.0,"Time":"2020-12-02T20:15:00Z","Interval":"5min","Figi":"BBG000BN5HF7"}
{"o":71.3,"c":71.29,"h":71.39,"l":71.29,"v":2866.0,"Time":"2020-12-02T20:15:00Z","Interval":"5min","Figi":"BBG000BN5HF7"}
{"o":71.3,"c":71.29,"h":71.39,"l":71.29,"v":2875.0,"Time":"2020-12-02T20:15:00Z","Interval":"5min","Figi":"BBG000BN5HF7"}
{"o":71.3,"c":71.3,"h":71.39,"l":71.29,"v":2876.0,"Time":"2020-12-02T20:15:00Z","Interval":"5min","Figi":"BBG000BN5HF7"}
{"o":71.3,"c":71.31,"h":71.39,"l":71.29,"v":2908.0,"Time":"2020-12-02T20:15:00Z","Interval":"5min","Figi":"BBG000BN5HF7"}
{"o":71.3,"c":71.31,"h":71.39,"l":71.29,"v":3044.0,"Time":"2020-12-02T20:15:00Z","Interval":"5min","Figi":"BBG000BN5HF7"}
{"o":71.3,"c":71.31,"h":71.39,"l":71.29,"v":3144.0,"Time":"2020-12-02T20:15:00Z","Interval":"5min","Figi":"BBG000BN5HF7"}
{"o":71.3,"c":71.32,"h":71.39,"l":71.29,"v":3392.0,"Time":"2020-12-02T20:15:00Z","Interval":"5min","Figi":"BBG000BN5HF7"}
{"o":71.3,"c":71.32,"h":71.39,"l":71.29,"v":3582.0,"Time":"2020-12-02T20:15:00Z","Interval":"5min","Figi":"BBG000BN5HF7"}
{"o":71.3,"c":71.31,"h":71.39,"l":71.29,"v":3683.0,"Time":"2020-12-02T20:15:00Z","Interval":"5min","Figi":"BBG000BN5HF7"}
{"o":71.3,"c":71.3,"h":71.39,"l":71.29,"v":3783.0,"Time":"2020-12-02T20:15:00Z","Interval":"5min","Figi":"BBG000BN5HF7"}
{"o":71.3,"c":71.29,"h":71.39,"l":71.29,"v":4290.0,"Time":"2020-12-02T20:15:00Z","Interval":"5min","Figi":"BBG000BN5HF7"}
{"o":71.3,"c":71.29,"h":71.39,"l":71.29,"v":4883.0,"Time":"2020-12-02T20:15:00Z","Interval":"5min","Figi":"BBG000BN5HF7"}
{"o":71.3,"c":71.26,"h":71.39,"l":71.26,"v":5039.0,"Time":"2020-12-02T20:15:00Z","Interval":"5min","Figi":"BBG000BN5HF7"}
{"o":71.27,"c":71.27,"h":71.27,"l":71.27,"v":1.0,"Time":"2020-12-02T20:20:00Z","Interval":"5min","Figi":"BBG000BN5HF7"}
{"o":71.27,"c":71.27,"h":71.27,"l":71.27,"v":151.0,"Time":"2020-12-02T20:20:00Z","Interval":"5min","Figi":"BBG000BN5HF7"}
{"o":71.27,"c":71.27,"h":71.27,"l":71.27,"v":51.0,"Time":"2020-12-02T20:20:00Z","Interval":"5min","Figi":"BBG000BN5HF7"}
{"o":71.27,"c":71.26,"h":71.27,"l":71.26,"v":251.0,"Time":"2020-12-02T20:20:00Z","Interval":"5min","Figi":"BBG000BN5HF7"}
{"o":71.27,"c":71.26,"h":71.27,"l":71.26,"v":751.0,"Time":"2020-12-02T20:20:00Z","Interval":"5min","Figi":"BBG000BN5HF7"}
{"o":71.27,"c":71.28,"h":71.28,"l":71.26,"v":752.0,"Time":"2020-12-02T20:20:00Z","Interval":"5min","Figi":"BBG000BN5HF7"}
{"o":71.27,"c":71.25,"h":71.28,"l":71.25,"v":852.0,"Time":"2020-12-02T20:20:00Z","Interval":"5min","Figi":"BBG000BN5HF7"}
{"o":71.27,"c":71.25,"h":71.28,"l":71.25,"v":857.0,"Time":"2020-12-02T20:20:00Z","Interval":"5min","Figi":"BBG000BN5HF7"}
{"o":71.27,"c":71.26,"h":71.28,"l":71.25,"v":1157.0,"Time":"2020-12-02T20:20:00Z","Interval":"5min","Figi":"BBG000BN5HF7"}
{"o":71.27,"c":71.24,"h":71.28,"l":71.24,"v":1159.0,"Time":"2020-12-02T20:20:00Z","Interval":"5min","Figi":"BBG000BN5HF7"}
{"o":71.27,"c":71.25,"h":71.28,"l":71.24,"v":1330.0,"Time":"2020-12-02T20:20:00Z","Interval":"5min","Figi":"BBG000BN5HF7"}
{"o":71.27,"c":71.24,"h":71.28,"l":71.24,"v":1551.0,"Time":"2020-12-02T20:20:00Z","Interval":"5min","Figi":"BBG000BN5HF7"}
{"o":71.27,"c":71.21,"h":71.28,"l":71.21,"v":1760.0,"Time":"2020-12-02T20:20:00Z","Interval":"5min","Figi":"BBG000BN5HF7"}
{"o":71.27,"c":71.23,"h":71.28,"l":71.21,"v":1862.0,"Time":"2020-12-02T20:20:00Z","Interval":"5min","Figi":"BBG000BN5HF7"}
{"o":71.27,"c":71.22,"h":71.28,"l":71.21,"v":2041.0,"Time":"2020-12-02T20:20:00Z","Interval":"5min","Figi":"BBG000BN5HF7"}
{"o":71.27,"c":71.22,"h":71.28,"l":71.21,"v":2070.0,"Time":"2020-12-02T20:20:00Z","Interval":"5min","Figi":"BBG000BN5HF7"}
{"o":71.27,"c":71.24,"h":71.28,"l":71.21,"v":2077.0,"Time":"2020-12-02T20:20:00Z","Interval":"5min","Figi":"BBG000BN5HF7"}
{"o":71.27,"c":71.26,"h":71.28,"l":71.21,"v":2080.0,"Time":"2020-12-02T20:20:00Z","Interval":"5min","Figi":"BBG000BN5HF7"}
{"o":71.27,"c":71.28,"h":71.28,"l":71.21,"v":2180.0,"Time":"2020-12-02T20:20:00Z","Interval":"5min","Figi":"BBG000BN5HF7"}
{"o":71.27,"c":71.28,"h":71.28,"l":71.21,"v":2244.0,"Time":"2020-12-02T20:20:00Z","Interval":"5min","Figi":"BBG000BN5HF7"}
{"o":71.27,"c":71.26,"h":71.28,"l":71.21,"v":2444.0,"Time":"2020-12-02T20:20:00Z","Interval":"5min","Figi":"BBG000BN5HF7"}
{"o":71.27,"c":71.22,"h":71.28,"l":71.21,"v":2498.0,"Time":"2020-12-02T20:20:00Z","Interval":"5min","Figi":"BBG000BN5HF7"}
{"o":71.27,"c":71.22,"h":71.28,"l":71.21,"v":2544.0,"Time":"2020-12-02T20:20:00Z","Interval":"5min","Figi":"BBG000BN5HF7"}
