{"o":81.52,"c":81.54,"h":81.55,"l":81.48,"v":7360.0,"Time":"2020-12-02T19:25:00Z","Interval":"5min","Figi":"BBG000BPD168"}
{"o":81.52,"c":81.54,"h":81.55,"l":81.48,"v":7460.0,"Time":"2020-12-02T19:25:00Z","Interval":"5min","Figi":"BBG000BPD168"}
{"o":81.52,"c":81.54,"h":81.55,"l":81.48,"v":7551.0,"Time":"2020-12-02T19:25:00Z","Interval":"5min","Figi":"BBG000BPD168"}
{"o":81.52,"c":81.54,"h":81.55,"l":81.48,"v":7552.0,"Time":"2020-12-02T19:25:00Z","Interval":"5min","Figi":"BBG000BPD168"}
{"o":81.52,"c":81.53,"h":81.55,"l":81.48,"v":7736.0,"Time":"2020-12-02T19:25:00Z","Interval":"5min","Figi":"BBG000BPD168"}
{"o":81.52,"c":81.52,"h":81.55,"l":81.48,"v":7846.0,"Time":"2020-12-02T19:25:00Z","Interval":"5min","Figi":"BBG000BPD168"}
{"o":81.52,"c":81.5,"h":81.55,"l":81.48,"v":8546.0,"Time":"2020-12-02T19:25:00Z","Interval":"5min","Figi":"BBG000BPD168"}
{"o":81.52,"c":81.5,"h":81.55,"l":81.48,"v":8626.0,"Time":"2020-12-02T19:25:00Z","Interval":"5min","Figi":"BBG000BPD168"}
{"o":81.52,"c":81.5,"h":81.55,"l":81.48,"v":8635.0,"Time":"2020-12-02T19:25:00Z","Interval":"5min","Figi":"BBG000BPD168"}
{"o":81.52,"c":81.49,"h":81.55,"l":81.48,"v":8636.0,"Time":"2020-12-02T19:25:00Z","Interval":"5min","Figi":"BBG000BPD168"}
{"o":81.52,"c":81.49,"h":81.55,"l":81.48,"v":8819.0,"Time":"2020-12-02T19:25:00Z","Interval":"5min","Figi":"BBG000BPD168"}
{"o":81.52,"c":81.49,"h":81.55,"l":81.48,"v":8921.0,"Time":"2020-12-02T19:25:00Z","Interval":"5min","Figi":"BBG000BPD168"}
{"o":81.52,"c":81.5,"h":81.55,"l":81.48,"v":8922.0,"Time":"2020-12-02T19:25:00Z","Interval":"5min","Figi":"BBG000BPD168"}
{"o":81.52,"c":81.51,"h":81.55,"l":81.48,"v":9022.0,"Time":"2020-12-02T19:25:00Z","Interval":"5min","Figi":"BBG000BPD168"}
{"o":81.52,"c":81.51,"h":81.55,"l":81.48,"v":9023.0,"Time":"2020-12-02T19:25:00Z","Interval":"5min","Figi":"BBG000BPD168"}
{"o":81.52,"c":81.51,"h":81.55,"l":81.48,"v":9031.0,"Time":"2020-12-02T19:25:00Z","Interval":"5min","Figi":"BBG000BPD168"}
{"o":81.52,"c":81.51,"h":81.55,"l":81.48,"v":9042.0,"Time":"2020-12-02T19:25:00Z","Interval":"5min","Figi":"BBG000BPD168"}
{"o":81.52,"c":81.51,"h":81.55,"l":81.48,"v":9122.0,"Time":"2020-12-02T19:25:00Z","Interval":"5min","Figi":"BBG000BPD168"}
{"o":81.52,"c":81.5,"h":81.55,"l":81.48,"v":9212.0,"Time":"2020-12-02T19:25:00Z","Interval":"5min","Figi":"BBG000BPD168"}
{"o":81.52,"c":81.49,"h":81.55,"l":81.48,"v":9412.0,"Time":"2020-12-02T19:25:00Z","Interval":"5min","Figi":"BBG000BPD168"}
{"o":81.52,"c":81.48,"h":81.55,"l":81.48,"v":9494.0,"Time":"2020-12-02T19:25:00Z","Interval":"5min","Figi":"BBG000BPD168"}
{"o":81.52,"c":81.48,"h":81.55,"l":81.48,"v":9594.0,"Time":"2020-12-02T19:25:00Z","Interval":"5min","Figi":"BBG000BPD168"}
{"o":81.52,"c":81.48,"h":81.55,"l":81.48,"v":9595.0,"Time":"2020-12-02T19:25:00Z","Interval":"5min","Figi":"BBG000BPD168"}
{"o":81.52,"c":81.48,"h":81.55,"l":81.48,"v":9895.0,"Time":"2020-12-02T19:25:00Z","Interval":"5min","Figi":"BBG000BPD168"}
{"o":81.52,"c":81.48,"h":81.55,"l":81.48,"v":10395.0,"Time":"2020-12-02T19:25:00Z","Interval":"5min","Figi":"BBG000BPD168"}
{"o":81.52,"c":81.48,"h":81.55,"l":81.48,"v":10595.0,"Time":"2020-12-02T19:25:00Z","Interval":"5min","Figi":"BBG000BPD168"}
{"o":81.52,"c":81.48,"h":81.55,"l":81.48,"v":10795.0,"Time":"2020-12-02T19:25:00Z","Interval":"5min","Figi":"BBG000BPD168"}
{"o":81.52,"c":81.48,"h":81.55,"l":81.48,"v":10978.0,"Time":"2020-12-02T19:25:00Z","Interval":"5min","Figi":"BBG000BPD168"}
{"o":81.52,"c":81.47,"h":81.55,"l":81.47,"v":11084.0,"Time":"2020-12-02T19:25:00Z","Interval":"5min","Figi":"BBG000BPD168"}
{"o":81.52,"c":81.48,"h":81.55,"l":81.47,"v":11302.0,"Time":"2020-12-02T19:25:00Z","Interval":"5min","Figi":"BBG000BPD168"}
{"o":81.52,"c":81.49,"h":81.55,"l":81.47,"v":11402.0,"Time":"2020-12-02T19:25:00Z","Interval":"5min","Figi":"BBG000BPD168"}
{"o":81.52,"c":81.49,"h":81.55,"l":81.47,"v":11602.0,"Time":"2020-12-02T19:25:00Z","Interval":"5min","Figi":"BBG000BPD168"}
{"o":81.52,"c":81.5,"h":81.55,"l":81.47,"v":11802.0,"Time":"2020-12-02T19:25:00Z","Interval":"5min","Figi":"BBG000BPD168"}
{"o":81.52,"c":81.5,"h":81.55,"l":81.47,"v":11889.0,"Time":"2020-12-02T19:25:00Z","Interval":"5min","Figi":"BBG000BPD168"}
{"o":81.52,"c":81.5,"h":81.55,"l":81.47,"v":11958.0,"Time":"2020-12-02T19:25:00Z","Interval":"5min","Figi":"BBG000BPD168"}
{"o":81.52,"c":81.5,"h":81.55,"l":81.47,"v":11970.0,"Time":"2020-12-02T19:25:00Z","Interval":"5min","Figi":"BBG000BPD168"}
{"o":81.52,"c":81.49,"h":81.55,"l":81.47,"v":12058.0,"Time":"2020-12-02T19:25:00Z","Interval":"5min","Figi":"BBG000BPD168"}
{"o":81.52,"c":81.49,"h":81.55,"l":81.47,"v":12070.0,"Time":"2020-12-02T19:25:00Z","Interval":"5min","Figi":"BBG000BPD168"}
{"o":81.52,"c":81.49,"h":81.55,"l":81.47,"v":12152.0,"Time":"2020-12-02T19:25:00Z","Interval":"5min","Figi":"BBG000BPD168"}
{"o":81.52,"c":81.49,"h":81.55,"l":81.47,"v":12252.0,"Time":"2020-12-02T19:25:00Z","Interval":"5min","Figi":"BBG000BPD168"}
{"o":81.52,"c":81.49,"h":81.55,"l":81.47,"v":12258.0,"Time":"2020-12-02T19:25:00Z","Interval":"5min","Figi":"BBG000BPD168"}
{"o":81.52,"c":81.49,"h":81.55,"l":81.47,"v":12308.0,"Time":"2020-12-02T19:25:00Z","Interval":"5min","Figi":"BBG000BPD168"}
{"o":81.52,"c":81.49,"h":81.55,"l":81.47,"v":12352.0,"Time":"2020-12-02T19:25:00Z","Interval":"5min","Figi":"BBG000BPD168"}
{"o":81.52,"c":81.48,"h":81.55,"l":81.47,"v":12452.0,"Time":"2020-12-02T19:25:00Z","Interval":"5min","Figi":"BBG000BPD168"}
{"o":81.52,"c":81.48,"h":81.55,"l":81.47,"v":12552.0,"Time":"2020-12-02T19:25:00Z","Interval":"5min","Figi":"BBG000BPD168"}
{"o":81.52,"c":81.48,"h":81.55,"l":81.47,"v":12652.0,"Time":"2020-12-02T19:25:00Z","Interval":"5min","Figi":"BBG000BPD168"}
{"o":81.52,"c":81.48,"h":81.55,"l":81.47,"v":12752.0,"Time":"2020-12-02T19:25:00Z","Interval":"5min","Figi":"BBG000BPD168"}
{"o":81.52,"c":81.48,"h":81.55,"l":81.47,"v":12754.0,"Time":"2020-12-02T19:25:00Z","Interval":"5min","Figi":"BBG000BPD168"}
{"o":81.52,"c":81.48,"h":81.55,"l":81.47,"v":12835.0,"Time":"2020-12-02T19:25:00Z","Interval":"5min","Figi":"BBG000BPD168"}
{"o":81.48,"c":81.48,"h":81.48,"l":81.48,"v":100.0,"Time":"2020-12-02T19:30:00Z","Interval":"5min","Figi":"BBG000BPD168"}
{"o":81.48,"c":81.48,"h":81.48,"l":81.48,"v":101.0,"Time":"2020-12-02T19:30:00Z","Interval":"5min","Figi":"BBG000BPD168"}
{"o":81.48,"c":81.48,"h":81.48,"l":81.48,"v":106.0,"Time":"2020-12-02T19:30:00Z","Interval":"5min","Figi":"BBG000BPD168"}
{"o":81.48,"c":81.48,"h":81.48,"l":81.48,"v":111.0,"Time":"2020-12-02T19:30:00Z","Interval":"5min","Figi":"BBG000BPD168"}
{"o":81.48,"c":81.48,"h":81.48,"l":81.48,"v":112.0,"Time":"2020-12-02T19:30:00Z","Interval":"5min","Figi":"BBG000BPD168"}
{"o":81.48,"c":81.48,"h":81.48,"l":81.48,"v":116.0,"Time":"2020-12-02T19:30:00Z","Interval":"5min","Figi":"BBG000BPD168"}
{"o":81.48,"c":81.47,"h":81.48,"l":81.47,"v":121.0,"Time":"2020-12-02T19:30:00Z","Interval":"5min","Figi":"BBG000BPD168"}
{"o":81.48,"c":81.47,"h":81.48,"l":81.47,"v":127.0,"Time":"2020-12-02T19:30:00Z","Interval":"5min","Figi":"BBG000BPD168"}
{"o":81.48,"c":81.47,"h":81.48,"l":81.47,"v":132.0,"Time":"2020-12-02T19:30:00Z","Interval":"5min","Figi":"BBG000BPD168"}
{"o":81.48,"c":81.47,"h":81.48,"l":81.47,"v":232.0,"Time":"2020-12-02T19:30:00Z","Interval":"5min","Figi":"BBG000BPD168"}
{"o":81.48,"c":81.47,"h":81.48,"l":81.47,"v":316.0,"Time":"2020-12-02T19:30:00Z","Interval":"5min","Figi":"BBG000BPD168"}
{"o":81.48,"c":81.47,"h":81.48,"l":81.47,"v":317.0,"Time":"2020-12-02T19:30:00Z","Interval":"5min","Figi":"BBG000BPD168"}
{"o":81.48,"c":81.48,"h":81.48,"l":81.47,"v":318.0,"Time":"2020-12-02T19:30:00Z","Interval":"5min","Figi":"BBG000BPD168"}
{"o":81.48,"c":81.48,"h":81.48,"l":81.47,"v":617.0,"Time":"2020-12-02T19:30:00Z","Interval":"5min","Figi":"BBG000BPD168"}
{"o":81.48,"c":81.48,"h":81.48,"l":81.47,"v":637.0,"Time":"2020-12-02T19:30:00Z","Interval":"5min","Figi":"BBG000BPD168"}
{"o":81.48,"c":81.49,"h":81.49,"l":81.47,"v":642.0,"Time":"2020-12-02T19:30:00Z","Interval":"5min","Figi":"BBG000BPD168"}
{"o":81.48,"c":81.49,"h":81.49,"l":81.47,"v":657.0,"Time":"2020-12-02T19:30:00Z","Interval":"5min","Figi":"BBG000BPD168"}
{"o":81.48,"c":81.5,"h":81.5,"l":81.47,"v":757.0,"Time":"2020-12-02T19:30:00Z","Interval":"5min","Figi":"BBG000BPD168"}
{"o":81.48,"c":81.53,"h":81.53,"l":81.47,"v":857.0,"Time":"2020-12-02T19:30:00Z","Interval":"5min","Figi":"BBG000BPD168"}
{"o":81.48,"c":81.54,"h":81.54,"l":81.47,"v":957.0,"Time":"2020-12-02T19:30:00Z","Interval":"5min","Figi":"BBG000BPD168"}
{"o":81.48,"c":81.54,"h":81.54,"l":81.47,"v":1357.0,"Time":"2020-12-02T19:30:00Z","Interval":"5min","Figi":"BBG000BPD168"}
{"o":81.48,"c":81.56,"h":81.56,"l":81.47,"v":1429.0,"Time":"2020-12-02T19:30:00Z","Interval":"5min","Figi":"BBG000BPD168"}
{"o":81.48,"c":81.56,"h":81.56,"l":81.47,"v":1529.0,"Time":"2020-12-02T19:30:00Z","Interval":"5min","Figi":"BBG000BPD168"}
{"o":81.48,"c":81.56,"h":81.56,"l":81.47,"v":1629.0,"Time":"2020-12-02T19:30:00Z","Interval":"5min","Figi":"BBG000BPD168"}
{"o":81.48,"c":81.55,"h":81.56,"l":81.47,"v":1729.0,"Time":"2020-12-02T19:30:00Z","Interval":"5min","Figi":"BBG000BPD168"}
{"o":81.48,"c":81.55,"h":81.56,"l":81.47,"v":1813.0,"Time":"2020-12-02T19:30:00Z","Interval":"5min","Figi":"BBG000BPD168"}
{"o":81.48,"c":81.55,"h":81.56,"l":81.47,"v":1913.0,"Time":"2020-12-02T19:30:00Z","Interval":"5min","Figi":"BBG000BPD168"}
{"o":81.48,"c":81.56,"h":81.56,"l":81.47,"v":2133.0,"Time":"2020-12-02T19:30:00Z","Interval":"5min","Figi":"BBG000BPD168"}
{"o":81.48,"c":81.56,"h":81.56,"l":81.47,"v":2233.0,"Time":"2020-12-02T19:30:00Z","Interval":"5min","Figi":"BBG000BPD168"}
{"o":81.48,"c":81.57,"h":81.57,"l":81.47,"v":2633.0,"Time":"2020-12-02T19:30:00Z","Interval":"5min","Figi":"BBG000BPD168"}
{"o":81.48,"c":81.58,"h":81.58,"l":81.47,"v":3043.0,"Time":"2020-12-02T19:30:00Z","Interval":"5min","Figi":"BBG000BPD168"}
{"o":81.48,"c":81.58,"h":81.58,"l":81.47,"v":3195.0,"Time":"2020-12-02T19:30:00Z","Interval":"5min","Figi":"BBG000BPD168"}
{"o":81.48,"c":81.58,"h":81.58,"l":81.47,"v":3232.0,"Time":"2020-12-02T19:30:00Z","Interval":"5min","Figi":"BBG000BPD168"}
{"o":81.48,"c":81.57,"h":81.58,"l":81.47,"v":3332.0,"Time":"2020-12-02T19:30:00Z","Interval":"5min","Figi":"BBG000BPD168"}
{"o":81.48,"c":81.57,"h":81.58,"l":81.47,"v":3422.0,"Time":"2020-12-02T19:30:00Z","Interval":"5min","Figi":"BBG000BPD168"}
{"o":81.48,"c":81.56,"h":81.58,"l":81.47,"v":3454.0,"Time":"2020-12-02T19:30:00Z","Interval":"5min","Figi":"BBG000BPD168"}
{"o":81.48,"c":81.55,"h":81.58,"l":81.47,"v":3876.0,"Time":"2020-12-02T19:30:00Z","Interval":"5min","Figi":"BBG000BPD168"}
{"o":81.48,"c":81.54,"h":81.58,"l":81.47,"v":4056.0,"Time":"2020-12-02T19:30:00Z","Interval":"5min","Figi":"BBG000BPD168"}
{"o":81.48,"c":81.53,"h":81.58,"l":81.47,"v":4145.0,"Time":"2020-12-02T19:30:00Z","Interval":"5min","Figi":"BBG000BPD168"}
{"o":81.48,"c":81.53,"h":81.58,"l":81.47,"v":4445.0,"Time":"2020-12-02T19:30:00Z","Interval":"5min","Figi":"BBG000BPD168"}
{"o":81.48,"c":81.54,"h":81.58,"l":81.47,"v":4462.0,"Time":"2020-12-02T19:30:00Z","Interval":"5min","Figi":"BBG000BPD168"}
{"o":81.48,"c":81.54,"h":81.58,"l":81.47,"v":4927.0,"Time":"2020-12-02T19:30:00Z","Interval":"5min","Figi":"BBG000BPD168"}
{"o":81.48,"c":81.54,"h":81.58,"l":81.47,"v":5002.0,"Time":"2020-12-02T19:30:00Z","Interval":"5min","Figi":"BBG000BPD168"}
{"o":81.48,"c":81.54,"h":81.58,"l":81.47,"v":5089.0,"Time":"2020-12-02T19:30:00Z","Interval":"5min","Figi":"BBG000BPD168"}
{"o":81.48,"c":81.54,"h":81.58,"l":81.47,"v":5274.0,"Time":"2020-12-02T19:30:00Z","Interval":"5min","Figi":"BBG000BPD168"}
{"o":81.48,"c":81.54,"h":81.58,"l":81.47,"v":5374.0,"Time":"2020-12-02T19:30:00Z","Interval":"5min","Figi":"BBG000BPD168"}
{"o":81.48,"c":81.54,"h":81.58,"l":81.47,"v":5474.0,"Time":"2020-12-02T19:30:00Z","Interval":"5min","Figi":"BBG000BPD168"}
{"o":81.48,"c":81.54,"h":81.58,"l":81.47,"v":5574.0,"Time":"2020-12-02T19:30:00Z","Interval":"5min","Figi":"BBG000BPD168"}
{"o":81.48,"c":81.54,"h":81.58,"l":81.47,"v":5874.0,"Time":"2020-12-02T19:30:00Z","Interval":"5min","Figi":"BBG000BPD168"}
{"o":81.48,"c":81.54,"h":81.58,"l":81.47,"v":6074.0,"Time":"2020-12-02T19:30:00Z","Interval":"5min","Figi":"BBG000BPD168"}
{"o":81.48,"c":81.55,"h":81.58,"l":81.47,"v":6174.0,"Time":"2020-12-02T19:30:00Z","Interval":"5min","Figi":"BBG000BPD168"}
{"o":81.48,"c":81.55,"h":81.58,"l":81.47,"v":6605.0,"Time":"2020-12-02T19:30:00Z","Interval":"5min","Figi":"BBG000BPD168"}
{"o":81.48,"c":81.55,"h":81.58,"l":81.47,"v":6805.0,"Time":"2020-12-02T19:30:00Z","Interval":"5min","Figi":"BBG000BPD168"}
{"o":81.48,"c":81.56,"h":81.58,"l":81.47,"v":6894.0,"Time":"2020-12-02T19:30:00Z","Interval":"5min","Figi":"BBG000BPD168"}
{"o":81.48,"c":81.56,"h":81.58,"l":81.47,"v":7194.0,"Time":"2020-12-02T19:30:00Z","Interval":"5min","Figi":"BBG000BPD168"}
{"o":81.48,"c":81.54,"h":81.58,"l":81.47,"v":7321.0,"Time":"2020-12-02T19:30:00Z","Interval":"5min","Figi":"BBG000BPD168"}
{"o":81.48,"c":81.53,"h":81.58,"l":81.47,"v":7519.0,"Time":"2020-12-02T19:30:00Z","Interval":"5min","Figi":"BBG000BPD168"}
{"o":81.48,"c":81.52,"h":81.58,"l":81.47,"v":7594.0,"Time":"2020-12-02T19:30:00Z","Interval":"5min","Figi":"BBG000BPD168"}
{"o":81.48,"c":81.52,"h":81.58,"l":81.47,"v":7819.0,"Time":"2020-12-02T19:30:00Z","Interval":"5min","Figi":"BBG000BPD168"}
{"o":81.53,"c":81.53,"h":81.53,"l":81.53,"v":100.0,"Time":"2020-12-02T19:35:00Z","Interval":"5min","Figi":"BBG000BPD168"}
{"o":81.53,"c":81.53,"h":81.53,"l":81.53,"v":189.0,"Time":"2020-12-02T19:35:00Z","Interval":"5min","Figi":"BBG000BPD168"}
{"o":81.53,"c":81.52,"h":81.53,"l":81.52,"v":289.0,"Time":"2020-12-02T19:35:00Z","Interval":"5min","Figi":"BBG000BPD168"}
{"o":81.53,"c":81.53,"h":81.53,"l":81.52,"v":389.0,"Time":"2020-12-02T19:35:00Z","Interval":"5min","Figi":"BBG000BPD168"}
{"o":81.53,"c":81.53,"h":81.53,"l":81.52,"v":390.0,"Time":"2020-12-02T19:35:00Z","Interval":"5min","Figi":"BBG000BPD168"}
{"o":81.53,"c":81.53,"h":81.53,"l":81.52,"v":476.0,"Time":"2020-12-02T19:35:00Z","Interval":"5min","Figi":"BBG000BPD168"}
{"o":81.53,"c":81.54,"h":81.54,"l":81.52,"v":577.0,"Time":"2020-12-02T19:35:00Z","Interval":"5min","Figi":"BBG000BPD168"}
{"o":81.53,"c":81.53,"h":81.54,"l":81.52,"v":777.0,"Time":"2020-12-02T19:35:00Z","Interval":"5min","Figi":"BBG000BPD168"}
{"o":81.53,"c":81.53,"h":81.54,"l":81.52,"v":965.0,"Time":"2020-12-02T19:35:00Z","Interval":"5min","Figi":"BBG000BPD168"}
{"o":81.53,"c":81.54,"h":81.54,"l":81.52,"v":1040.0,"Time":"2020-12-02T19:35:00Z","Interval":"5min","Figi":"BBG000BPD168"}
{"o":81.53,"c":81.54,"h":81.54,"l":81.52,"v":1115.0,"Time":"2020-12-02T19:35:00Z","Interval":"5min","Figi":"BBG000BPD168"}
{"o":81.53,"c":81.54,"h":81.54,"l":81.52,"v":1215.0,"Time":"2020-12-02T19:35:00Z","Interval":"5min","Figi":"BBG000BPD168"}
{"o":81.53,"c":81.54,"h":81.54,"l":81.52,"v":1365.0,"Time":"2020-12-02T19:35:00Z","Interval":"5min","Figi":"BBG000BPD168"}
{"o":81.53,"c":81.54,"h":81.54,"l":81.52,"v":1465.0,"Time":"2020-12-02T19:35:00Z","Interval":"5min","Figi":"BBG000BPD168"}
{"o":81.53,"c":81.54,"h":81.54,"l":81.52,"v":1565.0,"Time":"2020-12-02T19:35:00Z","Interval":"5min","Figi":"BBG000BPD168"}
{"o":81.53,"c":81.54,"h":81.54,"l":81.52,"v":1665.0,"Time":"2020-12-02T19:35:00Z","Interval":"5min","Figi":"BBG000BPD168"}
{"o":81.53,"c":81.54,"h":81.54,"l":81.52,"v":1685.0,"Time":"2020-12-02T19:35:00Z","Interval":"5min","Figi":"BBG000BPD168"}
{"o":81.53,"c":81.54,"h":81.54,"l":81.52,"v":1774.0,"Time":"2020-12-02T19:35:00Z","Interval":"5min","Figi":"BBG000BPD168"}
{"o":81.53,"c":81.54,"h":81.54,"l":81.52,"v":1865.0,"Time":"2020-12-02T19:35:00Z","Interval":"5min","Figi":"BBG000BPD168"}
{"o":81.53,"c":81.53,"h":81.54,"l":81.52,"v":1867.0,"Time":"2020-12-02T19:35:00Z","Interval":"5min","Figi":"BBG000BPD168"}
{"o":81.53,"c":81.54,"h":81.54,"l":81.52,"v":1953.0,"Time":"2020-12-02T19:35:00Z","Interval":"5min","Figi":"BBG000BPD168"}
{"o":81.53,"c":81.53,"h":81.54,"l":81.52,"v":2065.0,"Time":"2020-12-02T19:35:00Z","Interval":"5min","Figi":"BBG000BPD168"}
{"o":81.53,"c":81.53,"h":81.54,"l":81.52,"v":2153.0,"Time":"2020-12-02T19:35:00Z","Interval":"5min","Figi":"BBG000BPD168"}
{"o":81.53,"c":81.51,"h":81.54,"l":81.51,"v":2253.0,"Time":"2020-12-02T19:35:00Z","Interval":"5min","Figi":"BBG000BPD168"}
{"o":81.53,"c":81.51,"h":81.54,"l":81.51,"v":2353.0,"Time":"2020-12-02T19:35:00Z","Interval":"5min","Figi":"BBG000BPD168"}
{"o":81.53,"c":81.51,"h":81.54,"l":81.51,"v":2373.0,"Time":"2020-12-02T19:35:00Z","Interval":"5min","Figi":"BBG000BPD168"}
{"o":81.53,"c":81.51,"h":81.54,"l":81.51,"v":2375.0,"Time":"2020-12-02T19:35:00Z","Interval":"5min","Figi":"BBG000BPD168"}
{"o":81.53,"c":81.51,"h":81.54,"l":81.51,"v":2439.0,"Time":"2020-12-02T19:35:00Z","Interval":"5min","Figi":"BBG000BPD168"}
{"o":81.53,"c":81.51,"h":81.54,"l":81.51,"v":2489.0,"Time":"2020-12-02T19:35:00Z","Interval":"5min","Figi":"BBG000BPD168"}
{"o":81.53,"c":81.51,"h":81.54,"l":81.51,"v":2523.0,"Time":"2020-12-02T19:35:00Z","Interval":"5min","Figi":"BBG000BPD168"}
{"o":81.53,"c":81.51,"h":81.54,"l":81.51,"v":2535.0,"Time":"2020-12-02T19:35:00Z","Interval":"5min","Figi":"BBG000BPD168"}
{"o":81.53,"c":81.51,"h":81.54,"l":81.51,"v":2923.0,"Time":"2020-12-02T19:35:00Z","Interval":"5min","Figi":"BBG000BPD168"}
{"o":81.53,"c":81.51,"h":81.54,"l":81.51,"v":3012.0,"Time":"2020-12-02T19:35:00Z","Interval":"5min","Figi":"BBG000BPD168"}
{"o":81.53,"c":81.51,"h":81.54,"l":81.51,"v":3013.0,"Time":"2020-12-02T19:35:00Z","Interval":"5min","Figi":"BBG000BPD168"}
{"o":81.53,"c":81.51,"h":81.54,"l":81.51,"v":3267.0,"Time":"2020-12-02T19:35:00Z","Interval":"5min","Figi":"BBG000BPD168"}
{"o":81.53,"c":81.51,"h":81.54,"l":81.51,"v":3367.0,"Time":"2020-12-02T19:35:00Z","Interval":"5min","Figi":"BBG000BPD168"}
{"o":81.53,"c":81.51,"h":81.54,"l":81.51,"v":3449.0,"Time":"2020-12-02T19:35:00Z","Interval":"5min","Figi":"BBG000BPD168"}
{"o":81.53,"c":81.51,"h":81.54,"l":81.51,"v":3750.0,"Time":"2020-12-02T19:35:00Z","Interval":"5min","Figi":"BBG000BPD168"}
{"o":81.53,"c":81.51,"h":81.54,"l":81.51,"v":3755.0,"Time":"2020-12-02T19:35:00Z","Interval":"5min","Figi":"BBG000BPD168"}
{"o":81.53,"c":81.5,"h":81.54,"l":81.5,"v":3805.0,"Time":"2020-12-02T19:35:00Z","Interval":"5min","Figi":"BBG000BPD168"}
{"o":81.53,"c":81.5,"h":81.54,"l":81.5,"v":4036.0,"Time":"2020-12-02T19:35:00Z","Interval":"5min","Figi":"BBG000BPD168"}
{"o":81.53,"c":81.5,"h":81.54,"l":81.5,"v":4043.0,"Time":"2020-12-02T19:35:00Z","Interval":"5min","Figi":"BBG000BPD168"}
{"o":81.53,"c":81.5,"h":81.54,"l":81.5,"v":4050.0,"Time":"2020-12-02T19:35:00Z","Interval":"5min","Figi":"BBG000BPD168"}
{"o":81.53,"c":81.5,"h":81.54,"l":81.5,"v":4288.0,"Time":"2020-12-02T19:35:00Z","Interval":"5min","Figi":"BBG000BPD168"}
{"o":81.53,"c":81.5,"h":81.54,"l":81.5,"v":4376.0,"Time":"2020-12-02T19:35:00Z","Interval":"5min","Figi":"BBG000BPD168"}
{"o":81.49,"c":81.49,"h":81.49,"l":81.49,"v":316.0,"Time":"2020-12-02T19:40:00Z","Interval":"5min","Figi":"BBG000BPD168"}
{"o":81.49,"c":81.48,"h":81.49,"l":81.48,"v":326.0,"Time":"2020-12-02T19:40:00Z","Interval":"5min","Figi":"BBG000BPD168"}
{"o":81.49,"c":81.49,"h":81.49,"l":81.48,"v":450.0,"Time":"2020-12-02T19:40:00Z","Interval":"5min","Figi":"BBG000BPD168"}
{"o":81.49,"c":81.49,"h":81.49,"l":81.48,"v":500.0,"Time":"2020-12-02T19:40:00Z","Interval":"5min","Figi":"BBG000BPD168"}
{"o":81.49,"c":81.49,"h":81.49,"l":81.48,"v":727.0,"Time":"2020-12-02T19:40:00Z","Interval":"5min","Figi":"BBG000BPD168"}
{"o":81.49,"c":81.5,"h":81.5,"l":81.48,"v":859.0,"Time":"2020-12-02T19:40:00Z","Interval":"5min","Figi":"BBG000BPD168"}
{"o":81.49,"c":81.5,"h":81.5,"l":81.48,"v":1228.0,"Time":"2020-12-02T19:40:00Z","Interval":"5min","Figi":"BBG000BPD168"}
{"o":81.49,"c":81.5,"h":81.5,"l":81.48,"v":1428.0,"Time":"2020-12-02T19:40:00Z","Interval":"5min","Figi":"BBG000BPD168"}
{"o":81.49,"c":81.51,"h":81.51,"l":81.48,"v":1528.0,"Time":"2020-12-02T19:40:00Z","Interval":"5min","Figi":"BBG000BPD168"}
{"o":81.49,"c":81.5,"h":81.51,"l":81.48,"v":1625.0,"Time":"2020-12-02T19:40:00Z","Interval":"5min","Figi":"BBG000BPD168"}
{"o":81.49,"c":81.5,"h":81.51,"l":81.48,"v":1725.0,"Time":"2020-12-02T19:40:00Z","Interval":"5min","Figi":"BBG000BPD168"}
{"o":81.49,"c":81.52,"h":81.52,"l":81.48,"v":1825.0,"Time":"2020-12-02T19:40:00Z","Interval":"5min","Figi":"BBG000BPD168"}
{"o":81.49,"c":81.52,"h":81.52,"l":81.48,"v":1903.0,"Time":"2020-12-02T19:40:00Z","Interval":"5min","Figi":"BBG000BPD168"}
{"o":81.49,"c":81.52,"h":81.52,"l":81.48,"v":1986.0,"Time":"2020-12-02T19:40:00Z","Interval":"5min","Figi":"BBG000BPD168"}
{"o":81.49,"c":81.52,"h":81.52,"l":81.48,"v":2164.0,"Time":"2020-12-02T19:40:00Z","Interval":"5min","Figi":"BBG000BPD168"}
{"o":81.49,"c":81.51,"h":81.52,"l":81.48,"v":2351.0,"Time":"2020-12-02T19:40:00Z","Interval":"5min","Figi":"BBG000BPD168"}
{"o":81.49,"c":81.5,"h":81.52,"l":81.48,"v":2439.0,"Time":"2020-12-02T19:40:00Z","Interval":"5min","Figi":"BBG000BPD168"}
{"o":81.49,"c":81.5,"h":81.52,"l":81.48,"v":2514.0,"Time":"2020-12-02T19:40:00Z","Interval":"5min","Figi":"BBG000BPD168"}
{"o":81.49,"c":81.5,"h":81.52,"l":81.48,"v":2584.0,"Time":"2020-12-02T19:40:00Z","Interval":"5min","Figi":"BBG000BPD168"}
{"o":81.49,"c":81.51,"h":81.52,"l":81.48,"v":2704.0,"Time":"2020-12-02T19:40:00Z","Interval":"5min","Figi":"BBG000BPD168"}
{"o":81.49,"c":81.52,"h":81.52,"l":81.48,"v":2709.0,"Time":"2020-12-02T19:40:00Z","Interval":"5min","Figi":"BBG000BPD168"}
{"o":81.49,"c":81.52,"h":81.52,"l":81.48,"v":2809.0,"Time":"2020-12-02T19:40:00Z","Interval":"5min","Figi":"BBG000BPD168"}
{"o":81.49,"c":81.51,"h":81.52,"l":81.48,"v":3001.0,"Time":"2020-12-02T19:40:00Z","Interval":"5min","Figi":"BBG000BPD168"}
{"o":81.49,"c":81.51,"h":81.52,"l":81.48,"v":3083.0,"Time":"2020-12-02T19:40:00Z","Interval":"5min","Figi":"BBG000BPD168"}
{"o":81.49,"c":81.51,"h":81.52,"l":81.48,"v":3171.0,"Time":"2020-12-02T19:40:00Z","Interval":"5min","Figi":"BBG000BPD168"}
{"o":81.49,"c":81.51,"h":81.52,"l":81.48,"v":3254.0,"Time":"2020-12-02T19:40:00Z","Interval":"5min","Figi":"BBG000BPD168"}
{"o":81.49,"c":81.5,"h":81.52,"l":81.48,"v":3354.0,"Time":"2020-12-02T19:40:00Z","Interval":"5min","Figi":"BBG000BPD168"}
{"o":81.49,"c":81.5,"h":81.52,"l":81.48,"v":3434.0,"Time":"2020-12-02T19:40:00Z","Interval":"5min","Figi":"BBG000BPD168"}
{"o":81.49,"c":81.5,"h":81.52,"l":81.48,"v":3515.0,"Time":"2020-12-02T19:40:00Z","Interval":"5min","Figi":"BBG000BPD168"}
{"o":81.49,"c":81.5,"h":81.52,"l":81.48,"v":3520.0,"Time":"2020-12-02T19:40:00Z","Interval":"5min","Figi":"BBG000BPD168"}
{"o":81.49,"c":81.5,"h":81.52,"l":81.48,"v":3595.0,"Time":"2020-12-02T19:40:00Z","Interval":"5min","Figi":"BBG000BPD168"}
{"o":81.49,"c":81.5,"h":81.52,"l":81.48,"v":3608.0,"Time":"2020-12-02T19:40:00Z","Interval":"5min","Figi":"BBG000BPD168"}
{"o":81.49,"c":81.49,"h":81.52,"l":81.48,"v":3708.0,"Time":"2020-12-02T19:40:00Z","Interval":"5min","Figi":"BBG000BPD168"}
{"o":81.49,"c":81.49,"h":81.52,"l":81.48,"v":3782.0,"Time":"2020-12-02T19:40:00Z","Interval":"5min","Figi":"BBG000BPD168"}
{"o":81.49,"c":81.49,"h":81.52,"l":81.48,"v":3866.0,"Time":"2020-12-02T19:40:00Z","Interval":"5min","Figi":"BBG000BPD168"}
{"o":81.49,"c":81.49,"h":81.52,"l":81.48,"v":3966.0,"Time":"2020-12-02T19:40:00Z","Interval":"5min","Figi":"BBG000BPD168"}
{"o":81.49,"c":81.49,"h":81.52,"l":81.48,"v":4054.0,"Time":"2020-12-02T19:40:00Z","Interval":"5min","Figi":"BBG000BPD168"}
{"o":81.49,"c":81.49,"h":81.52,"l":81.48,"v":4266.0,"Time":"2020-12-02T19:40:00Z","Interval":"5min","Figi":"BBG000BPD168"}
{"o":81.49,"c":81.49,"h":81.52,"l":81.48,"v":4366.0,"Time":"2020-12-02T19:40:00Z","Interval":"5min","Figi":"BBG000BPD168"}
{"o":81.49,"c":81.5,"h":81.52,"l":81.48,"v":5015.0,"Time":"2020-12-02T19:40:00Z","Interval":"5min","Figi":"BBG000BPD168"}
{"o":81.49,"c":81.5,"h":81.52,"l":81.48,"v":5387.0,"Time":"2020-12-02T19:40:00Z","Interval":"5min","Figi":"BBG000BPD168"}
{"o":81.49,"c":81.5,"h":81.52,"l":81.48,"v":5573.0,"Time":"2020-12-02T19:40:00Z","Interval":"5min","Figi":"BBG000BPD168"}
{"o":81.49,"c":81.49,"h":81.52,"l":81.48,"v":5594.0,"Time":"2020-12-02T19:40:00Z","Interval":"5min","Figi":"BBG000BPD168"}
{"o":81.49,"c":81.49,"h":81.52,"l":81.48,"v":5996.0,"Time":"2020-12-02T19:40:00Z","Interval":"5min","Figi":"BBG000BPD168"}
{"o":81.49,"c":81.49,"h":81.52,"l":81.48,"v":6001.0,"Time":"2020-12-02T19:40:00Z","Interval":"5min","Figi":"BBG000BPD168"}
{"o":81.49,"c":81.49,"h":81.52,"l":81.48,"v":6101.0,"Time":"2020-12-02T19:40:00Z","Interval":"5min","Figi":"BBG000BPD168"}
{"o":81.49,"c":81.49,"h":81.52,"l":81.48,"v":6121.0,"Time":"2020-12-02T19:40:00Z","Interval":"5min","Figi":"BBG000BPD168"}
{"o":81.49,"c":81.5,"h":81.52,"l":81.48,"v":6221.0,"Time":"2020-12-02T19:40:00Z","Interval":"5min","Figi":"BBG000BPD168"}
{"o":81.49,"c":81.5,"h":81.52,"l":81.48,"v":6378.0,"Time":"2020-12-02T19:40:00Z","Interval":"5min","Figi":"BBG000BPD168"}
{"o":81.49,"c":81.5,"h":81.52,"l":81.48,"v":6469.0,"Time":"2020-12-02T19:40:00Z","Interval":"5min","Figi":"BBG000BPD168"}
{"o":81.49,"c":81.49,"h":81.52,"l":81.48,"v":6798.0,"Time":"2020-12-02T19:40:00Z","Interval":"5min","Figi":"BBG000BPD168"}
{"o":81.49,"c":81.48,"h":81.52,"l":81.48,"v":6898.0,"Time":"2020-12-02T19:40:00Z","Interval":"5min","Figi":"BBG000BPD168"}
{"o":81.49,"c":81.48,"h":81.52,"l":81.48,"v":6989.0,"Time":"2020-12-02T19:40:00Z","Interval":"5min","Figi":"BBG000BPD168"}
{"o":81.49,"c":81.47,"h":81.52,"l":81.47,"v":7371.0,"Time":"2020-12-02T19:40:00Z","Interval":"5min","Figi":"BBG000BPD168"}
{"o":81.47,"c":81.47,"h":81.47,"l":81.47,"v":87.0,"Time":"2020-12-02T19:45:00Z","Interval":"5min","Figi":"BBG000BPD168"}
{"o":81.47,"c":81.48,"h":81.48,"l":81.47,"v":157.0,"Time":"2020-12-02T19:45:00Z","Interval":"5min","Figi":"BBG000BPD168"}
{"o":81.47,"c":81.46,"h":81.48,"l":81.46,"v":232.0,"Time":"2020-12-02T19:45:00Z","Interval":"5min","Figi":"BBG000BPD168"}
{"o":81.47,"c":81.47,"h":81.48,"l":81.46,"v":233.0,"Time":"2020-12-02T19:45:00Z","Interval":"5min","Figi":"BBG000BPD168"}
{"o":81.47,"c":81.48,"h":81.48,"l":81.46,"v":1033.0,"Time":"2020-12-02T19:45:00Z","Interval":"5min","Figi":"BBG000BPD168"}
{"o":81.47,"c":81.48,"h":81.48,"l":81.46,"v":1133.0,"Time":"2020-12-02T19:45:00Z","Interval":"5min","Figi":"BBG000BPD168"}
{"o":81.47,"c":81.49,"h":81.49,"l":81.46,"v":1233.0,"Time":"2020-12-02T19:45:00Z","Interval":"5min","Figi":"BBG000BPD168"}
{"o":81.47,"c":81.49,"h":81.49,"l":81.46,"v":1333.0,"Time":"2020-12-02T19:45:00Z","Interval":"5min","Figi":"BBG000BPD168"}
{"o":81.47,"c":81.49,"h":81.49,"l":81.46,"v":1422.0,"Time":"2020-12-02T19:45:00Z","Interval":"5min","Figi":"BBG000BPD168"}
{"o":81.47,"c":81.48,"h":81.49,"l":81.46,"v":1437.0,"Time":"2020-12-02T19:45:00Z","Interval":"5min","Figi":"BBG000BPD168"}
{"o":81.47,"c":81.47,"h":81.49,"l":81.46,"v":1472.0,"Time":"2020-12-02T19:45:00Z","Interval":"5min","Figi":"BBG000BPD168"}
{"o":81.47,"c":81.47,"h":81.49,"l":81.46,"v":1511.0,"Time":"2020-12-02T19:45:00Z","Interval":"5min","Figi":"BBG000BPD168"}
{"o":81.47,"c":81.46,"h":81.49,"l":81.46,"v":1673.0,"Time":"2020-12-02T19:45:00Z","Interval":"5min","Figi":"BBG000BPD168"}
{"o":81.47,"c":81.45,"h":81.49,"l":81.45,"v":1793.0,"Time":"2020-12-02T19:45:00Z","Interval":"5min","Figi":"BBG000BPD168"}
{"o":81.47,"c":81.45,"h":81.49,"l":81.45,"v":1794.0,"Time":"2020-12-02T19:45:00Z","Interval":"5min","Figi":"BBG000BPD168"}
{"o":81.47,"c":81.44,"h":81.49,"l":81.44,"v":1948.0,"Time":"2020-12-02T19:45:00Z","Interval":"5min","Figi":"BBG000BPD168"}
{"o":81.47,"c":81.43,"h":81.49,"l":81.43,"v":2204.0,"Time":"2020-12-02T19:45:00Z","Interval":"5min","Figi":"BBG000BPD168"}
{"o":81.47,"c":81.42,"h":81.49,"l":81.42,"v":2206.0,"Time":"2020-12-02T19:45:00Z","Interval":"5min","Figi":"BBG000BPD168"}
{"o":81.47,"c":81.42,"h":81.49,"l":81.42,"v":2207.0,"Time":"2020-12-02T19:45:00Z","Interval":"5min","Figi":"BBG000BPD168"}
{"o":81.47,"c":81.41,"h":81.49,"l":81.41,"v":2234.0,"Time":"2020-12-02T19:45:00Z","Interval":"5min","Figi":"BBG000BPD168"}
{"o":81.47,"c":81.41,"h":81.49,"l":81.41,"v":2236.0,"Time":"2020-12-02T19:45:00Z","Interval":"5min","Figi":"BBG000BPD168"}
{"o":81.47,"c":81.4,"h":81.49,"l":81.4,"v":2237.0,"Time":"2020-12-02T19:45:00Z","Interval":"5min","Figi":"BBG000BPD168"}
{"o":81.47,"c":81.4,"h":81.49,"l":81.4,"v":2256.0,"Time":"2020-12-02T19:45:00Z","Interval":"5min","Figi":"BBG000BPD168"}
{"o":81.47,"c":81.4,"h":81.49,"l":81.4,"v":2463.0,"Time":"2020-12-02T19:45:00Z","Interval":"5min","Figi":"BBG000BPD168"}
{"o":81.47,"c":81.38,"h":81.49,"l":81.38,"v":2464.0,"Time":"2020-12-02T19:45:00Z","Interval":"5min","Figi":"BBG000BPD168"}
{"o":81.47,"c":81.37,"h":81.49,"l":81.37,"v":2537.0,"Time":"2020-12-02T19:45:00Z","Interval":"5min","Figi":"BBG000BPD168"}
{"o":81.47,"c":81.36,"h":81.49,"l":81.36,"v":2637.0,"Time":"2020-12-02T19:45:00Z","Interval":"5min","Figi":"BBG000BPD168"}
{"o":81.47,"c":81.37,"h":81.49,"l":81.36,"v":2837.0,"Time":"2020-12-02T19:45:00Z","Interval":"5min","Figi":"BBG000BPD168"}
{"o":81.47,"c":81.37,"h":81.49,"l":81.36,"v":2840.0,"Time":"2020-12-02T19:45:00Z","Interval":"5min","Figi":"BBG000BPD168"}
{"o":81.47,"c":81.36,"h":81.49,"l":81.36,"v":2842.0,"Time":"2020-12-02T19:45:00Z","Interval":"5min","Figi":"BBG000BPD168"}
{"o":81.47,"c":81.36,"h":81.49,"l":81.36,"v":2942.0,"Time":"2020-12-02T19:45:00Z","Interval":"5min","Figi":"BBG000BPD168"}
{"o":81.47,"c":81.36,"h":81.49,"l":81.36,"v":2954.0,"Time":"2020-12-02T19:45:00Z","Interval":"5min","Figi":"BBG000BPD168"}
{"o":81.47,"c":81.36,"h":81.49,"l":81.36,"v":3113.0,"Time":"2020-12-02T19:45:00Z","Interval":"5min","Figi":"BBG000BPD168"}
{"o":81.47,"c":81.37,"h":81.49,"l":81.36,"v":3513.0,"Time":"2020-12-02T19:45:00Z","Interval":"5min","Figi":"BBG000BPD168"}
{"o":81.47,"c":81.37,"h":81.49,"l":81.36,"v":3713.0,"Time":"2020-12-02T19:45:00Z","Interval":"5min","Figi":"BBG000BPD168"}
{"o":81.47,"c":81.38,"h":81.49,"l":81.36,"v":3914.0,"Time":"2020-12-02T19:45:00Z","Interval":"5min","Figi":"BBG000BPD168"}
{"o":81.47,"c":81.38,"h":81.49,"l":81.36,"v":4014.0,"Time":"2020-12-02T19:45:00Z","Interval":"5min","Figi":"BBG000BPD168"}
{"o":81.47,"c":81.38,"h":81.49,"l":81.36,"v":4113.0,"Time":"2020-12-02T19:45:00Z","Interval":"5min","Figi":"BBG000BPD168"}
{"o":81.47,"c":81.38,"h":81.49,"l":81.36,"v":4114.0,"Time":"2020-12-02T19:45:00Z","Interval":"5min","Figi":"BBG000BPD168"}
{"o":81.47,"c":81.38,"h":81.49,"l":81.36,"v":4213.0,"Time":"2020-12-02T19:45:00Z","Interval":"5min","Figi":"BBG000BPD168"}
{"o":81.47,"c":81.38,"h":81.49,"l":81.36,"v":4214.0,"Time":"2020-12-02T19:45:00Z","Interval":"5min","Figi":"BBG000BPD168"}
{"o":81.47,"c":81.38,"h":81.49,"l":81.36,"v":4314.0,"Time":"2020-12-02T19:45:00Z","Interval":"5min","Figi":"BBG000BPD168"}
{"o":81.47,"c":81.38,"h":81.49,"l":81.36,"v":4413.0,"Time":"2020-12-02T19:45:00Z","Interval":"5min","Figi":"BBG000BPD168"}
{"o":81.47,"c":81.38,"h":81.49,"l":81.36,"v":4414.0,"Time":"2020-12-02T19:45:00Z","Interval":"5min","Figi":"BBG000BPD168"}
{"o":81.47,"c":81.38,"h":81.49,"l":81.36,"v":4514.0,"Time":"2020-12-02T19:45:00Z","Interval":"5min","Figi":"BBG000BPD168"}
{"o":81.47,"c":81.38,"h":81.49,"l":81.36,"v":4574.0,"Time":"2020-12-02T19:45:00Z","Interval":"5min","Figi":"BBG000BPD168"}
{"o":81.47,"c":81.38,"h":81.49,"l":81.36,"v":4674.0,"Time":"2020-12-02T19:45:00Z","Interval":"5min","Figi":"BBG000BPD168"}
{"o":81.47,"c":81.39,"h":81.49,"l":81.36,"v":4792.0,"Time":"2020-12-02T19:45:00Z","Interval":"5min","Figi":"BBG000BPD168"}
{"o":81.47,"c":81.39,"h":81.49,"l":81.36,"v":4833.0,"Time":"2020-12-02T19:45:00Z","Interval":"5min","Figi":"BBG000BPD168"}
{"o":81.47,"c":81.4,"h":81.49,"l":81.36,"v":5233.0,"Time":"2020-12-02T19:45:00Z","Interval":"5min","Figi":"BBG000BPD168"}
{"o":81.47,"c":81.4,"h":81.49,"l":81.36,"v":5333.0,"Time":"2020-12-02T19:45:00Z","Interval":"5min","Figi":"BBG000BPD168"}
{"o":81.47,"c":81.4,"h":81.49,"l":81.36,"v":5433.0,"Time":"2020-12-02T19:45:00Z","Interval":"5min","Figi":"BBG000BPD168"}
{"o":81.47,"c":81.4,"h":81.49,"l":81.36,"v":5533.0,"Time":"2020-12-02T19:45:00Z","Interval":"5min","Figi":"BBG000BPD168"}
{"o":81.38,"c":81.38,"h":81.38,"l":81.38,"v":100.0,"Time":"2020-12-02T19:50:00Z","Interval":"5min","Figi":"BBG000BPD168"}
{"o":81.38,"c":81.38,"h":81.38,"l":81.38,"v":200.0,"Time":"2020-12-02T19:50:00Z","Interval":"5min","Figi":"BBG000BPD168"}
{"o":81.38,"c":81.38,"h":81.38,"l":81.38,"v":208.0,"Time":"2020-12-02T19:50:00Z","Interval":"5min","Figi":"BBG000BPD168"}
{"o":81.38,"c":81.38,"h":81.38,"l":81.38,"v":220.0,"Time":"2020-12-02T19:50:00Z","Interval":"5min","Figi":"BBG000BPD168"}
{"o":81.38,"c":81.38,"h":81.38,"l":81.37,"v":336.0,"Time":"2020-12-02T19:50:00Z","Interval":"5min","Figi":"BBG000BPD168"}
{"o":81.38,"c":81.37,"h":81.38,"l":81.37,"v":339.0,"Time":"2020-12-02T19:50:00Z","Interval":"5min","Figi":"BBG000BPD168"}
{"o":81.38,"c":81.36,"h":81.38,"l":81.36,"v":736.0,"Time":"2020-12-02T19:50:00Z","Interval":"5min","Figi":"BBG000BPD168"}
{"o":81.38,"c":81.36,"h":81.38,"l":81.36,"v":936.0,"Time":"2020-12-02T19:50:00Z","Interval":"5min","Figi":"BBG000BPD168"}
{"o":81.38,"c":81.37,"h":81.38,"l":81.36,"v":1536.0,"Time":"2020-12-02T19:50:00Z","Interval":"5min","Figi":"BBG000BPD168"}
{"o":81.38,"c":81.37,"h":81.38,"l":81.36,"v":1636.0,"Time":"2020-12-02T19:50:00Z","Interval":"5min","Figi":"BBG000BPD168"}
{"o":81.38,"c":81.36,"h":81.38,"l":81.36,"v":1756.0,"Time":"2020-12-02T19:50:00Z","Interval":"5min","Figi":"BBG000BPD168"}
{"o":81.38,"c":81.36,"h":81.38,"l":81.36,"v":1908.0,"Time":"2020-12-02T19:50:00Z","Interval":"5min","Figi":"BBG000BPD168"}
{"o":81.38,"c":81.36,"h":81.38,"l":81.36,"v":2008.0,"Time":"2020-12-02T19:50:00Z","Interval":"5min","Figi":"BBG000BPD168"}
{"o":81.38,"c":81.37,"h":81.38,"l":81.36,"v":2068.0,"Time":"2020-12-02T19:50:00Z","Interval":"5min","Figi":"BBG000BPD168"}
{"o":81.38,"c":81.35,"h":81.38,"l":81.35,"v":2168.0,"Time":"2020-12-02T19:50:00Z","Interval":"5min","Figi":"BBG000BPD168"}
{"o":81.38,"c":81.35,"h":81.38,"l":81.35,"v":2268.0,"Time":"2020-12-02T19:50:00Z","Interval":"5min","Figi":"BBG000BPD168"}
{"o":81.38,"c":81.34,"h":81.38,"l":81.34,"v":2489.0,"Time":"2020-12-02T19:50:00Z","Interval":"5min","Figi":"BBG000BPD168"}
{"o":81.38,"c":81.34,"h":81.38,"l":81.34,"v":2589.0,"Time":"2020-12-02T19:50:00Z","Interval":"5min","Figi":"BBG000BPD168"}
{"o":81.38,"c":81.33,"h":81.38,"l":81.33,"v":2689.0,"Time":"2020-12-02T19:50:00Z","Interval":"5min","Figi":"BBG000BPD168"}
{"o":81.38,"c":81.33,"h":81.38,"l":81.33,"v":2960.0,"Time":"2020-12-02T19:50:00Z","Interval":"5min","Figi":"BBG000BPD168"}
{"o":81.38,"c":81.33,"h":81.38,"l":81.33,"v":2960.0,"Time":"2020-12-02T19:50:00Z","Interval":"5min","Figi":"BBG000BPD168"}
{"o":81.38,"c":81.32,"h":81.38,"l":81.32,"v":3084.0,"Time":"2020-12-02T19:50:00Z","Interval":"5min","Figi":"BBG000BPD168"}
{"o":81.38,"c":81.32,"h":81.38,"l":81.32,"v":3184.0,"Time":"2020-12-02T19:50:00Z","Interval":"5min","Figi":"BBG000BPD168"}
{"o":81.38,"c":81.32,"h":81.38,"l":81.32,"v":3284.0,"Time":"2020-12-02T19:50:00Z","Interval":"5min","Figi":"BBG000BPD168"}
{"o":81.38,"c":81.32,"h":81.38,"l":81.32,"v":3285.0,"Time":"2020-12-02T19:50:00Z","Interval":"5min","Figi":"BBG000BPD168"}
{"o":81.38,"c":81.32,"h":81.38,"l":81.32,"v":3385.0,"Time":"2020-12-02T19:50:00Z","Interval":"5min","Figi":"BBG000BPD168"}
{"o":81.38,"c":81.31,"h":81.38,"l":81.31,"v":3478.0,"Time":"2020-12-02T19:50:00Z","Interval":"5min","Figi":"BBG000BPD168"}
{"o":81.38,"c":81.31,"h":81.38,"l":81.31,"v":3578.0,"Time":"2020-12-02T19:50:00Z","Interval":"5min","Figi":"BBG000BPD168"}
{"o":81.38,"c":81.3,"h":81.38,"l":81.3,"v":3601.0,"Time":"2020-12-02T19:50:00Z","Interval":"5min","Figi":"BBG000BPD168"}
{"o":81.38,"c":81.3,"h":81.38,"l":81.3,"v":3701.0,"Time":"2020-12-02T19:50:00Z","Interval":"5min","Figi":"BBG000BPD168"}
{"o":81.38,"c":81.31,"h":81.38,"l":81.3,"v":4525.0,"Time":"2020-12-02T19:50:00Z","Interval":"5min","Figi":"BBG000BPD168"}
{"o":81.38,"c":81.31,"h":81.38,"l":81.3,"v":4673.0,"Time":"2020-12-02T19:50:00Z","Interval":"5min","Figi":"BBG000BPD168"}
{"o":81.38,"c":81.3,"h":81.38,"l":81.3,"v":4674.0,"Time":"2020-12-02T19:50:00Z","Interval":"5min","Figi":"BBG000BPD168"}
{"o":81.38,"c":81.3,"h":81.38,"l":81.3,"v":4677.0,"Time":"2020-12-02T19:50:00Z","Interval":"5min","Figi":"BBG000BPD168"}
{"o":81.38,"c":81.31,"h":81.38,"l":81.3,"v":4678.0,"Time":"2020-12-02T19:50:00Z","Interval":"5min","Figi":"BBG000BPD168"}
{"o":81.38,"c":81.31,"h":81.38,"l":81.3,"v":4679.0,"Time":"2020-12-02T19:50:00Z","Interval":"5min","Figi":"BBG000BPD168"}
{"o":81.38,"c":81.3,"h":81.38,"l":81.3,"v":4685.0,"Time":"2020-12-02T19:50:00Z","Interval":"5min","Figi":"BBG000BPD168"}
{"o":81.38,"c":81.3,"h":81.38,"l":81.3,"v":5285.0,"Time":"2020-12-02T19:50:00Z","Interval":"5min","Figi":"BBG000BPD168"}
{"o":81.38,"c":81.31,"h":81.38,"l":81.3,"v":5386.0,"Time":"2020-12-02T19:50:00Z","Interval":"5min","Figi":"BBG000BPD168"}
{"o":81.38,"c":81.32,"h":81.38,"l":81.3,"v":5586.0,"Time":"2020-12-02T19:50:00Z","Interval":"5min","Figi":"BBG000BPD168"}
{"o":81.38,"c":81.32,"h":81.38,"l":81.3,"v":6386.0,"Time":"2020-12-02T19:50:00Z","Interval":"5min","Figi":"BBG000BPD168"}
{"o":81.38,"c":81.33,"h":81.38,"l":81.3,"v":6786.0,"Time":"2020-12-02T19:50:00Z","Interval":"5min","Figi":"BBG000BPD168"}
{"o":81.38,"c":81.35,"h":81.38,"l":81.3,"v":6886.0,"Time":"2020-12-02T19:50:00Z","Interval":"5min","Figi":"BBG000BPD168"}
{"o":81.38,"c":81.35,"h":81.38,"l":81.3,"v":6986.0,"Time":"2020-12-02T19:50:00Z","Interval":"5min","Figi":"BBG000BPD168"}
{"o":81.38,"c":81.34,"h":81.38,"l":81.3,"v":7086.0,"Time":"2020-12-02T19:50:00Z","Interval":"5min","Figi":"BBG000BPD168"}
{"o":81.38,"c":81.34,"h":81.38,"l":81.3,"v":7186.0,"Time":"2020-12-02T19:50:00Z","Interval":"5min","Figi":"BBG000BPD168"}
{"o":81.38,"c":81.34,"h":81.38,"l":81.3,"v":7198.0,"Time":"2020-12-02T19:50:00Z","Interval":"5min","Figi":"BBG000BPD168"}
{"o":81.38,"c":81.33,"h":81.38,"l":81.3,"v":7279.0,"Time":"2020-12-02T19:50:00Z","Interval":"5min","Figi":"BBG000BPD168"}
{"o":81.34,"c":81.34,"h":81.34,"l":81.34,"v":2.0,"Time":"2020-12-02T19:55:00Z","Interval":"5min","Figi":"BBG000BPD168"}
{"o":81.34,"c":81.35,"h":81.35,"l":81.34,"v":151.0,"Time":"2020-12-02T19:55:00Z","Interval":"5min","Figi":"BBG000BPD168"}
{"o":81.34,"c":81.35,"h":81.35,"l":81.34,"v":202.0,"Time":"2020-12-02T19:55:00Z","Interval":"5min","Figi":"BBG000BPD168"}
{"o":81.34,"c":81.35,"h":81.35,"l":81.34,"v":351.0,"Time":"2020-12-02T19:55:00Z","Interval":"5min","Figi":"BBG000BPD168"}
{"o":81.34,"c":81.35,"h":81.35,"l":81.34,"v":451.0,"Time":"2020-12-02T19:55:00Z","Interval":"5min","Figi":"BBG000BPD168"}
{"o":81.34,"c":81.35,"h":81.35,"l":81.34,"v":551.0,"Time":"2020-12-02T19:55:00Z","Interval":"5min","Figi":"BBG000BPD168"}
{"o":81.34,"c":81.37,"h":81.37,"l":81.34,"v":751.0,"Time":"2020-12-02T19:55:00Z","Interval":"5min","Figi":"BBG000BPD168"}
{"o":81.34,"c":81.37,"h":81.37,"l":81.34,"v":951.0,"Time":"2020-12-02T19:55:00Z","Interval":"5min","Figi":"BBG000BPD168"}
{"o":81.34,"c":81.37,"h":81.37,"l":81.34,"v":1051.0,"Time":"2020-12-02T19:55:00Z","Interval":"5min","Figi":"BBG000BPD168"}
{"o":81.34,"c":81.37,"h":81.37,"l":81.34,"v":1052.0,"Time":"2020-12-02T19:55:00Z","Interval":"5min","Figi":"BBG000BPD168"}
{"o":81.34,"c":81.37,"h":81.37,"l":81.34,"v":1151.0,"Time":"2020-12-02T19:55:00Z","Interval":"5min","Figi":"BBG000BPD168"}
{"o":81.34,"c":81.37,"h":81.37,"l":81.34,"v":1251.0,"Time":"2020-12-02T19:55:00Z","Interval":"5min","Figi":"BBG000BPD168"}
{"o":81.34,"c":81.37,"h":81.37,"l":81.34,"v":1252.0,"Time":"2020-12-02T19:55:00Z","Interval":"5min","Figi":"BBG000BPD168"}
{"o":81.34,"c":81.37,"h":81.37,"l":81.34,"v":1454.0,"Time":"2020-12-02T19:55:00Z","Interval":"5min","Figi":"BBG000BPD168"}
{"o":81.34,"c":81.36,"h":81.37,"l":81.34,"v":1554.0,"Time":"2020-12-02T19:55:00Z","Interval":"5min","Figi":"BBG000BPD168"}
{"o":81.34,"c":81.36,"h":81.37,"l":81.34,"v":1654.0,"Time":"2020-12-02T19:55:00Z","Interval":"5min","Figi":"BBG000BPD168"}
{"o":81.34,"c":81.36,"h":81.37,"l":81.34,"v":1659.0,"Time":"2020-12-02T19:55:00Z","Interval":"5min","Figi":"BBG000BPD168"}
{"o":81.34,"c":81.36,"h":81.37,"l":81.34,"v":1768.0,"Time":"2020-12-02T19:55:00Z","Interval":"5min","Figi":"BBG000BPD168"}
{"o":81.34,"c":81.36,"h":81.37,"l":81.34,"v":1868.0,"Time":"2020-12-02T19:55:00Z","Interval":"5min","Figi":"BBG000BPD168"}
{"o":81.34,"c":81.36,"h":81.37,"l":81.34,"v":1884.0,"Time":"2020-12-02T19:55:00Z","Interval":"5min","Figi":"BBG000BPD168"}
{"o":81.34,"c":81.35,"h":81.37,"l":81.34,"v":1887.0,"Time":"2020-12-02T19:55:00Z","Interval":"5min","Figi":"BBG000BPD168"}
{"o":81.34,"c":81.36,"h":81.37,"l":81.34,"v":1888.0,"Time":"2020-12-02T19:55:00Z","Interval":"5min","Figi":"BBG000BPD168"}
{"o":81.34,"c":81.36,"h":81.37,"l":81.34,"v":1988.0,"Time":"2020-12-02T19:55:00Z","Interval":"5min","Figi":"BBG000BPD168"}
{"o":81.34,"c":81.36,"h":81.37,"l":81.34,"v":2488.0,"Time":"2020-12-02T19:55:00Z","Interval":"5min","Figi":"BBG000BPD168"}
{"o":81.34,"c":81.37,"h":81.37,"l":81.34,"v":2489.0,"Time":"2020-12-02T19:55:00Z","Interval":"5min","Figi":"BBG000BPD168"}
{"o":81.34,"c":81.37,"h":81.37,"l":81.34,"v":2490.0,"Time":"2020-12-02T19:55:00Z","Interval":"5min","Figi":"BBG000BPD168"}
{"o":81.34,"c":81.37,"h":81.37,"l":81.34,"v":2689.0,"Time":"2020-12-02T19:55:00Z","Interval":"5min","Figi":"BBG000BPD168"}
{"o":81.34,"c":81.38,"h":81.38,"l":81.34,"v":2789.0,"Time":"2020-12-02T19:55:00Z","Interval":"5min","Figi":"BBG000BPD168"}
{"o":81.34,"c":81.38,"h":81.38,"l":81.34,"v":2889.0,"Time":"2020-12-02T19:55:00Z","Interval":"5min","Figi":"BBG000BPD168"}
{"o":81.34,"c":81.39,"h":81.39,"l":81.34,"v":2989.0,"Time":"2020-12-02T19:55:00Z","Interval":"5min","Figi":"BBG000BPD168"}
{"o":81.34,"c":81.39,"h":81.39,"l":81.34,"v":2994.0,"Time":"2020-12-02T19:55:00Z","Interval":"5min","Figi":"BBG000BPD168"}
{"o":81.34,"c":81.39,"h":81.39,"l":81.34,"v":3089.0,"Time":"2020-12-02T19:55:00Z","Interval":"5min","Figi":"BBG000BPD168"}
{"o":81.34,"c":81.39,"h":81.39,"l":81.34,"v":3389.0,"Time":"2020-12-02T19:55:00Z","Interval":"5min","Figi":"BBG000BPD168"}
{"o":81.34,"c":81.4,"h":81.4,"l":81.34,"v":3390.0,"Time":"2020-12-02T19:55:00Z","Interval":"5min","Figi":"BBG000BPD168"}
{"o":81.34,"c":81.4,"h":81.4,"l":81.34,"v":3489.0,"Time":"2020-12-02T19:55:00Z","Interval":"5min","Figi":"BBG000BPD168"}
{"o":81.34,"c":81.42,"h":81.42,"l":81.34,"v":3589.0,"Time":"2020-12-02T19:55:00Z","Interval":"5min","Figi":"BBG000BPD168"}
{"o":81.34,"c":81.41,"h":81.42,"l":81.34,"v":3693.0,"Time":"2020-12-02T19:55:00Z","Interval":"5min","Figi":"BBG000BPD168"}
{"o":81.34,"c":81.42,"h":81.42,"l":81.34,"v":3793.0,"Time":"2020-12-02T19:55:00Z","Interval":"5min","Figi":"BBG000BPD168"}
{"o":81.34,"c":81.41,"h":81.42,"l":81.34,"v":4464.0,"Time":"2020-12-02T19:55:00Z","Interval":"5min","Figi":"BBG000BPD168"}
{"o":81.34,"c":81.41,"h":81.42,"l":81.34,"v":4514.0,"Time":"2020-12-02T19:55:00Z","Interval":"5min","Figi":"BBG000BPD168"}
{"o":81.34,"c":81.41,"h":81.42,"l":81.34,"v":4514.0,"Time":"2020-12-02T19:55:00Z","Interval":"5min","Figi":"BBG000BPD168"}
{"o":81.34,"c":81.4,"h":81.42,"l":81.34,"v":4614.0,"Time":"2020-12-02T19:55:00Z","Interval":"5min","Figi":"BBG000BPD168"}
{"o":81.34,"c":81.39,"h":81.42,"l":81.34,"v":4651.0,"Time":"2020-12-02T19:55:00Z","Interval":"5min","Figi":"BBG000BPD168"}
{"o":81.34,"c":81.39,"h":81.42,"l":81.34,"v":4751.0,"Time":"2020-12-02T19:55:00Z","Interval":"5min","Figi":"BBG000BPD168"}
{"o":81.34,"c":81.39,"h":81.42,"l":81.34,"v":4951.0,"Time":"2020-12-02T19:55:00Z","Interval":"5min","Figi":"BBG000BPD168"}
{"o":81.4,"c":81.4,"h":81.4,"l":81.4,"v":16.0,"Time":"2020-12-02T20:00:00Z","Interval":"5min","Figi":"BBG000BPD168"}
{"o":81.4,"c":81.4,"h":81.4,"l":81.4,"v":66.0,"Time":"2020-12-02T20:00:00Z","Interval":"5min","Figi":"BBG000BPD168"}
{"o":81.4,"c":81.4,"h":81.4,"l":81.4,"v":167.0,"Time":"2020-12-02T20:00:00Z","Interval":"5min","Figi":"BBG000BPD168"}
{"o":81.4,"c":81.41,"h":81.41,"l":81.4,"v":467.0,"Time":"2020-12-02T20:00:00Z","Interval":"5min","Figi":"BBG000BPD168"}
{"o":81.4,"c":81.42,"h":81.42,"l":81.4,"v":686.0,"Time":"2020-12-02T20:00:00Z","Interval":"5min","Figi":"BBG000BPD168"}
{"o":81.4,"c":81.45,"h":81.45,"l":81.4,"v":786.0,"Time":"2020-12-02T20:00:00Z","Interval":"5min","Figi":"BBG000BPD168"}
{"o":81.4,"c":81.46,"h":81.46,"l":81.4,"v":787.0,"Time":"2020-12-02T20:00:00Z","Interval":"5min","Figi":"BBG000BPD168"}
{"o":81.4,"c":81.46,"h":81.46,"l":81.4,"v":796.0,"Time":"2020-12-02T20:00:00Z","Interval":"5min","Figi":"BBG000BPD168"}
{"o":81.4,"c":81.44,"h":81.46,"l":81.4,"v":1065.0,"Time":"2020-12-02T20:00:00Z","Interval":"5min","Figi":"BBG000BPD168"}
{"o":81.4,"c":81.43,"h":81.46,"l":81.4,"v":1165.0,"Time":"2020-12-02T20:00:00Z","Interval":"5min","Figi":"BBG000BPD168"}
{"o":81.4,"c":81.42,"h":81.46,"l":81.4,"v":1365.0,"Time":"2020-12-02T20:00:00Z","Interval":"5min","Figi":"BBG000BPD168"}
{"o":81.4,"c":81.42,"h":81.46,"l":81.4,"v":1367.0,"Time":"2020-12-02T20:00:00Z","Interval":"5min","Figi":"BBG000BPD168"}
{"o":81.4,"c":81.43,"h":81.46,"l":81.4,"v":1377.0,"Time":"2020-12-02T20:00:00Z","Interval":"5min","Figi":"BBG000BPD168"}
{"o":81.4,"c":81.42,"h":81.46,"l":81.4,"v":1378.0,"Time":"2020-12-02T20:00:00Z","Interval":"5min","Figi":"BBG000BPD168"}
{"o":81.4,"c":81.42,"h":81.46,"l":81.4,"v":1384.0,"Time":"2020-12-02T20:00:00Z","Interval":"5min","Figi":"BBG000BPD168"}
{"o":81.4,"c":81.43,"h":81.46,"l":81.4,"v":1434.0,"Time":"2020-12-02T20:00:00Z","Interval":"5min","Figi":"BBG000BPD168"}
{"o":81.4,"c":81.45,"h":81.46,"l":81.4,"v":1535.0,"Time":"2020-12-02T20:00:00Z","Interval":"5min","Figi":"BBG000BPD168"}
{"o":81.4,"c":81.46,"h":81.46,"l":81.4,"v":1556.0,"Time":"2020-12-02T20:00:00Z","Interval":"5min","Figi":"BBG000BPD168"}
{"o":81.4,"c":81.46,"h":81.46,"l":81.4,"v":1756.0,"Time":"2020-12-02T20:00:00Z","Interval":"5min","Figi":"BBG000BPD168"}
{"o":81.4,"c":81.46,"h":81.46,"l":81.4,"v":2056.0,"Time":"2020-12-02T20:00:00Z","Interval":"5min","Figi":"BBG000BPD168"}
{"o":81.4,"c":81.46,"h":81.46,"l":81.4,"v":2074.0,"Time":"2020-12-02T20:00:00Z","Interval":"5min","Figi":"BBG000BPD168"}
{"o":81.4,"c":81.47,"h":81.47,"l":81.4,"v":2174.0,"Time":"2020-12-02T20:00:00Z","Interval":"5min","Figi":"BBG000BPD168"}
{"o":81.4,"c":81.47,"h":81.47,"l":81.4,"v":2274.0,"Time":"2020-12-02T20:00:00Z","Interval":"5min","Figi":"BBG000BPD168"}
{"o":81.4,"c":81.46,"h":81.47,"l":81.4,"v":2474.0,"Time":"2020-12-02T20:00:00Z","Interval":"5min","Figi":"BBG000BPD168"}
{"o":81.4,"c":81.45,"h":81.47,"l":81.4,"v":2581.0,"Time":"2020-12-02T20:00:00Z","Interval":"5min","Figi":"BBG000BPD168"}
{"o":81.4,"c":81.46,"h":81.47,"l":81.4,"v":2981.0,"Time":"2020-12-02T20:00:00Z","Interval":"5min","Figi":"BBG000BPD168"}
{"o":81.4,"c":81.48,"h":81.48,"l":81.4,"v":3181.0,"Time":"2020-12-02T20:00:00Z","Interval":"5min","Figi":"BBG000BPD168"}
{"o":81.4,"c":81.48,"h":81.48,"l":81.4,"v":3381.0,"Time":"2020-12-02T20:00:00Z","Interval":"5min","Figi":"BBG000BPD168"}
{"o":81.4,"c":81.49,"h":81.49,"l":81.4,"v":3481.0,"Time":"2020-12-02T20:00:00Z","Interval":"5min","Figi":"BBG000BPD168"}
{"o":81.4,"c":81.47,"h":81.49,"l":81.4,"v":3491.0,"Time":"2020-12-02T20:00:00Z","Interval":"5min","Figi":"BBG000BPD168"}
{"o":81.4,"c":81.47,"h":81.49,"l":81.4,"v":3526.0,"Time":"2020-12-02T20:00:00Z","Interval":"5min","Figi":"BBG000BPD168"}
{"o":81.4,"c":81.46,"h":81.49,"l":81.4,"v":3626.0,"Time":"2020-12-02T20:00:00Z","Interval":"5min","Figi":"BBG000BPD168"}
{"o":81.4,"c":81.47,"h":81.49,"l":81.4,"v":3701.0,"Time":"2020-12-02T20:00:00Z","Interval":"5min","Figi":"BBG000BPD168"}
{"o":81.4,"c":81.47,"h":81.49,"l":81.4,"v":3726.0,"Time":"2020-12-02T20:00:00Z","Interval":"5min","Figi":"BBG000BPD168"}
{"o":81.4,"c":81.47,"h":81.49,"l":81.4,"v":3826.0,"Time":"2020-12-02T20:00:00Z","Interval":"5min","Figi":"BBG000BPD168"}
{"o":81.4,"c":81.47,"h":81.49,"l":81.4,"v":3926.0,"Time":"2020-12-02T20:00:00Z","Interval":"5min","Figi":"BBG000BPD168"}
{"o":81.4,"c":81.47,"h":81.49,"l":81.4,"v":3979.0,"Time":"2020-12-02T20:00:00Z","Interval":"5min","Figi":"BBG000BPD168"}
{"o":81.4,"c":81.46,"h":81.49,"l":81.4,"v":3986.0,"Time":"2020-12-02T20:00:00Z","Interval":"5min","Figi":"BBG000BPD168"}
{"o":81.4,"c":81.45,"h":81.49,"l":81.4,"v":4086.0,"Time":"2020-12-02T20:00:00Z","Interval":"5min","Figi":"BBG000BPD168"}
{"o":81.4,"c":81.45,"h":81.49,"l":81.4,"v":4186.0,"Time":"2020-12-02T20:00:00Z","Interval":"5min","Figi":"BBG000BPD168"}
{"o":81.4,"c":81.45,"h":81.49,"l":81.4,"v":4286.0,"Time":"2020-12-02T20:00:00Z","Interval":"5min","Figi":"BBG000BPD168"}
{"o":81.4,"c":81.45,"h":81.49,"l":81.4,"v":4289.0,"Time":"2020-12-02T20:00:00Z","Interval":"5min","Figi":"BBG000BPD168"}
{"o":81.4,"c":81.47,"h":81.49,"l":81.4,"v":4290.0,"Time":"2020-12-02T20:00:00Z","Interval":"5min","Figi":"BBG000BPD168"}
{"o":81.4,"c":81.47,"h":81.49,"l":81.4,"v":4390.0,"Time":"2020-12-02T20:00:00Z","Interval":"5min","Figi":"BBG000BPD168"}
{"o":81.4,"c":81.48,"h":81.49,"l":81.4,"v":4395.0,"Time":"2020-12-02T20:00:00Z","Interval":"5min","Figi":"BBG000BPD168"}
{"o":81.4,"c":81.49,"h":81.49,"l":81.4,"v":4459.0,"Time":"2020-12-02T20:00:00Z","Interval":"5min","Figi":"BBG000BPD168"}
{"o":81.4,"c":81.49,"h":81.49,"l":81.4,"v":4507.0,"Time":"2020-12-02T20:00:00Z","Interval":"5min","Figi":"BBG000BPD168"}
{"o":81.4,"c":81.5,"h":81.5,"l":81.4,"v":4509.0,"Time":"2020-12-02T20:00:00Z","Interval":"5min","Figi":"BBG000BPD168"}
{"o":81.4,"c":81.51,"h":81.51,"l":81.4,"v":4609.0,"Time":"2020-12-02T20:00:00Z","Interval":"5min","Figi":"BBG000BPD168"}
{"o":81.4,"c":81.52,"h":81.52,"l":81.4,"v":4709.0,"Time":"2020-12-02T20:00:00Z","Interval":"5min","Figi":"BBG000BPD168"}
{"o":81.4,"c":81.52,"h":81.52,"l":81.4,"v":4715.0,"Time":"2020-12-02T20:00:00Z","Interval":"5min","Figi":"BBG000BPD168"}
{"o":81.4,"c":81.51,"h":81.52,"l":81.4,"v":4877.0,"Time":"2020-12-02T20:00:00Z","Interval":"5min","Figi":"BBG000BPD168"}
{"o":81.49,"c":81.49,"h":81.49,"l":81.49,"v":10.0,"Time":"2020-12-02T20:05:00Z","Interval":"5min","Figi":"BBG000BPD168"}
{"o":81.49,"c":81.49,"h":81.49,"l":81.49,"v":110.0,"Time":"2020-12-02T20:05:00Z","Interval":"5min","Figi":"BBG000BPD168"}
{"o":81.49,"c":81.48,"h":81.49,"l":81.48,"v":210.0,"Time":"2020-12-02T20:05:00Z","Interval":"5min","Figi":"BBG000BPD168"}
{"o":81.49,"c":81.51,"h":81.51,"l":81.48,"v":310.0,"Time":"2020-12-02T20:05:00Z","Interval":"5min","Figi":"BBG000BPD168"}
{"o":81.49,"c":81.52,"h":81.52,"l":81.48,"v":410.0,"Time":"2020-12-02T20:05:00Z","Interval":"5min","Figi":"BBG000BPD168"}
{"o":81.49,"c":81.52,"h":81.52,"l":81.48,"v":510.0,"Time":"2020-12-02T20:05:00Z","Interval":"5min","Figi":"BBG000BPD168"}
{"o":81.49,"c":81.52,"h":81.52,"l":81.48,"v":610.0,"Time":"2020-12-02T20:05:00Z","Interval":"5min","Figi":"BBG000BPD168"}
{"o":81.49,"c":81.54,"h":81.54,"l":81.48,"v":967.0,"Time":"2020-12-02T20:05:00Z","Interval":"5min","Figi":"BBG000BPD168"}
{"o":81.49,"c":81.55,"h":81.55,"l":81.48,"v":1067.0,"Time":"2020-12-02T20:05:00Z","Interval":"5min","Figi":"BBG000BPD168"}
{"o":81.49,"c":81.55,"h":81.55,"l":81.48,"v":1167.0,"Time":"2020-12-02T20:05:00Z","Interval":"5min","Figi":"BBG000BPD168"}
{"o":81.49,"c":81.56,"h":81.56,"l":81.48,"v":1169.0,"Time":"2020-12-02T20:05:00Z","Interval":"5min","Figi":"BBG000BPD168"}
{"o":81.49,"c":81.56,"h":81.56,"l":81.48,"v":1469.0,"Time":"2020-12-02T20:05:00Z","Interval":"5min","Figi":"BBG000BPD168"}
{"o":81.49,"c":81.58,"h":81.58,"l":81.48,"v":1534.0,"Time":"2020-12-02T20:05:00Z","Interval":"5min","Figi":"BBG000BPD168"}
{"o":81.49,"c":81.56,"h":81.58,"l":81.48,"v":1841.0,"Time":"2020-12-02T20:05:00Z","Interval":"5min","Figi":"BBG000BPD168"}
{"o":81.49,"c":81.56,"h":81.58,"l":81.48,"v":1842.0,"Time":"2020-12-02T20:05:00Z","Interval":"5min","Figi":"BBG000BPD168"}
{"o":81.49,"c":81.56,"h":81.58,"l":81.48,"v":1942.0,"Time":"2020-12-02T20:05:00Z","Interval":"5min","Figi":"BBG000BPD168"}
{"o":81.49,"c":81.58,"h":81.58,"l":81.48,"v":1990.0,"Time":"2020-12-02T20:05:00Z","Interval":"5min","Figi":"BBG000BPD168"}
{"o":81.49,"c":81.58,"h":81.58,"l":81.48,"v":2074.0,"Time":"2020-12-02T20:05:00Z","Interval":"5min","Figi":"BBG000BPD168"}
{"o":81.49,"c":81.58,"h":81.58,"l":81.48,"v":2416.0,"Time":"2020-12-02T20:05:00Z","Interval":"5min","Figi":"BBG000BPD168"}
{"o":81.49,"c":81.59,"h":81.59,"l":81.48,"v":2574.0,"Time":"2020-12-02T20:05:00Z","Interval":"5min","Figi":"BBG000BPD168"}
{"o":81.49,"c":81.59,"h":81.59,"l":81.48,"v":2816.0,"Time":"2020-12-02T20:05:00Z","Interval":"5min","Figi":"BBG000BPD168"}
{"o":81.49,"c":81.6,"h":81.6,"l":81.48,"v":2916.0,"Time":"2020-12-02T20:05:00Z","Interval":"5min","Figi":"BBG000BPD168"}
{"o":81.49,"c":81.61,"h":81.61,"l":81.48,"v":2940.0,"Time":"2020-12-02T20:05:00Z","Interval":"5min","Figi":"BBG000BPD168"}
{"o":81.49,"c":81.61,"h":81.61,"l":81.48,"v":3040.0,"Time":"2020-12-02T20:05:00Z","Interval":"5min","Figi":"BBG000BPD168"}
{"o":81.49,"c":81.61,"h":81.61,"l":81.48,"v":3196.0,"Time":"2020-12-02T20:05:00Z","Interval":"5min","Figi":"BBG000BPD168"}
{"o":81.49,"c":81.6,"h":81.61,"l":81.48,"v":3358.0,"Time":"2020-12-02T20:05:00Z","Interval":"5min","Figi":"BBG000BPD168"}
{"o":81.49,"c":81.59,"h":81.61,"l":81.48,"v":3458.0,"Time":"2020-12-02T20:05:00Z","Interval":"5min","Figi":"BBG000BPD168"}
{"o":81.49,"c":81.6,"h":81.61,"l":81.48,"v":3558.0,"Time":"2020-12-02T20:05:00Z","Interval":"5min","Figi":"BBG000BPD168"}
{"o":81.49,"c":81.57,"h":81.61,"l":81.48,"v":3713.0,"Time":"2020-12-02T20:05:00Z","Interval":"5min","Figi":"BBG000BPD168"}
{"o":81.49,"c":81.57,"h":81.61,"l":81.48,"v":4043.0,"Time":"2020-12-02T20:05:00Z","Interval":"5min","Figi":"BBG000BPD168"}
{"o":81.49,"c":81.57,"h":81.61,"l":81.48,"v":4138.0,"Time":"2020-12-02T20:05:00Z","Interval":"5min","Figi":"BBG000BPD168"}
{"o":81.49,"c":81.56,"h":81.61,"l":81.48,"v":4238.0,"Time":"2020-12-02T20:05:00Z","Interval":"5min","Figi":"BBG000BPD168"}
{"o":81.49,"c":81.56,"h":81.61,"l":81.48,"v":4239.0,"Time":"2020-12-02T20:05:00Z","Interval":"5min","Figi":"BBG000BPD168"}
{"o":81.49,"c":81.56,"h":81.61,"l":81.48,"v":4378.0,"Time":"2020-12-02T20:05:00Z","Interval":"5min","Figi":"BBG000BPD168"}
{"o":81.49,"c":81.56,"h":81.61,"l":81.48,"v":4478.0,"Time":"2020-12-02T20:05:00Z","Interval":"5min","Figi":"BBG000BPD168"}
{"o":81.49,"c":81.56,"h":81.61,"l":81.48,"v":4578.0,"Time":"2020-12-02T20:05:00Z","Interval":"5min","Figi":"BBG000BPD168"}
{"o":81.49,"c":81.56,"h":81.61,"l":81.48,"v":5127.0,"Time":"2020-12-02T20:05:00Z","Interval":"5min","Figi":"BBG000BPD168"}
{"o":81.49,"c":81.57,"h":81.61,"l":81.48,"v":5427.0,"Time":"2020-12-02T20:05:00Z","Interval":"5min","Figi":"BBG000BPD168"}
{"o":81.49,"c":81.59,"h":81.61,"l":81.48,"v":5429.0,"Time":"2020-12-02T20:05:00Z","Interval":"5min","Figi":"BBG000BPD168"}
{"o":81.49,"c":81.61,"h":81.61,"l":81.48,"v":5434.0,"Time":"2020-12-02T20:05:00Z","Interval":"5min","Figi":"BBG000BPD168"}
{"o":81.49,"c":81.6,"h":81.61,"l":81.48,"v":5634.0,"Time":"2020-12-02T20:05:00Z","Interval":"5min","Figi":"BBG000BPD168"}
{"o":81.49,"c":81.58,"h":81.61,"l":81.48,"v":5641.0,"Time":"2020-12-02T20:05:00Z","Interval":"5min","Figi":"BBG000BPD168"}
{"o":81.49,"c":81.57,"h":81.61,"l":81.48,"v":5703.0,"Time":"2020-12-02T20:05:00Z","Interval":"5min","Figi":"BBG000BPD168"}
{"o":81.56,"c":81.57,"h":81.57,"l":81.56,"v":200.0,"Time":"2020-12-02T20:10:00Z","Interval":"5min","Figi":"BBG000BPD168"}
{"o":81.56,"c":81.56,"h":81.57,"l":81.56,"v":300.0,"Time":"2020-12-02T20:10:00Z","Interval":"5min","Figi":"BBG000BPD168"}
{"o":81.56,"c":81.56,"h":81.57,"l":81.56,"v":400.0,"Time":"2020-12-02T20:10:00Z","Interval":"5min","Figi":"BBG000BPD168"}
{"o":81.56,"c":81.57,"h":81.57,"l":81.56,"v":600.0,"Time":"2020-12-02T20:10:00Z","Interval":"5min","Figi":"BBG000BPD168"}
{"o":81.56,"c":81.58,"h":81.58,"l":81.56,"v":760.0,"Time":"2020-12-02T20:10:00Z","Interval":"5min","Figi":"BBG000BPD168"}
{"o":81.56,"c":81.59,"h":81.59,"l":81.56,"v":817.0,"Time":"2020-12-02T20:10:00Z","Interval":"5min","Figi":"BBG000BPD168"}
{"o":81.56,"c":81.6,"h":81.6,"l":81.56,"v":821.0,"Time":"2020-12-02T20:10:00Z","Interval":"5min","Figi":"BBG000BPD168"}
{"o":81.56,"c":81.6,"h":81.6,"l":81.56,"v":921.0,"Time":"2020-12-02T20:10:00Z","Interval":"5min","Figi":"BBG000BPD168"}
{"o":81.56,"c":81.59,"h":81.6,"l":81.56,"v":1021.0,"Time":"2020-12-02T20:10:00Z","Interval":"5min","Figi":"BBG000BPD168"}
{"o":81.56,"c":81.6,"h":81.6,"l":81.56,"v":1459.0,"Time":"2020-12-02T20:10:00Z","Interval":"5min","Figi":"BBG000BPD168"}
{"o":81.56,"c":81.59,"h":81.6,"l":81.56,"v":1666.0,"Time":"2020-12-02T20:10:00Z","Interval":"5min","Figi":"BBG000BPD168"}
{"o":81.56,"c":81.6,"h":81.6,"l":81.56,"v":1767.0,"Time":"2020-12-02T20:10:00Z","Interval":"5min","Figi":"BBG000BPD168"}
{"o":81.56,"c":81.6,"h":81.6,"l":81.56,"v":1774.0,"Time":"2020-12-02T20:10:00Z","Interval":"5min","Figi":"BBG000BPD168"}
{"o":81.56,"c":81.59,"h":81.6,"l":81.56,"v":2174.0,"Time":"2020-12-02T20:10:00Z","Interval":"5min","Figi":"BBG000BPD168"}
{"o":81.56,"c":81.56,"h":81.6,"l":81.56,"v":2578.0,"Time":"2020-12-02T20:10:00Z","Interval":"5min","Figi":"BBG000BPD168"}
{"o":81.56,"c":81.56,"h":81.6,"l":81.56,"v":2678.0,"Time":"2020-12-02T20:10:00Z","Interval":"5min","Figi":"BBG000BPD168"}
{"o":81.56,"c":81.56,"h":81.6,"l":81.56,"v":2778.0,"Time":"2020-12-02T20:10:00Z","Interval":"5min","Figi":"BBG000BPD168"}
{"o":81.56,"c":81.56,"h":81.6,"l":81.56,"v":3028.0,"Time":"2020-12-02T20:10:00Z","Interval":"5min","Figi":"BBG000BPD168"}
{"o":81.56,"c":81.56,"h":81.6,"l":81.56,"v":3128.0,"Time":"2020-12-02T20:10:00Z","Interval":"5min","Figi":"BBG000BPD168"}
{"o":81.56,"c":81.56,"h":81.6,"l":81.56,"v":3228.0,"Time":"2020-12-02T20:10:00Z","Interval":"5min","Figi":"BBG000BPD168"}
{"o":81.56,"c":81.56,"h":81.6,"l":81.56,"v":3328.0,"Time":"2020-12-02T20:10:00Z","Interval":"5min","Figi":"BBG000BPD168"}
{"o":81.56,"c":81.56,"h":81.6,"l":81.56,"v":3336.0,"Time":"2020-12-02T20:10:00Z","Interval":"5min","Figi":"BBG000BPD168"}
{"o":81.56,"c":81.56,"h":81.6,"l":81.56,"v":3339.0,"Time":"2020-12-02T20:10:00Z","Interval":"5min","Figi":"BBG000BPD168"}
{"o":81.56,"c":81.56,"h":81.6,"l":81.56,"v":3449.0,"Time":"2020-12-02T20:10:00Z","Interval":"5min","Figi":"BBG000BPD168"}
{"o":81.56,"c":81.57,"h":81.6,"l":81.56,"v":3528.0,"Time":"2020-12-02T20:10:00Z","Interval":"5min","Figi":"BBG000BPD168"}
{"o":81.56,"c":81.57,"h":81.6,"l":81.56,"v":3554.0,"Time":"2020-12-02T20:10:00Z","Interval":"5min","Figi":"BBG000BPD168"}
{"o":81.56,"c":81.57,"h":81.6,"l":81.56,"v":4354.0,"Time":"2020-12-02T20:10:00Z","Interval":"5min","Figi":"BBG000BPD168"}
{"o":81.56,"c":81.56,"h":81.6,"l":81.56,"v":4424.0,"Time":"2020-12-02T20:10:00Z","Interval":"5min","Figi":"BBG000BPD168"}
{"o":81.56,"c":81.58,"h":81.6,"l":81.56,"v":4426.0,"Time":"2020-12-02T20:10:00Z","Interval":"5min","Figi":"BBG000BPD168"}
{"o":81.56,"c":81.59,"h":81.6,"l":81.56,"v":4989.0,"Time":"2020-12-02T20:10:00Z","Interval":"5min","Figi":"BBG000BPD168"}
{"o":81.56,"c":81.58,"h":81.6,"l":81.56,"v":5189.0,"Time":"2020-12-02T20:10:00Z","Interval":"5min","Figi":"BBG000BPD168"}
{"o":81.56,"c":81.58,"h":81.6,"l":81.56,"v":5289.0,"Time":"2020-12-02T20:10:00Z","Interval":"5min","Figi":"BBG000BPD168"}
{"o":81.56,"c":81.58,"h":81.6,"l":81.56,"v":5292.0,"Time":"2020-12-02T20:10:00Z","Interval":"5min","Figi":"BBG000BPD168"}
{"o":81.56,"c":81.59,"h":81.6,"l":81.56,"v":5314.0,"Time":"2020-12-02T20:10:00Z","Interval":"5min","Figi":"BBG000BPD168"}
{"o":81.56,"c":81.6,"h":81.6,"l":81.56,"v":5316.0,"Time":"2020-12-02T20:10:00Z","Interval":"5min","Figi":"BBG000BPD168"}
{"o":81.58,"c":81.58,"h":81.58,"l":81.58,"v":2.0,"Time":"2020-12-02T20:15:00Z","Interval":"5min","Figi":"BBG000BPD168"}
{"o":81.58,"c":81.58,"h":81.58,"l":81.58,"v":230.0,"Time":"2020-12-02T20:15:00Z","Interval":"5min","Figi":"BBG000BPD168"}
{"o":81.58,"c":81.57,"h":81.58,"l":81.57,"v":330.0,"Time":"2020-12-02T20:15:00Z","Interval":"5min","Figi":"BBG000BPD168"}
{"o":81.58,"c":81.58,"h":81.58,"l":81.57,"v":335.0,"Time":"2020-12-02T20:15:00Z","Interval":"5min","Figi":"BBG000BPD168"}
{"o":81.58,"c":81.58,"h":81.58,"l":81.57,"v":393.0,"Time":"2020-12-02T20:15:00Z","Interval":"5min","Figi":"BBG000BPD168"}
{"o":81.58,"c":81.59,"h":81.59,"l":81.57,"v":505.0,"Time":"2020-12-02T20:15:00Z","Interval":"5min","Figi":"BBG000BPD168"}
{"o":81.58,"c":81.58,"h":81.59,"l":81.57,"v":667.0,"Time":"2020-12-02T20:15:00Z","Interval":"5min","Figi":"BBG000BPD168"}
{"o":81.58,"c":81.59,"h":81.59,"l":81.57,"v":867.0,"Time":"2020-12-02T20:15:00Z","Interval":"5min","Figi":"BBG000BPD168"}
{"o":81.58,"c":81.59,"h":81.59,"l":81.57,"v":967.0,"Time":"2020-12-02T20:15:00Z","Interval":"5min","Figi":"BBG000BPD168"}
{"o":81.58,"c":81.58,"h":81.59,"l":81.57,"v":968.0,"Time":"2020-12-02T20:15:00Z","Interval":"5min","Figi":"BBG000BPD168"}
{"o":81.58,"c":81.59,"h":81.59,"l":81.57,"v":970.0,"Time":"2020-12-02T20:15:00Z","Interval":"5min","Figi":"BBG000BPD168"}
{"o":81.58,"c":81.57,"h":81.59,"l":81.57,"v":1070.0,"Time":"2020-12-02T20:15:00Z","Interval":"5min","Figi":"BBG000BPD168"}
{"o":81.58,"c":81.57,"h":81.59,"l":81.57,"v":1170.0,"Time":"2020-12-02T20:15:00Z","Interval":"5min","Figi":"BBG000BPD168"}
{"o":81.58,"c":81.57,"h":81.59,"l":81.57,"v":1270.0,"Time":"2020-12-02T20:15:00Z","Interval":"5min","Figi":"BBG000BPD168"}
{"o":81.58,"c":81.56,"h":81.59,"l":81.56,"v":1370.0,"Time":"2020-12-02T20:15:00Z","Interval":"5min","Figi":"BBG000BPD168"}
{"o":81.58,"c":81.57,"h":81.59,"l":81.56,"v":1470.0,"Time":"2020-12-02T20:15:00Z","Interval":"5min","Figi":"BBG000BPD168"}
{"o":81.58,"c":81.57,"h":81.59,"l":81.56,"v":1476.0,"Time":"2020-12-02T20:15:00Z","Interval":"5min","Figi":"BBG000BPD168"}
{"o":81.58,"c":81.57,"h":81.59,"l":81.56,"v":1478.0,"Time":"2020-12-02T20:15:00Z","Interval":"5min","Figi":"BBG000BPD168"}
{"o":81.58,"c":81.57,"h":81.59,"l":81.56,"v":1570.0,"Time":"2020-12-02T20:15:00Z","Interval":"5min","Figi":"BBG000BPD168"}
{"o":81.58,"c":81.58,"h":81.59,"l":81.56,"v":2025.0,"Time":"2020-12-02T20:15:00Z","Interval":"5min","Figi":"BBG000BPD168"}
{"o":81.58,"c":81.59,"h":81.59,"l":81.56,"v":2123.0,"Time":"2020-12-02T20:15:00Z","Interval":"5min","Figi":"BBG000BPD168"}
{"o":81.58,"c":81.57,"h":81.59,"l":81.56,"v":2223.0,"Time":"2020-12-02T20:15:00Z","Interval":"5min","Figi":"BBG000BPD168"}
{"o":81.58,"c":81.56,"h":81.59,"l":81.56,"v":2423.0,"Time":"2020-12-02T20:15:00Z","Interval":"5min","Figi":"BBG000BPD168"}
{"o":81.58,"c":81.56,"h":81.59,"l":81.56,"v":2523.0,"Time":"2020-12-02T20:15:00Z","Interval":"5min","Figi":"BBG000BPD168"}
{"o":81.58,"c":81.56,"h":81.59,"l":81.56,"v":2665.0,"Time":"2020-12-02T20:15:00Z","Interval":"5min","Figi":"BBG000BPD168"}
{"o":81.58,"c":81.55,"h":81.59,"l":81.55,"v":2811.0,"Time":"2020-12-02T20:15:00Z","Interval":"5min","Figi":"BBG000BPD168"}
{"o":81.58,"c":81.55,"h":81.59,"l":81.55,"v":2813.0,"Time":"2020-12-02T20:15:00Z","Interval":"5min","Figi":"BBG000BPD168"}
{"o":81.58,"c":81.54,"h":81.59,"l":81.54,"v":2814.0,"Time":"2020-12-02T20:15:00Z","Interval":"5min","Figi":"BBG000BPD168"}
{"o":81.58,"c":81.56,"h":81.59,"l":81.54,"v":3114.0,"Time":"2020-12-02T20:15:00Z","Interval":"5min","Figi":"BBG000BPD168"}
{"o":81.58,"c":81.57,"h":81.59,"l":81.54,"v":3171.0,"Time":"2020-12-02T20:15:00Z","Interval":"5min","Figi":"BBG000BPD168"}
{"o":81.58,"c":81.58,"h":81.59,"l":81.54,"v":3271.0,"Time":"2020-12-02T20:15:00Z","Interval":"5min","Figi":"BBG000BPD168"}
{"o":81.58,"c":81.58,"h":81.59,"l":81.54,"v":3371.0,"Time":"2020-12-02T20:15:00Z","Interval":"5min","Figi":"BBG000BPD168"}
{"o":81.58,"c":81.59,"h":81.59,"l":81.54,"v":3518.0,"Time":"2020-12-02T20:15:00Z","Interval":"5min","Figi":"BBG000BPD168"}
{"o":81.58,"c":81.59,"h":81.59,"l":81.54,"v":3618.0,"Time":"2020-12-02T20:15:00Z","Interval":"5min","Figi":"BBG000BPD168"}
{"o":81.58,"c":81.6,"h":81.6,"l":81.54,"v":3823.0,"Time":"2020-12-02T20:15:00Z","Interval":"5min","Figi":"BBG000BPD168"}
{"o":81.58,"c":81.6,"h":81.6,"l":81.54,"v":3824.0,"Time":"2020-12-02T20:15:00Z","Interval":"5min","Figi":"BBG000BPD168"}
{"o":81.58,"c":81.6,"h":81.6,"l":81.54,"v":3924.0,"Time":"2020-12-02T20:15:00Z","Interval":"5min","Figi":"BBG000BPD168"}
{"o":81.58,"c":81.6,"h":81.6,"l":81.54,"v":4299.0,"Time":"2020-12-02T20:15:00Z","Interval":"5min","Figi":"BBG000BPD168"}
{"o":81.58,"c":81.58,"h":81.6,"l":81.54,"v":4301.0,"Time":"2020-12-02T20:15:00Z","Interval":"5min","Figi":"BBG000BPD168"}
{"o":81.58,"c":81.57,"h":81.6,"l":81.54,"v":4401.0,"Time":"2020-12-02T20:15:00Z","Interval":"5min","Figi":"BBG000BPD168"}
{"o":81.58,"c":81.56,"h":81.6,"l":81.54,"v":4402.0,"Time":"2020-12-02T20:15:00Z","Interval":"5min","Figi":"BBG000BPD168"}
{"o":81.58,"c":81.55,"h":81.6,"l":81.54,"v":4502.0,"Time":"2020-12-02T20:15:00Z","Interval":"5min","Figi":"BBG000BPD168"}
{"o":81.58,"c":81.54,"h":81.6,"l":81.54,"v":4602.0,"Time":"2020-12-02T20:15:00Z","Interval":"5min","Figi":"BBG000BPD168"}
{"o":81.58,"c":81.54,"h":81.6,"l":81.54,"v":4639.0,"Time":"2020-12-02T20:15:00Z","Interval":"5min","Figi":"BBG000BPD168"}
{"o":81.58,"c":81.53,"h":81.6,"l":81.53,"v":4701.0,"Time":"2020-12-02T20:15:00Z","Interval":"5min","Figi":"BBG000BPD168"}
{"o":81.58,"c":81.53,"h":81.6,"l":81.53,"v":4801.0,"Time":"2020-12-02T20:15:00Z","Interval":"5min","Figi":"BBG000BPD168"}
{"o":81.58,"c":81.53,"h":81.6,"l":81.53,"v":5001.0,"Time":"2020-12-02T20:15:00Z","Interval":"5min","Figi":"BBG000BPD168"}
{"o":81.58,"c":81.54,"h":81.6,"l":81.53,"v":5201.0,"Time":"2020-12-02T20:15:00Z","Interval":"5min","Figi":"BBG000BPD168"}
{"o":81.58,"c":81.55,"h":81.6,"l":81.53,"v":5401.0,"Time":"2020-12-02T20:15:00Z","Interval":"5min","Figi":"BBG000BPD168"}
{"o":81.56,"c":81.56,"h":81.56,"l":81.56,"v":109.0,"Time":"2020-12-02T20:20:00Z","Interval":"5min","Figi":"BBG000BPD168"}
{"o":81.56,"c":81.57,"h":81.57,"l":81.56,"v":334.0,"Time":"2020-12-02T20:20:00Z","Interval":"5min","Figi":"BBG000BPD168"}
{"o":81.56,"c":81.58,"h":81.58,"l":81.56,"v":502.0,"Time":"2020-12-02T20:20:00Z","Interval":"5min","Figi":"BBG000BPD168"}
{"o":81.56,"c":81.57,"h":81.58,"l":81.56,"v":702.0,"Time":"2020-12-02T20:20:00Z","Interval":"5min","Figi":"BBG000BPD168"}
{"o":81.56,"c":81.57,"h":81.58,"l":81.56,"v":852.0,"Time":"2020-12-02T20:20:00Z","Interval":"5min","Figi":"BBG000BPD168"}
{"o":81.56,"c":81.57,"h":81.58,"l":81.56,"v":902.0,"Time":"2020-12-02T20:20:00Z","Interval":"5min","Figi":"BBG000BPD168"}
{"o":81.56,"c":81.56,"h":81.58,"l":81.56,"v":1053.0,"Time":"2020-12-02T20:20:00Z","Interval":"5min","Figi":"BBG000BPD168"}
{"o":81.56,"c":81.57,"h":81.58,"l":81.56,"v":1158.0,"Time":"2020-12-02T20:20:00Z","Interval":"5min","Figi":"BBG000BPD168"}
{"o":81.56,"c":81.55,"h":81.58,"l":81.55,"v":1358.0,"Time":"2020-12-02T20:20:00Z","Interval":"5min","Figi":"BBG000BPD168"}
{"o":81.56,"c":81.55,"h":81.58,"l":81.55,"v":1458.0,"Time":"2020-12-02T20:20:00Z","Interval":"5min","Figi":"BBG000BPD168"}
{"o":81.56,"c":81.54,"h":81.58,"l":81.54,"v":1558.0,"Time":"2020-12-02T20:20:00Z","Interval":"5min","Figi":"BBG000BPD168"}
{"o":81.56,"c":81.55,"h":81.58,"l":81.54,"v":1658.0,"Time":"2020-12-02T20:20:00Z","Interval":"5min","Figi":"BBG000BPD168"}
{"o":81.56,"c":81.53,"h":81.58,"l":81.53,"v":1758.0,"Time":"2020-12-02T20:20:00Z","Interval":"5min","Figi":"BBG000BPD168"}
