{"o":279.67,"c":279.82,"h":279.99,"l":279.51,"v":433.0,"Time":"2020-12-02T19:25:00Z","Interval":"5min","Figi":"BBG001ZZPQJ6"}
{"o":279.67,"c":279.99,"h":279.99,"l":279.51,"v":633.0,"Time":"2020-12-02T19:25:00Z","Interval":"5min","Figi":"BBG001ZZPQJ6"}
{"o":279.67,"c":279.99,"h":279.99,"l":279.51,"v":858.0,"Time":"2020-12-02T19:25:00Z","Interval":"5min","Figi":"BBG001ZZPQJ6"}
{"o":279.67,"c":280.12,"h":280.12,"l":279.51,"v":881.0,"Time":"2020-12-02T19:25:00Z","Interval":"5min","Figi":"BBG001ZZPQJ6"}
{"o":279.67,"c":280.12,"h":280.12,"l":279.51,"v":885.0,"Time":"2020-12-02T19:25:00Z","Interval":"5min","Figi":"BBG001ZZPQJ6"}
{"o":279.67,"c":280.07,"h":280.12,"l":279.51,"v":886.0,"Time":"2020-12-02T19:25:00Z","Interval":"5min","Figi":"BBG001ZZPQJ6"}
{"o":279.67,"c":280.13,"h":280.13,"l":279.51,"v":892.0,"Time":"2020-12-02T19:25:00Z","Interval":"5min","Figi":"BBG001ZZPQJ6"}
{"o":279.67,"c":280.26,"h":280.26,"l":279.51,"v":1093.0,"Time":"2020-12-02T19:25:00Z","Interval":"5min","Figi":"BBG001ZZPQJ6"}
{"o":279.67,"c":280.09,"h":280.26,"l":279.51,"v":1095.0,"Time":"2020-12-02T19:25:00Z","Interval":"5min","Figi":"BBG001ZZPQJ6"}
{"o":279.67,"c":280.11,"h":280.26,"l":279.51,"v":1096.0,"Time":"2020-12-02T19:25:00Z","Interval":"5min","Figi":"BBG001ZZPQJ6"}
{"o":279.67,"c":280.11,"h":280.26,"l":279.51,"v":1097.0,"Time":"2020-12-02T19:25:00Z","Interval":"5min","Figi":"BBG001ZZPQJ6"}
{"o":279.67,"c":280.11,"h":280.26,"l":279.51,"v":1098.0,"Time":"2020-12-02T19:25:00Z","Interval":"5min","Figi":"BBG001ZZPQJ6"}
{"o":279.67,"c":280.11,"h":280.26,"l":279.51,"v":1099.0,"Time":"2020-12-02T19:25:00Z","Interval":"5min","Figi":"BBG001ZZPQJ6"}
{"o":279.67,"c":280.11,"h":280.26,"l":279.51,"v":1100.0,"Time":"2020-12-02T19:25:00Z","Interval":"5min","Figi":"BBG001ZZPQJ6"}
{"o":279.67,"c":280.11,"h":280.26,"l":279.51,"v":1101.0,"Time":"2020-12-02T19:25:00Z","Interval":"5min","Figi":"BBG001ZZPQJ6"}
{"o":279.67,"c":280.03,"h":280.26,"l":279.51,"v":1156.0,"Time":"2020-12-02T19:25:00Z","Interval":"5min","Figi":"BBG001ZZPQJ6"}
{"o":279.67,"c":280.03,"h":280.26,"l":279.51,"v":1421.0,"Time":"2020-12-02T19:25:00Z","Interval":"5min","Figi":"BBG001ZZPQJ6"}
{"o":279.67,"c":279.93,"h":280.26,"l":279.51,"v":1492.0,"Time":"2020-12-02T19:25:00Z","Interval":"5min","Figi":"BBG001ZZPQJ6"}
{"o":279.67,"c":279.87,"h":280.26,"l":279.51,"v":1493.0,"Time":"2020-12-02T19:25:00Z","Interval":"5min","Figi":"BBG001ZZPQJ6"}
{"o":279.67,"c":279.88,"h":280.26,"l":279.51,"v":1593.0,"Time":"2020-12-02T19:25:00Z","Interval":"5min","Figi":"BBG001ZZPQJ6"}
{"o":279.67,"c":280.0,"h":280.26,"l":279.51,"v":1607.0,"Time":"2020-12-02T19:25:00Z","Interval":"5min","Figi":"BBG001ZZPQJ6"}
{"o":279.67,"c":280.02,"h":280.26,"l":279.51,"v":1621.0,"Time":"2020-12-02T19:25:00Z","Interval":"5min","Figi":"BBG001ZZPQJ6"}
{"o":279.67,"c":280.02,"h":280.26,"l":279.51,"v":1628.0,"Time":"2020-12-02T19:25:00Z","Interval":"5min","Figi":"BBG001ZZPQJ6"}
{"o":279.67,"c":280.03,"h":280.26,"l":279.51,"v":1709.0,"Time":"2020-12-02T19:25:00Z","Interval":"5min","Figi":"BBG001ZZPQJ6"}
{"o":279.67,"c":280.03,"h":280.26,"l":279.51,"v":1710.0,"Time":"2020-12-02T19:25:00Z","Interval":"5min","Figi":"BBG001ZZPQJ6"}
{"o":279.67,"c":280.0,"h":280.26,"l":279.51,"v":1711.0,"Time":"2020-12-02T19:25:00Z","Interval":"5min","Figi":"BBG001ZZPQJ6"}
{"o":279.67,"c":280.13,"h":280.26,"l":279.51,"v":1911.0,"Time":"2020-12-02T19:25:00Z","Interval":"5min","Figi":"BBG001ZZPQJ6"}
{"o":279.67,"c":280.13,"h":280.26,"l":279.51,"v":1916.0,"Time":"2020-12-02T19:25:00Z","Interval":"5min","Figi":"BBG001ZZPQJ6"}
{"o":279.67,"c":280.13,"h":280.26,"l":279.51,"v":1920.0,"Time":"2020-12-02T19:25:00Z","Interval":"5min","Figi":"BBG001ZZPQJ6"}
{"o":279.67,"c":280.18,"h":280.26,"l":279.51,"v":2020.0,"Time":"2020-12-02T19:25:00Z","Interval":"5min","Figi":"BBG001ZZPQJ6"}
{"o":279.67,"c":280.19,"h":280.26,"l":279.51,"v":2038.0,"Time":"2020-12-02T19:25:00Z","Interval":"5min","Figi":"BBG001ZZPQJ6"}
{"o":279.67,"c":280.19,"h":280.26,"l":279.51,"v":2046.0,"Time":"2020-12-02T19:25:00Z","Interval":"5min","Figi":"BBG001ZZPQJ6"}
{"o":280.13,"c":280.13,"h":280.13,"l":280.13,"v":11.0,"Time":"2020-12-02T19:30:00Z","Interval":"5min","Figi":"BBG001ZZPQJ6"}
{"o":280.13,"c":280.13,"h":280.13,"l":280.13,"v":70.0,"Time":"2020-12-02T19:30:00Z","Interval":"5min","Figi":"BBG001ZZPQJ6"}
{"o":280.13,"c":280.13,"h":280.13,"l":280.13,"v":81.0,"Time":"2020-12-02T19:30:00Z","Interval":"5min","Figi":"BBG001ZZPQJ6"}
{"o":280.13,"c":280.1,"h":280.13,"l":280.1,"v":106.0,"Time":"2020-12-02T19:30:00Z","Interval":"5min","Figi":"BBG001ZZPQJ6"}
{"o":280.13,"c":280.09,"h":280.13,"l":280.09,"v":107.0,"Time":"2020-12-02T19:30:00Z","Interval":"5min","Figi":"BBG001ZZPQJ6"}
{"o":280.13,"c":280.09,"h":280.13,"l":280.09,"v":169.0,"Time":"2020-12-02T19:30:00Z","Interval":"5min","Figi":"BBG001ZZPQJ6"}
{"o":280.13,"c":280.09,"h":280.13,"l":280.09,"v":176.0,"Time":"2020-12-02T19:30:00Z","Interval":"5min","Figi":"BBG001ZZPQJ6"}
{"o":280.13,"c":280.15,"h":280.15,"l":280.09,"v":280.0,"Time":"2020-12-02T19:30:00Z","Interval":"5min","Figi":"BBG001ZZPQJ6"}
{"o":280.13,"c":280.15,"h":280.15,"l":280.09,"v":281.0,"Time":"2020-12-02T19:30:00Z","Interval":"5min","Figi":"BBG001ZZPQJ6"}
{"o":280.13,"c":280.24,"h":280.24,"l":280.09,"v":381.0,"Time":"2020-12-02T19:30:00Z","Interval":"5min","Figi":"BBG001ZZPQJ6"}
{"o":280.13,"c":280.16,"h":280.24,"l":280.09,"v":383.0,"Time":"2020-12-02T19:30:00Z","Interval":"5min","Figi":"BBG001ZZPQJ6"}
{"o":280.13,"c":280.24,"h":280.24,"l":280.09,"v":419.0,"Time":"2020-12-02T19:30:00Z","Interval":"5min","Figi":"BBG001ZZPQJ6"}
{"o":280.13,"c":280.24,"h":280.24,"l":280.09,"v":531.0,"Time":"2020-12-02T19:30:00Z","Interval":"5min","Figi":"BBG001ZZPQJ6"}
{"o":280.13,"c":280.2,"h":280.24,"l":280.09,"v":534.0,"Time":"2020-12-02T19:30:00Z","Interval":"5min","Figi":"BBG001ZZPQJ6"}
{"o":280.13,"c":280.24,"h":280.24,"l":280.09,"v":551.0,"Time":"2020-12-02T19:30:00Z","Interval":"5min","Figi":"BBG001ZZPQJ6"}
{"o":280.13,"c":280.24,"h":280.24,"l":280.09,"v":562.0,"Time":"2020-12-02T19:30:00Z","Interval":"5min","Figi":"BBG001ZZPQJ6"}
{"o":280.13,"c":280.24,"h":280.24,"l":280.09,"v":587.0,"Time":"2020-12-02T19:30:00Z","Interval":"5min","Figi":"BBG001ZZPQJ6"}
{"o":280.13,"c":280.27,"h":280.27,"l":280.09,"v":927.0,"Time":"2020-12-02T19:30:00Z","Interval":"5min","Figi":"BBG001ZZPQJ6"}
{"o":280.13,"c":280.34,"h":280.34,"l":280.09,"v":1150.0,"Time":"2020-12-02T19:30:00Z","Interval":"5min","Figi":"BBG001ZZPQJ6"}
{"o":280.13,"c":280.26,"h":280.34,"l":280.09,"v":1250.0,"Time":"2020-12-02T19:30:00Z","Interval":"5min","Figi":"BBG001ZZPQJ6"}
{"o":280.13,"c":280.29,"h":280.34,"l":280.09,"v":1378.0,"Time":"2020-12-02T19:30:00Z","Interval":"5min","Figi":"BBG001ZZPQJ6"}
{"o":280.13,"c":280.24,"h":280.34,"l":280.09,"v":1415.0,"Time":"2020-12-02T19:30:00Z","Interval":"5min","Figi":"BBG001ZZPQJ6"}
{"o":280.13,"c":280.0,"h":280.34,"l":280.0,"v":1757.0,"Time":"2020-12-02T19:30:00Z","Interval":"5min","Figi":"BBG001ZZPQJ6"}
{"o":280.13,"c":279.97,"h":280.34,"l":279.97,"v":1777.0,"Time":"2020-12-02T19:30:00Z","Interval":"5min","Figi":"BBG001ZZPQJ6"}
{"o":280.13,"c":280.03,"h":280.34,"l":279.97,"v":1977.0,"Time":"2020-12-02T19:30:00Z","Interval":"5min","Figi":"BBG001ZZPQJ6"}
{"o":280.13,"c":279.93,"h":280.34,"l":279.93,"v":2077.0,"Time":"2020-12-02T19:30:00Z","Interval":"5min","Figi":"BBG001ZZPQJ6"}
{"o":280.13,"c":280.04,"h":280.34,"l":279.93,"v":2080.0,"Time":"2020-12-02T19:30:00Z","Interval":"5min","Figi":"BBG001ZZPQJ6"}
{"o":280.13,"c":280.14,"h":280.34,"l":279.93,"v":2082.0,"Time":"2020-12-02T19:30:00Z","Interval":"5min","Figi":"BBG001ZZPQJ6"}
{"o":280.13,"c":280.12,"h":280.34,"l":279.93,"v":2083.0,"Time":"2020-12-02T19:30:00Z","Interval":"5min","Figi":"BBG001ZZPQJ6"}
{"o":280.13,"c":279.99,"h":280.34,"l":279.93,"v":2084.0,"Time":"2020-12-02T19:30:00Z","Interval":"5min","Figi":"BBG001ZZPQJ6"}
{"o":280.13,"c":279.98,"h":280.34,"l":279.93,"v":2184.0,"Time":"2020-12-02T19:30:00Z","Interval":"5min","Figi":"BBG001ZZPQJ6"}
{"o":280.13,"c":279.98,"h":280.34,"l":279.93,"v":2186.0,"Time":"2020-12-02T19:30:00Z","Interval":"5min","Figi":"BBG001ZZPQJ6"}
{"o":280.13,"c":279.99,"h":280.34,"l":279.93,"v":2474.0,"Time":"2020-12-02T19:30:00Z","Interval":"5min","Figi":"BBG001ZZPQJ6"}
{"o":280.13,"c":280.03,"h":280.34,"l":279.93,"v":2475.0,"Time":"2020-12-02T19:30:00Z","Interval":"5min","Figi":"BBG001ZZPQJ6"}
{"o":280.13,"c":280.06,"h":280.34,"l":279.93,"v":2476.0,"Time":"2020-12-02T19:30:00Z","Interval":"5min","Figi":"BBG001ZZPQJ6"}
{"o":280.13,"c":280.07,"h":280.34,"l":279.93,"v":2576.0,"Time":"2020-12-02T19:30:00Z","Interval":"5min","Figi":"BBG001ZZPQJ6"}
{"o":280.13,"c":280.0,"h":280.34,"l":279.93,"v":2648.0,"Time":"2020-12-02T19:30:00Z","Interval":"5min","Figi":"BBG001ZZPQJ6"}
{"o":280.13,"c":280.0,"h":280.34,"l":279.93,"v":2676.0,"Time":"2020-12-02T19:30:00Z","Interval":"5min","Figi":"BBG001ZZPQJ6"}
{"o":280.13,"c":279.96,"h":280.34,"l":279.93,"v":2677.0,"Time":"2020-12-02T19:30:00Z","Interval":"5min","Figi":"BBG001ZZPQJ6"}
{"o":280.13,"c":280.1,"h":280.34,"l":279.93,"v":2698.0,"Time":"2020-12-02T19:30:00Z","Interval":"5min","Figi":"BBG001ZZPQJ6"}
{"o":280.13,"c":280.15,"h":280.34,"l":279.93,"v":2953.0,"Time":"2020-12-02T19:30:00Z","Interval":"5min","Figi":"BBG001ZZPQJ6"}
{"o":280.13,"c":280.15,"h":280.34,"l":279.93,"v":2978.0,"Time":"2020-12-02T19:30:00Z","Interval":"5min","Figi":"BBG001ZZPQJ6"}
{"o":280.13,"c":280.22,"h":280.34,"l":279.93,"v":2986.0,"Time":"2020-12-02T19:30:00Z","Interval":"5min","Figi":"BBG001ZZPQJ6"}
{"o":280.13,"c":280.17,"h":280.34,"l":279.93,"v":3086.0,"Time":"2020-12-02T19:30:00Z","Interval":"5min","Figi":"BBG001ZZPQJ6"}
{"o":280.13,"c":280.3,"h":280.34,"l":279.93,"v":3125.0,"Time":"2020-12-02T19:30:00Z","Interval":"5min","Figi":"BBG001ZZPQJ6"}
{"o":280.13,"c":280.3,"h":280.34,"l":279.93,"v":3126.0,"Time":"2020-12-02T19:30:00Z","Interval":"5min","Figi":"BBG001ZZPQJ6"}
{"o":280.17,"c":280.17,"h":280.17,"l":280.17,"v":2.0,"Time":"2020-12-02T19:35:00Z","Interval":"5min","Figi":"BBG001ZZPQJ6"}
{"o":280.17,"c":280.13,"h":280.17,"l":280.13,"v":149.0,"Time":"2020-12-02T19:35:00Z","Interval":"5min","Figi":"BBG001ZZPQJ6"}
{"o":280.17,"c":279.99,"h":280.17,"l":279.99,"v":150.0,"Time":"2020-12-02T19:35:00Z","Interval":"5min","Figi":"BBG001ZZPQJ6"}
{"o":280.17,"c":280.07,"h":280.17,"l":279.98,"v":153.0,"Time":"2020-12-02T19:35:00Z","Interval":"5min","Figi":"BBG001ZZPQJ6"}
{"o":280.17,"c":279.9,"h":280.17,"l":279.9,"v":154.0,"Time":"2020-12-02T19:35:00Z","Interval":"5min","Figi":"BBG001ZZPQJ6"}
{"o":280.17,"c":279.78,"h":280.17,"l":279.78,"v":155.0,"Time":"2020-12-02T19:35:00Z","Interval":"5min","Figi":"BBG001ZZPQJ6"}
{"o":280.17,"c":279.77,"h":280.17,"l":279.77,"v":167.0,"Time":"2020-12-02T19:35:00Z","Interval":"5min","Figi":"BBG001ZZPQJ6"}
{"o":280.17,"c":279.75,"h":280.17,"l":279.75,"v":175.0,"Time":"2020-12-02T19:35:00Z","Interval":"5min","Figi":"BBG001ZZPQJ6"}
{"o":280.17,"c":279.74,"h":280.17,"l":279.74,"v":181.0,"Time":"2020-12-02T19:35:00Z","Interval":"5min","Figi":"BBG001ZZPQJ6"}
{"o":280.17,"c":279.72,"h":280.17,"l":279.72,"v":187.0,"Time":"2020-12-02T19:35:00Z","Interval":"5min","Figi":"BBG001ZZPQJ6"}
{"o":280.17,"c":279.7,"h":280.17,"l":279.7,"v":283.0,"Time":"2020-12-02T19:35:00Z","Interval":"5min","Figi":"BBG001ZZPQJ6"}
{"o":280.17,"c":279.75,"h":280.17,"l":279.7,"v":490.0,"Time":"2020-12-02T19:35:00Z","Interval":"5min","Figi":"BBG001ZZPQJ6"}
{"o":280.17,"c":279.87,"h":280.17,"l":279.7,"v":503.0,"Time":"2020-12-02T19:35:00Z","Interval":"5min","Figi":"BBG001ZZPQJ6"}
{"o":280.17,"c":279.68,"h":280.17,"l":279.68,"v":614.0,"Time":"2020-12-02T19:35:00Z","Interval":"5min","Figi":"BBG001ZZPQJ6"}
{"o":280.17,"c":279.73,"h":280.17,"l":279.68,"v":714.0,"Time":"2020-12-02T19:35:00Z","Interval":"5min","Figi":"BBG001ZZPQJ6"}
{"o":280.17,"c":279.84,"h":280.17,"l":279.68,"v":716.0,"Time":"2020-12-02T19:35:00Z","Interval":"5min","Figi":"BBG001ZZPQJ6"}
{"o":280.17,"c":279.77,"h":280.17,"l":279.68,"v":816.0,"Time":"2020-12-02T19:35:00Z","Interval":"5min","Figi":"BBG001ZZPQJ6"}
{"o":280.17,"c":279.78,"h":280.17,"l":279.68,"v":818.0,"Time":"2020-12-02T19:35:00Z","Interval":"5min","Figi":"BBG001ZZPQJ6"}
{"o":280.17,"c":279.79,"h":280.17,"l":279.68,"v":899.0,"Time":"2020-12-02T19:35:00Z","Interval":"5min","Figi":"BBG001ZZPQJ6"}
{"o":280.17,"c":279.79,"h":280.17,"l":279.68,"v":905.0,"Time":"2020-12-02T19:35:00Z","Interval":"5min","Figi":"BBG001ZZPQJ6"}
{"o":280.17,"c":279.79,"h":280.17,"l":279.68,"v":907.0,"Time":"2020-12-02T19:35:00Z","Interval":"5min","Figi":"BBG001ZZPQJ6"}
{"o":280.17,"c":279.8,"h":280.17,"l":279.68,"v":1007.0,"Time":"2020-12-02T19:35:00Z","Interval":"5min","Figi":"BBG001ZZPQJ6"}
{"o":280.17,"c":279.77,"h":280.17,"l":279.68,"v":1008.0,"Time":"2020-12-02T19:35:00Z","Interval":"5min","Figi":"BBG001ZZPQJ6"}
{"o":280.17,"c":279.73,"h":280.17,"l":279.68,"v":1009.0,"Time":"2020-12-02T19:35:00Z","Interval":"5min","Figi":"BBG001ZZPQJ6"}
{"o":280.17,"c":279.83,"h":280.17,"l":279.68,"v":1015.0,"Time":"2020-12-02T19:35:00Z","Interval":"5min","Figi":"BBG001ZZPQJ6"}
{"o":280.17,"c":279.83,"h":280.17,"l":279.68,"v":1018.0,"Time":"2020-12-02T19:35:00Z","Interval":"5min","Figi":"BBG001ZZPQJ6"}
{"o":280.17,"c":279.73,"h":280.17,"l":279.68,"v":1019.0,"Time":"2020-12-02T19:35:00Z","Interval":"5min","Figi":"BBG001ZZPQJ6"}
{"o":280.17,"c":279.86,"h":280.17,"l":279.68,"v":1021.0,"Time":"2020-12-02T19:35:00Z","Interval":"5min","Figi":"BBG001ZZPQJ6"}
{"o":280.17,"c":279.71,"h":280.17,"l":279.68,"v":1036.0,"Time":"2020-12-02T19:35:00Z","Interval":"5min","Figi":"BBG001ZZPQJ6"}
{"o":280.17,"c":279.87,"h":280.17,"l":279.68,"v":1131.0,"Time":"2020-12-02T19:35:00Z","Interval":"5min","Figi":"BBG001ZZPQJ6"}
{"o":280.17,"c":279.88,"h":280.17,"l":279.68,"v":1250.0,"Time":"2020-12-02T19:35:00Z","Interval":"5min","Figi":"BBG001ZZPQJ6"}
{"o":280.17,"c":279.88,"h":280.17,"l":279.68,"v":1255.0,"Time":"2020-12-02T19:35:00Z","Interval":"5min","Figi":"BBG001ZZPQJ6"}
{"o":280.17,"c":279.88,"h":280.17,"l":279.68,"v":1310.0,"Time":"2020-12-02T19:35:00Z","Interval":"5min","Figi":"BBG001ZZPQJ6"}
{"o":280.17,"c":279.88,"h":280.17,"l":279.68,"v":1311.0,"Time":"2020-12-02T19:35:00Z","Interval":"5min","Figi":"BBG001ZZPQJ6"}
{"o":280.17,"c":279.88,"h":280.17,"l":279.68,"v":1319.0,"Time":"2020-12-02T19:35:00Z","Interval":"5min","Figi":"BBG001ZZPQJ6"}
{"o":280.17,"c":279.88,"h":280.17,"l":279.68,"v":1343.0,"Time":"2020-12-02T19:35:00Z","Interval":"5min","Figi":"BBG001ZZPQJ6"}
{"o":280.17,"c":279.88,"h":280.17,"l":279.68,"v":1349.0,"Time":"2020-12-02T19:35:00Z","Interval":"5min","Figi":"BBG001ZZPQJ6"}
{"o":280.17,"c":279.93,"h":280.17,"l":279.68,"v":1427.0,"Time":"2020-12-02T19:35:00Z","Interval":"5min","Figi":"BBG001ZZPQJ6"}
{"o":280.17,"c":279.93,"h":280.17,"l":279.68,"v":1444.0,"Time":"2020-12-02T19:35:00Z","Interval":"5min","Figi":"BBG001ZZPQJ6"}
{"o":280.17,"c":279.83,"h":280.17,"l":279.68,"v":1564.0,"Time":"2020-12-02T19:35:00Z","Interval":"5min","Figi":"BBG001ZZPQJ6"}
{"o":280.17,"c":279.6,"h":280.17,"l":279.6,"v":1566.0,"Time":"2020-12-02T19:35:00Z","Interval":"5min","Figi":"BBG001ZZPQJ6"}
{"o":280.17,"c":279.59,"h":280.17,"l":279.59,"v":1568.0,"Time":"2020-12-02T19:35:00Z","Interval":"5min","Figi":"BBG001ZZPQJ6"}
{"o":280.17,"c":279.44,"h":280.17,"l":279.44,"v":1573.0,"Time":"2020-12-02T19:35:00Z","Interval":"5min","Figi":"BBG001ZZPQJ6"}
{"o":280.17,"c":279.41,"h":280.17,"l":279.41,"v":1579.0,"Time":"2020-12-02T19:35:00Z","Interval":"5min","Figi":"BBG001ZZPQJ6"}
{"o":280.17,"c":279.53,"h":280.17,"l":279.41,"v":1679.0,"Time":"2020-12-02T19:35:00Z","Interval":"5min","Figi":"BBG001ZZPQJ6"}
{"o":280.17,"c":279.58,"h":280.17,"l":279.41,"v":1717.0,"Time":"2020-12-02T19:35:00Z","Interval":"5min","Figi":"BBG001ZZPQJ6"}
{"o":280.17,"c":279.66,"h":280.17,"l":279.41,"v":1742.0,"Time":"2020-12-02T19:35:00Z","Interval":"5min","Figi":"BBG001ZZPQJ6"}
{"o":280.17,"c":279.59,"h":280.17,"l":279.41,"v":1743.0,"Time":"2020-12-02T19:35:00Z","Interval":"5min","Figi":"BBG001ZZPQJ6"}
{"o":280.17,"c":279.72,"h":280.17,"l":279.41,"v":2004.0,"Time":"2020-12-02T19:35:00Z","Interval":"5min","Figi":"BBG001ZZPQJ6"}
{"o":280.17,"c":279.72,"h":280.17,"l":279.41,"v":2005.0,"Time":"2020-12-02T19:35:00Z","Interval":"5min","Figi":"BBG001ZZPQJ6"}
{"o":279.83,"c":279.83,"h":279.83,"l":279.83,"v":16.0,"Time":"2020-12-02T19:40:00Z","Interval":"5min","Figi":"BBG001ZZPQJ6"}
{"o":279.83,"c":279.83,"h":279.83,"l":279.83,"v":26.0,"Time":"2020-12-02T19:40:00Z","Interval":"5min","Figi":"BBG001ZZPQJ6"}
{"o":279.83,"c":279.75,"h":279.83,"l":279.75,"v":215.0,"Time":"2020-12-02T19:40:00Z","Interval":"5min","Figi":"BBG001ZZPQJ6"}
{"o":279.83,"c":279.67,"h":279.83,"l":279.67,"v":334.0,"Time":"2020-12-02T19:40:00Z","Interval":"5min","Figi":"BBG001ZZPQJ6"}
{"o":279.83,"c":279.73,"h":279.83,"l":279.63,"v":415.0,"Time":"2020-12-02T19:40:00Z","Interval":"5min","Figi":"BBG001ZZPQJ6"}
{"o":279.83,"c":279.73,"h":279.83,"l":279.63,"v":434.0,"Time":"2020-12-02T19:40:00Z","Interval":"5min","Figi":"BBG001ZZPQJ6"}
{"o":279.83,"c":279.54,"h":279.83,"l":279.54,"v":435.0,"Time":"2020-12-02T19:40:00Z","Interval":"5min","Figi":"BBG001ZZPQJ6"}
{"o":279.83,"c":279.52,"h":279.83,"l":279.52,"v":437.0,"Time":"2020-12-02T19:40:00Z","Interval":"5min","Figi":"BBG001ZZPQJ6"}
{"o":279.83,"c":279.62,"h":279.83,"l":279.52,"v":476.0,"Time":"2020-12-02T19:40:00Z","Interval":"5min","Figi":"BBG001ZZPQJ6"}
{"o":279.83,"c":279.62,"h":279.83,"l":279.52,"v":480.0,"Time":"2020-12-02T19:40:00Z","Interval":"5min","Figi":"BBG001ZZPQJ6"}
{"o":279.83,"c":279.62,"h":279.83,"l":279.52,"v":486.0,"Time":"2020-12-02T19:40:00Z","Interval":"5min","Figi":"BBG001ZZPQJ6"}
{"o":279.83,"c":279.62,"h":279.83,"l":279.52,"v":487.0,"Time":"2020-12-02T19:40:00Z","Interval":"5min","Figi":"BBG001ZZPQJ6"}
{"o":279.83,"c":279.62,"h":279.83,"l":279.52,"v":507.0,"Time":"2020-12-02T19:40:00Z","Interval":"5min","Figi":"BBG001ZZPQJ6"}
{"o":279.83,"c":279.62,"h":279.83,"l":279.52,"v":537.0,"Time":"2020-12-02T19:40:00Z","Interval":"5min","Figi":"BBG001ZZPQJ6"}
{"o":279.83,"c":279.53,"h":279.83,"l":279.52,"v":592.0,"Time":"2020-12-02T19:40:00Z","Interval":"5min","Figi":"BBG001ZZPQJ6"}
{"o":279.83,"c":279.52,"h":279.83,"l":279.52,"v":672.0,"Time":"2020-12-02T19:40:00Z","Interval":"5min","Figi":"BBG001ZZPQJ6"}
{"o":279.83,"c":279.41,"h":279.83,"l":279.41,"v":703.0,"Time":"2020-12-02T19:40:00Z","Interval":"5min","Figi":"BBG001ZZPQJ6"}
{"o":279.83,"c":279.31,"h":279.83,"l":279.31,"v":811.0,"Time":"2020-12-02T19:40:00Z","Interval":"5min","Figi":"BBG001ZZPQJ6"}
{"o":279.83,"c":279.27,"h":279.83,"l":279.27,"v":814.0,"Time":"2020-12-02T19:40:00Z","Interval":"5min","Figi":"BBG001ZZPQJ6"}
{"o":279.83,"c":279.3,"h":279.83,"l":279.27,"v":822.0,"Time":"2020-12-02T19:40:00Z","Interval":"5min","Figi":"BBG001ZZPQJ6"}
{"o":279.83,"c":279.3,"h":279.83,"l":279.27,"v":863.0,"Time":"2020-12-02T19:40:00Z","Interval":"5min","Figi":"BBG001ZZPQJ6"}
{"o":279.83,"c":279.3,"h":279.83,"l":279.27,"v":915.0,"Time":"2020-12-02T19:40:00Z","Interval":"5min","Figi":"BBG001ZZPQJ6"}
{"o":279.83,"c":279.39,"h":279.83,"l":279.27,"v":1080.0,"Time":"2020-12-02T19:40:00Z","Interval":"5min","Figi":"BBG001ZZPQJ6"}
{"o":279.83,"c":279.4,"h":279.83,"l":279.27,"v":1196.0,"Time":"2020-12-02T19:40:00Z","Interval":"5min","Figi":"BBG001ZZPQJ6"}
{"o":279.83,"c":279.42,"h":279.83,"l":279.27,"v":1197.0,"Time":"2020-12-02T19:40:00Z","Interval":"5min","Figi":"BBG001ZZPQJ6"}
{"o":279.83,"c":279.54,"h":279.83,"l":279.27,"v":1387.0,"Time":"2020-12-02T19:40:00Z","Interval":"5min","Figi":"BBG001ZZPQJ6"}
{"o":279.83,"c":279.54,"h":279.83,"l":279.27,"v":1498.0,"Time":"2020-12-02T19:40:00Z","Interval":"5min","Figi":"BBG001ZZPQJ6"}
{"o":279.83,"c":279.54,"h":279.83,"l":279.27,"v":1569.0,"Time":"2020-12-02T19:40:00Z","Interval":"5min","Figi":"BBG001ZZPQJ6"}
{"o":279.83,"c":279.41,"h":279.83,"l":279.27,"v":1728.0,"Time":"2020-12-02T19:40:00Z","Interval":"5min","Figi":"BBG001ZZPQJ6"}
{"o":279.83,"c":279.37,"h":279.83,"l":279.27,"v":1829.0,"Time":"2020-12-02T19:40:00Z","Interval":"5min","Figi":"BBG001ZZPQJ6"}
{"o":279.83,"c":279.32,"h":279.83,"l":279.27,"v":1929.0,"Time":"2020-12-02T19:40:00Z","Interval":"5min","Figi":"BBG001ZZPQJ6"}
{"o":279.83,"c":279.24,"h":279.83,"l":279.24,"v":1934.0,"Time":"2020-12-02T19:40:00Z","Interval":"5min","Figi":"BBG001ZZPQJ6"}
{"o":279.83,"c":279.17,"h":279.83,"l":279.17,"v":1956.0,"Time":"2020-12-02T19:40:00Z","Interval":"5min","Figi":"BBG001ZZPQJ6"}
{"o":279.83,"c":279.1,"h":279.83,"l":279.1,"v":2080.0,"Time":"2020-12-02T19:40:00Z","Interval":"5min","Figi":"BBG001ZZPQJ6"}
{"o":279.83,"c":279.04,"h":279.83,"l":279.04,"v":2084.0,"Time":"2020-12-02T19:40:00Z","Interval":"5min","Figi":"BBG001ZZPQJ6"}
{"o":279.83,"c":279.1,"h":279.83,"l":279.04,"v":2086.0,"Time":"2020-12-02T19:40:00Z","Interval":"5min","Figi":"BBG001ZZPQJ6"}
{"o":279.83,"c":279.1,"h":279.83,"l":279.04,"v":2161.0,"Time":"2020-12-02T19:40:00Z","Interval":"5min","Figi":"BBG001ZZPQJ6"}
{"o":279.83,"c":279.1,"h":279.83,"l":279.04,"v":2162.0,"Time":"2020-12-02T19:40:00Z","Interval":"5min","Figi":"BBG001ZZPQJ6"}
{"o":279.83,"c":279.1,"h":279.83,"l":279.04,"v":2164.0,"Time":"2020-12-02T19:40:00Z","Interval":"5min","Figi":"BBG001ZZPQJ6"}
{"o":279.83,"c":279.1,"h":279.83,"l":279.04,"v":2167.0,"Time":"2020-12-02T19:40:00Z","Interval":"5min","Figi":"BBG001ZZPQJ6"}
{"o":279.83,"c":279.1,"h":279.83,"l":279.04,"v":2169.0,"Time":"2020-12-02T19:40:00Z","Interval":"5min","Figi":"BBG001ZZPQJ6"}
{"o":279.83,"c":279.1,"h":279.83,"l":279.04,"v":2174.0,"Time":"2020-12-02T19:40:00Z","Interval":"5min","Figi":"BBG001ZZPQJ6"}
{"o":279.83,"c":279.16,"h":279.83,"l":279.04,"v":2274.0,"Time":"2020-12-02T19:40:00Z","Interval":"5min","Figi":"BBG001ZZPQJ6"}
{"o":279.83,"c":279.16,"h":279.83,"l":279.04,"v":2397.0,"Time":"2020-12-02T19:40:00Z","Interval":"5min","Figi":"BBG001ZZPQJ6"}
{"o":279.83,"c":279.09,"h":279.83,"l":279.04,"v":2402.0,"Time":"2020-12-02T19:40:00Z","Interval":"5min","Figi":"BBG001ZZPQJ6"}
{"o":279.03,"c":279.03,"h":279.03,"l":279.03,"v":12.0,"Time":"2020-12-02T19:45:00Z","Interval":"5min","Figi":"BBG001ZZPQJ6"}
{"o":279.03,"c":279.11,"h":279.11,"l":279.03,"v":19.0,"Time":"2020-12-02T19:45:00Z","Interval":"5min","Figi":"BBG001ZZPQJ6"}
{"o":279.03,"c":279.16,"h":279.16,"l":279.03,"v":23.0,"Time":"2020-12-02T19:45:00Z","Interval":"5min","Figi":"BBG001ZZPQJ6"}
{"o":279.03,"c":279.16,"h":279.16,"l":279.03,"v":47.0,"Time":"2020-12-02T19:45:00Z","Interval":"5min","Figi":"BBG001ZZPQJ6"}
{"o":279.03,"c":279.16,"h":279.16,"l":279.03,"v":79.0,"Time":"2020-12-02T19:45:00Z","Interval":"5min","Figi":"BBG001ZZPQJ6"}
{"o":279.03,"c":279.16,"h":279.16,"l":279.03,"v":87.0,"Time":"2020-12-02T19:45:00Z","Interval":"5min","Figi":"BBG001ZZPQJ6"}
{"o":279.03,"c":279.16,"h":279.16,"l":279.03,"v":95.0,"Time":"2020-12-02T19:45:00Z","Interval":"5min","Figi":"BBG001ZZPQJ6"}
{"o":279.03,"c":279.16,"h":279.16,"l":279.03,"v":195.0,"Time":"2020-12-02T19:45:00Z","Interval":"5min","Figi":"BBG001ZZPQJ6"}
{"o":279.03,"c":279.16,"h":279.16,"l":279.03,"v":196.0,"Time":"2020-12-02T19:45:00Z","Interval":"5min","Figi":"BBG001ZZPQJ6"}
{"o":279.03,"c":279.16,"h":279.16,"l":279.03,"v":296.0,"Time":"2020-12-02T19:45:00Z","Interval":"5min","Figi":"BBG001ZZPQJ6"}
{"o":279.03,"c":279.16,"h":279.16,"l":279.03,"v":324.0,"Time":"2020-12-02T19:45:00Z","Interval":"5min","Figi":"BBG001ZZPQJ6"}
{"o":279.03,"c":279.16,"h":279.16,"l":279.03,"v":340.0,"Time":"2020-12-02T19:45:00Z","Interval":"5min","Figi":"BBG001ZZPQJ6"}
{"o":279.03,"c":279.17,"h":279.17,"l":279.03,"v":423.0,"Time":"2020-12-02T19:45:00Z","Interval":"5min","Figi":"BBG001ZZPQJ6"}
{"o":279.03,"c":279.26,"h":279.26,"l":279.03,"v":442.0,"Time":"2020-12-02T19:45:00Z","Interval":"5min","Figi":"BBG001ZZPQJ6"}
{"o":279.03,"c":279.38,"h":279.38,"l":279.03,"v":544.0,"Time":"2020-12-02T19:45:00Z","Interval":"5min","Figi":"BBG001ZZPQJ6"}
{"o":279.03,"c":279.38,"h":279.38,"l":279.03,"v":546.0,"Time":"2020-12-02T19:45:00Z","Interval":"5min","Figi":"BBG001ZZPQJ6"}
{"o":279.03,"c":279.48,"h":279.48,"l":279.03,"v":646.0,"Time":"2020-12-02T19:45:00Z","Interval":"5min","Figi":"BBG001ZZPQJ6"}
{"o":279.03,"c":279.39,"h":279.48,"l":279.03,"v":648.0,"Time":"2020-12-02T19:45:00Z","Interval":"5min","Figi":"BBG001ZZPQJ6"}
{"o":279.03,"c":279.38,"h":279.48,"l":279.03,"v":649.0,"Time":"2020-12-02T19:45:00Z","Interval":"5min","Figi":"BBG001ZZPQJ6"}
{"o":279.03,"c":279.44,"h":279.48,"l":279.03,"v":653.0,"Time":"2020-12-02T19:45:00Z","Interval":"5min","Figi":"BBG001ZZPQJ6"}
{"o":279.03,"c":279.54,"h":279.54,"l":279.03,"v":753.0,"Time":"2020-12-02T19:45:00Z","Interval":"5min","Figi":"BBG001ZZPQJ6"}
{"o":279.03,"c":279.43,"h":279.54,"l":279.03,"v":768.0,"Time":"2020-12-02T19:45:00Z","Interval":"5min","Figi":"BBG001ZZPQJ6"}
{"o":279.03,"c":279.38,"h":279.54,"l":279.03,"v":994.0,"Time":"2020-12-02T19:45:00Z","Interval":"5min","Figi":"BBG001ZZPQJ6"}
{"o":279.03,"c":279.37,"h":279.54,"l":279.03,"v":1294.0,"Time":"2020-12-02T19:45:00Z","Interval":"5min","Figi":"BBG001ZZPQJ6"}
{"o":279.03,"c":279.4,"h":279.54,"l":279.03,"v":1302.0,"Time":"2020-12-02T19:45:00Z","Interval":"5min","Figi":"BBG001ZZPQJ6"}
{"o":279.03,"c":279.82,"h":279.82,"l":279.03,"v":1527.0,"Time":"2020-12-02T19:45:00Z","Interval":"5min","Figi":"BBG001ZZPQJ6"}
{"o":279.03,"c":279.82,"h":279.82,"l":279.03,"v":1548.0,"Time":"2020-12-02T19:45:00Z","Interval":"5min","Figi":"BBG001ZZPQJ6"}
{"o":279.03,"c":279.87,"h":279.88,"l":279.03,"v":1629.0,"Time":"2020-12-02T19:45:00Z","Interval":"5min","Figi":"BBG001ZZPQJ6"}
{"o":279.03,"c":279.87,"h":279.88,"l":279.03,"v":1686.0,"Time":"2020-12-02T19:45:00Z","Interval":"5min","Figi":"BBG001ZZPQJ6"}
{"o":279.03,"c":279.88,"h":279.88,"l":279.03,"v":1767.0,"Time":"2020-12-02T19:45:00Z","Interval":"5min","Figi":"BBG001ZZPQJ6"}
{"o":279.03,"c":279.94,"h":279.95,"l":279.03,"v":1787.0,"Time":"2020-12-02T19:45:00Z","Interval":"5min","Figi":"BBG001ZZPQJ6"}
{"o":279.03,"c":279.85,"h":279.95,"l":279.03,"v":1837.0,"Time":"2020-12-02T19:45:00Z","Interval":"5min","Figi":"BBG001ZZPQJ6"}
{"o":279.03,"c":279.9,"h":279.95,"l":279.03,"v":2042.0,"Time":"2020-12-02T19:45:00Z","Interval":"5min","Figi":"BBG001ZZPQJ6"}
{"o":279.03,"c":279.9,"h":279.95,"l":279.03,"v":2142.0,"Time":"2020-12-02T19:45:00Z","Interval":"5min","Figi":"BBG001ZZPQJ6"}
{"o":279.03,"c":279.9,"h":279.95,"l":279.03,"v":2224.0,"Time":"2020-12-02T19:45:00Z","Interval":"5min","Figi":"BBG001ZZPQJ6"}
{"o":279.03,"c":279.99,"h":279.99,"l":279.03,"v":2225.0,"Time":"2020-12-02T19:45:00Z","Interval":"5min","Figi":"BBG001ZZPQJ6"}
{"o":279.03,"c":279.99,"h":279.99,"l":279.03,"v":2230.0,"Time":"2020-12-02T19:45:00Z","Interval":"5min","Figi":"BBG001ZZPQJ6"}
{"o":279.03,"c":279.99,"h":279.99,"l":279.03,"v":2231.0,"Time":"2020-12-02T19:45:00Z","Interval":"5min","Figi":"BBG001ZZPQJ6"}
{"o":279.03,"c":279.99,"h":279.99,"l":279.03,"v":2233.0,"Time":"2020-12-02T19:45:00Z","Interval":"5min","Figi":"BBG001ZZPQJ6"}
{"o":279.03,"c":279.99,"h":279.99,"l":279.03,"v":2234.0,"Time":"2020-12-02T19:45:00Z","Interval":"5min","Figi":"BBG001ZZPQJ6"}
{"o":279.03,"c":279.99,"h":279.99,"l":279.03,"v":2235.0,"Time":"2020-12-02T19:45:00Z","Interval":"5min","Figi":"BBG001ZZPQJ6"}
{"o":279.03,"c":279.92,"h":279.99,"l":279.03,"v":2335.0,"Time":"2020-12-02T19:45:00Z","Interval":"5min","Figi":"BBG001ZZPQJ6"}
{"o":279.03,"c":279.81,"h":279.99,"l":279.03,"v":2339.0,"Time":"2020-12-02T19:45:00Z","Interval":"5min","Figi":"BBG001ZZPQJ6"}
{"o":279.03,"c":279.8,"h":279.99,"l":279.03,"v":2539.0,"Time":"2020-12-02T19:45:00Z","Interval":"5min","Figi":"BBG001ZZPQJ6"}
{"o":279.03,"c":279.7,"h":279.99,"l":279.03,"v":2540.0,"Time":"2020-12-02T19:45:00Z","Interval":"5min","Figi":"BBG001ZZPQJ6"}
{"o":279.03,"c":279.51,"h":279.99,"l":279.03,"v":2631.0,"Time":"2020-12-02T19:45:00Z","Interval":"5min","Figi":"BBG001ZZPQJ6"}
{"o":279.03,"c":279.41,"h":279.99,"l":279.03,"v":2683.0,"Time":"2020-12-02T19:45:00Z","Interval":"5min","Figi":"BBG001ZZPQJ6"}
{"o":279.03,"c":279.41,"h":279.99,"l":279.03,"v":2691.0,"Time":"2020-12-02T19:45:00Z","Interval":"5min","Figi":"BBG001ZZPQJ6"}
{"o":279.03,"c":279.32,"h":279.99,"l":279.03,"v":2884.0,"Time":"2020-12-02T19:45:00Z","Interval":"5min","Figi":"BBG001ZZPQJ6"}
{"o":279.03,"c":279.29,"h":279.99,"l":279.03,"v":2885.0,"Time":"2020-12-02T19:45:00Z","Interval":"5min","Figi":"BBG001ZZPQJ6"}
{"o":279.03,"c":279.26,"h":279.99,"l":279.03,"v":3110.0,"Time":"2020-12-02T19:45:00Z","Interval":"5min","Figi":"BBG001ZZPQJ6"}
{"o":279.03,"c":279.21,"h":279.99,"l":279.03,"v":3115.0,"Time":"2020-12-02T19:45:00Z","Interval":"5min","Figi":"BBG001ZZPQJ6"}
{"o":279.03,"c":279.37,"h":279.99,"l":279.03,"v":3116.0,"Time":"2020-12-02T19:45:00Z","Interval":"5min","Figi":"BBG001ZZPQJ6"}
{"o":279.03,"c":279.43,"h":279.99,"l":279.03,"v":3124.0,"Time":"2020-12-02T19:45:00Z","Interval":"5min","Figi":"BBG001ZZPQJ6"}
{"o":279.03,"c":279.43,"h":279.99,"l":279.03,"v":3132.0,"Time":"2020-12-02T19:45:00Z","Interval":"5min","Figi":"BBG001ZZPQJ6"}
{"o":279.03,"c":279.43,"h":279.99,"l":279.03,"v":3148.0,"Time":"2020-12-02T19:45:00Z","Interval":"5min","Figi":"BBG001ZZPQJ6"}
{"o":279.03,"c":279.43,"h":279.99,"l":279.03,"v":3154.0,"Time":"2020-12-02T19:45:00Z","Interval":"5min","Figi":"BBG001ZZPQJ6"}
{"o":279.03,"c":279.43,"h":279.99,"l":279.03,"v":3160.0,"Time":"2020-12-02T19:45:00Z","Interval":"5min","Figi":"BBG001ZZPQJ6"}
{"o":279.03,"c":279.42,"h":279.99,"l":279.03,"v":3360.0,"Time":"2020-12-02T19:45:00Z","Interval":"5min","Figi":"BBG001ZZPQJ6"}
{"o":279.03,"c":279.43,"h":279.99,"l":279.03,"v":3372.0,"Time":"2020-12-02T19:45:00Z","Interval":"5min","Figi":"BBG001ZZPQJ6"}
{"o":279.03,"c":279.43,"h":279.99,"l":279.03,"v":3416.0,"Time":"2020-12-02T19:45:00Z","Interval":"5min","Figi":"BBG001ZZPQJ6"}
{"o":279.03,"c":279.56,"h":279.99,"l":279.03,"v":3636.0,"Time":"2020-12-02T19:45:00Z","Interval":"5min","Figi":"BBG001ZZPQJ6"}
{"o":279.03,"c":279.68,"h":279.99,"l":279.03,"v":3736.0,"Time":"2020-12-02T19:45:00Z","Interval":"5min","Figi":"BBG001ZZPQJ6"}
{"o":279.03,"c":279.63,"h":279.99,"l":279.03,"v":3761.0,"Time":"2020-12-02T19:45:00Z","Interval":"5min","Figi":"BBG001ZZPQJ6"}
{"o":279.65,"c":279.65,"h":279.65,"l":279.65,"v":3.0,"Time":"2020-12-02T19:50:00Z","Interval":"5min","Figi":"BBG001ZZPQJ6"}
{"o":279.65,"c":279.65,"h":279.65,"l":279.65,"v":4.0,"Time":"2020-12-02T19:50:00Z","Interval":"5min","Figi":"BBG001ZZPQJ6"}
{"o":279.65,"c":279.65,"h":279.65,"l":279.65,"v":5.0,"Time":"2020-12-02T19:50:00Z","Interval":"5min","Figi":"BBG001ZZPQJ6"}
{"o":279.65,"c":279.65,"h":279.65,"l":279.65,"v":7.0,"Time":"2020-12-02T19:50:00Z","Interval":"5min","Figi":"BBG001ZZPQJ6"}
{"o":279.65,"c":279.65,"h":279.65,"l":279.65,"v":9.0,"Time":"2020-12-02T19:50:00Z","Interval":"5min","Figi":"BBG001ZZPQJ6"}
{"o":279.65,"c":279.65,"h":279.65,"l":279.65,"v":11.0,"Time":"2020-12-02T19:50:00Z","Interval":"5min","Figi":"BBG001ZZPQJ6"}
{"o":279.65,"c":279.65,"h":279.65,"l":279.65,"v":12.0,"Time":"2020-12-02T19:50:00Z","Interval":"5min","Figi":"BBG001ZZPQJ6"}
{"o":279.65,"c":279.65,"h":279.65,"l":279.65,"v":30.0,"Time":"2020-12-02T19:50:00Z","Interval":"5min","Figi":"BBG001ZZPQJ6"}
{"o":279.65,"c":279.65,"h":279.65,"l":279.65,"v":39.0,"Time":"2020-12-02T19:50:00Z","Interval":"5min","Figi":"BBG001ZZPQJ6"}
{"o":279.65,"c":279.65,"h":279.65,"l":279.65,"v":46.0,"Time":"2020-12-02T19:50:00Z","Interval":"5min","Figi":"BBG001ZZPQJ6"}
{"o":279.65,"c":279.65,"h":279.65,"l":279.65,"v":47.0,"Time":"2020-12-02T19:50:00Z","Interval":"5min","Figi":"BBG001ZZPQJ6"}
{"o":279.65,"c":279.65,"h":279.65,"l":279.65,"v":54.0,"Time":"2020-12-02T19:50:00Z","Interval":"5min","Figi":"BBG001ZZPQJ6"}
{"o":279.65,"c":279.62,"h":279.65,"l":279.62,"v":157.0,"Time":"2020-12-02T19:50:00Z","Interval":"5min","Figi":"BBG001ZZPQJ6"}
{"o":279.65,"c":279.6,"h":279.65,"l":279.6,"v":258.0,"Time":"2020-12-02T19:50:00Z","Interval":"5min","Figi":"BBG001ZZPQJ6"}
{"o":279.65,"c":279.48,"h":279.65,"l":279.48,"v":259.0,"Time":"2020-12-02T19:50:00Z","Interval":"5min","Figi":"BBG001ZZPQJ6"}
{"o":279.65,"c":279.48,"h":279.65,"l":279.48,"v":260.0,"Time":"2020-12-02T19:50:00Z","Interval":"5min","Figi":"BBG001ZZPQJ6"}
{"o":279.65,"c":279.62,"h":279.65,"l":279.48,"v":290.0,"Time":"2020-12-02T19:50:00Z","Interval":"5min","Figi":"BBG001ZZPQJ6"}
{"o":279.65,"c":279.61,"h":279.65,"l":279.48,"v":293.0,"Time":"2020-12-02T19:50:00Z","Interval":"5min","Figi":"BBG001ZZPQJ6"}
{"o":279.65,"c":279.61,"h":279.65,"l":279.48,"v":294.0,"Time":"2020-12-02T19:50:00Z","Interval":"5min","Figi":"BBG001ZZPQJ6"}
{"o":279.65,"c":279.65,"h":279.65,"l":279.48,"v":384.0,"Time":"2020-12-02T19:50:00Z","Interval":"5min","Figi":"BBG001ZZPQJ6"}
{"o":279.65,"c":279.7,"h":279.7,"l":279.48,"v":424.0,"Time":"2020-12-02T19:50:00Z","Interval":"5min","Figi":"BBG001ZZPQJ6"}
{"o":279.65,"c":279.7,"h":279.7,"l":279.48,"v":484.0,"Time":"2020-12-02T19:50:00Z","Interval":"5min","Figi":"BBG001ZZPQJ6"}
{"o":279.65,"c":279.79,"h":279.79,"l":279.48,"v":493.0,"Time":"2020-12-02T19:50:00Z","Interval":"5min","Figi":"BBG001ZZPQJ6"}
{"o":279.65,"c":279.79,"h":279.79,"l":279.48,"v":500.0,"Time":"2020-12-02T19:50:00Z","Interval":"5min","Figi":"BBG001ZZPQJ6"}
{"o":279.65,"c":279.79,"h":279.79,"l":279.48,"v":501.0,"Time":"2020-12-02T19:50:00Z","Interval":"5min","Figi":"BBG001ZZPQJ6"}
{"o":279.65,"c":279.79,"h":279.79,"l":279.48,"v":605.0,"Time":"2020-12-02T19:50:00Z","Interval":"5min","Figi":"BBG001ZZPQJ6"}
{"o":279.65,"c":279.79,"h":279.79,"l":279.48,"v":671.0,"Time":"2020-12-02T19:50:00Z","Interval":"5min","Figi":"BBG001ZZPQJ6"}
{"o":279.65,"c":279.79,"h":279.79,"l":279.48,"v":702.0,"Time":"2020-12-02T19:50:00Z","Interval":"5min","Figi":"BBG001ZZPQJ6"}
{"o":279.65,"c":279.88,"h":279.88,"l":279.48,"v":706.0,"Time":"2020-12-02T19:50:00Z","Interval":"5min","Figi":"BBG001ZZPQJ6"}
{"o":279.65,"c":279.9,"h":279.9,"l":279.48,"v":810.0,"Time":"2020-12-02T19:50:00Z","Interval":"5min","Figi":"BBG001ZZPQJ6"}
{"o":279.65,"c":279.9,"h":279.9,"l":279.48,"v":815.0,"Time":"2020-12-02T19:50:00Z","Interval":"5min","Figi":"BBG001ZZPQJ6"}
{"o":279.65,"c":279.9,"h":279.9,"l":279.48,"v":915.0,"Time":"2020-12-02T19:50:00Z","Interval":"5min","Figi":"BBG001ZZPQJ6"}
{"o":279.65,"c":279.92,"h":279.92,"l":279.48,"v":917.0,"Time":"2020-12-02T19:50:00Z","Interval":"5min","Figi":"BBG001ZZPQJ6"}
{"o":279.65,"c":279.93,"h":279.93,"l":279.48,"v":919.0,"Time":"2020-12-02T19:50:00Z","Interval":"5min","Figi":"BBG001ZZPQJ6"}
{"o":279.65,"c":280.0,"h":280.0,"l":279.48,"v":1343.0,"Time":"2020-12-02T19:50:00Z","Interval":"5min","Figi":"BBG001ZZPQJ6"}
{"o":279.65,"c":280.0,"h":280.0,"l":279.48,"v":1363.0,"Time":"2020-12-02T19:50:00Z","Interval":"5min","Figi":"BBG001ZZPQJ6"}
{"o":279.65,"c":280.0,"h":280.0,"l":279.48,"v":1463.0,"Time":"2020-12-02T19:50:00Z","Interval":"5min","Figi":"BBG001ZZPQJ6"}
{"o":279.65,"c":280.0,"h":280.0,"l":279.48,"v":1563.0,"Time":"2020-12-02T19:50:00Z","Interval":"5min","Figi":"BBG001ZZPQJ6"}
{"o":279.65,"c":280.12,"h":280.12,"l":279.48,"v":1582.0,"Time":"2020-12-02T19:50:00Z","Interval":"5min","Figi":"BBG001ZZPQJ6"}
{"o":279.65,"c":280.24,"h":280.24,"l":279.48,"v":2182.0,"Time":"2020-12-02T19:50:00Z","Interval":"5min","Figi":"BBG001ZZPQJ6"}
{"o":279.65,"c":280.24,"h":280.24,"l":279.48,"v":2182.0,"Time":"2020-12-02T19:50:00Z","Interval":"5min","Figi":"BBG001ZZPQJ6"}
{"o":279.65,"c":280.3,"h":280.3,"l":279.48,"v":2282.0,"Time":"2020-12-02T19:50:00Z","Interval":"5min","Figi":"BBG001ZZPQJ6"}
{"o":279.65,"c":280.34,"h":280.34,"l":279.48,"v":2382.0,"Time":"2020-12-02T19:50:00Z","Interval":"5min","Figi":"BBG001ZZPQJ6"}
{"o":279.65,"c":280.2,"h":280.34,"l":279.48,"v":2395.0,"Time":"2020-12-02T19:50:00Z","Interval":"5min","Figi":"BBG001ZZPQJ6"}
{"o":279.65,"c":280.1,"h":280.34,"l":279.48,"v":2398.0,"Time":"2020-12-02T19:50:00Z","Interval":"5min","Figi":"BBG001ZZPQJ6"}
{"o":279.65,"c":280.2,"h":280.34,"l":279.48,"v":2702.0,"Time":"2020-12-02T19:50:00Z","Interval":"5min","Figi":"BBG001ZZPQJ6"}
{"o":279.65,"c":280.2,"h":280.34,"l":279.48,"v":2798.0,"Time":"2020-12-02T19:50:00Z","Interval":"5min","Figi":"BBG001ZZPQJ6"}
{"o":279.65,"c":280.19,"h":280.34,"l":279.48,"v":2998.0,"Time":"2020-12-02T19:50:00Z","Interval":"5min","Figi":"BBG001ZZPQJ6"}
{"o":279.65,"c":280.2,"h":280.34,"l":279.48,"v":3098.0,"Time":"2020-12-02T19:50:00Z","Interval":"5min","Figi":"BBG001ZZPQJ6"}
{"o":279.65,"c":280.3,"h":280.34,"l":279.48,"v":3122.0,"Time":"2020-12-02T19:50:00Z","Interval":"5min","Figi":"BBG001ZZPQJ6"}
{"o":279.65,"c":280.23,"h":280.34,"l":279.48,"v":3146.0,"Time":"2020-12-02T19:50:00Z","Interval":"5min","Figi":"BBG001ZZPQJ6"}
{"o":279.65,"c":280.26,"h":280.34,"l":279.48,"v":3346.0,"Time":"2020-12-02T19:50:00Z","Interval":"5min","Figi":"BBG001ZZPQJ6"}
{"o":279.65,"c":280.25,"h":280.34,"l":279.48,"v":3352.0,"Time":"2020-12-02T19:50:00Z","Interval":"5min","Figi":"BBG001ZZPQJ6"}
{"o":279.65,"c":280.34,"h":280.34,"l":279.48,"v":3356.0,"Time":"2020-12-02T19:50:00Z","Interval":"5min","Figi":"BBG001ZZPQJ6"}
{"o":279.65,"c":280.34,"h":280.34,"l":279.48,"v":3560.0,"Time":"2020-12-02T19:50:00Z","Interval":"5min","Figi":"BBG001ZZPQJ6"}
{"o":279.65,"c":280.34,"h":280.34,"l":279.48,"v":3660.0,"Time":"2020-12-02T19:50:00Z","Interval":"5min","Figi":"BBG001ZZPQJ6"}
{"o":279.65,"c":280.29,"h":280.34,"l":279.48,"v":3670.0,"Time":"2020-12-02T19:50:00Z","Interval":"5min","Figi":"BBG001ZZPQJ6"}
{"o":279.65,"c":280.29,"h":280.34,"l":279.48,"v":3671.0,"Time":"2020-12-02T19:50:00Z","Interval":"5min","Figi":"BBG001ZZPQJ6"}
{"o":279.65,"c":280.27,"h":280.34,"l":279.48,"v":3894.0,"Time":"2020-12-02T19:50:00Z","Interval":"5min","Figi":"BBG001ZZPQJ6"}
{"o":279.65,"c":280.18,"h":280.34,"l":279.48,"v":3934.0,"Time":"2020-12-02T19:50:00Z","Interval":"5min","Figi":"BBG001ZZPQJ6"}
{"o":279.65,"c":280.01,"h":280.34,"l":279.48,"v":3943.0,"Time":"2020-12-02T19:50:00Z","Interval":"5min","Figi":"BBG001ZZPQJ6"}
{"o":279.65,"c":280.0,"h":280.34,"l":279.48,"v":3998.0,"Time":"2020-12-02T19:50:00Z","Interval":"5min","Figi":"BBG001ZZPQJ6"}
{"o":279.65,"c":280.0,"h":280.34,"l":279.48,"v":4104.0,"Time":"2020-12-02T19:50:00Z","Interval":"5min","Figi":"BBG001ZZPQJ6"}
{"o":279.65,"c":279.98,"h":280.34,"l":279.48,"v":4145.0,"Time":"2020-12-02T19:50:00Z","Interval":"5min","Figi":"BBG001ZZPQJ6"}
{"o":279.65,"c":280.04,"h":280.34,"l":279.48,"v":4196.0,"Time":"2020-12-02T19:50:00Z","Interval":"5min","Figi":"BBG001ZZPQJ6"}
{"o":280.04,"c":280.04,"h":280.04,"l":280.04,"v":28.0,"Time":"2020-12-02T19:55:00Z","Interval":"5min","Figi":"BBG001ZZPQJ6"}
{"o":280.04,"c":280.11,"h":280.11,"l":280.04,"v":30.0,"Time":"2020-12-02T19:55:00Z","Interval":"5min","Figi":"BBG001ZZPQJ6"}
{"o":280.04,"c":280.18,"h":280.21,"l":280.04,"v":220.0,"Time":"2020-12-02T19:55:00Z","Interval":"5min","Figi":"BBG001ZZPQJ6"}
{"o":280.04,"c":280.04,"h":280.21,"l":280.04,"v":428.0,"Time":"2020-12-02T19:55:00Z","Interval":"5min","Figi":"BBG001ZZPQJ6"}
{"o":280.04,"c":280.12,"h":280.21,"l":280.04,"v":528.0,"Time":"2020-12-02T19:55:00Z","Interval":"5min","Figi":"BBG001ZZPQJ6"}
{"o":280.04,"c":280.14,"h":280.21,"l":280.04,"v":731.0,"Time":"2020-12-02T19:55:00Z","Interval":"5min","Figi":"BBG001ZZPQJ6"}
{"o":280.04,"c":280.13,"h":280.21,"l":280.04,"v":831.0,"Time":"2020-12-02T19:55:00Z","Interval":"5min","Figi":"BBG001ZZPQJ6"}
{"o":280.04,"c":280.13,"h":280.21,"l":280.04,"v":950.0,"Time":"2020-12-02T19:55:00Z","Interval":"5min","Figi":"BBG001ZZPQJ6"}
{"o":280.04,"c":280.13,"h":280.21,"l":280.04,"v":952.0,"Time":"2020-12-02T19:55:00Z","Interval":"5min","Figi":"BBG001ZZPQJ6"}
{"o":280.04,"c":280.15,"h":280.21,"l":280.04,"v":1352.0,"Time":"2020-12-02T19:55:00Z","Interval":"5min","Figi":"BBG001ZZPQJ6"}
{"o":280.04,"c":280.1,"h":280.21,"l":280.04,"v":1353.0,"Time":"2020-12-02T19:55:00Z","Interval":"5min","Figi":"BBG001ZZPQJ6"}
{"o":280.04,"c":280.1,"h":280.21,"l":280.04,"v":1354.0,"Time":"2020-12-02T19:55:00Z","Interval":"5min","Figi":"BBG001ZZPQJ6"}
{"o":280.04,"c":280.1,"h":280.21,"l":280.04,"v":1454.0,"Time":"2020-12-02T19:55:00Z","Interval":"5min","Figi":"BBG001ZZPQJ6"}
{"o":280.04,"c":280.1,"h":280.21,"l":280.04,"v":1474.0,"Time":"2020-12-02T19:55:00Z","Interval":"5min","Figi":"BBG001ZZPQJ6"}
{"o":280.04,"c":280.08,"h":280.21,"l":280.04,"v":1606.0,"Time":"2020-12-02T19:55:00Z","Interval":"5min","Figi":"BBG001ZZPQJ6"}
{"o":280.04,"c":280.07,"h":280.21,"l":280.04,"v":1770.0,"Time":"2020-12-02T19:55:00Z","Interval":"5min","Figi":"BBG001ZZPQJ6"}
{"o":280.04,"c":280.0,"h":280.21,"l":280.0,"v":1775.0,"Time":"2020-12-02T19:55:00Z","Interval":"5min","Figi":"BBG001ZZPQJ6"}
{"o":280.04,"c":280.0,"h":280.21,"l":280.0,"v":1776.0,"Time":"2020-12-02T19:55:00Z","Interval":"5min","Figi":"BBG001ZZPQJ6"}
{"o":280.04,"c":279.99,"h":280.21,"l":279.99,"v":1777.0,"Time":"2020-12-02T19:55:00Z","Interval":"5min","Figi":"BBG001ZZPQJ6"}
{"o":280.04,"c":279.97,"h":280.21,"l":279.97,"v":1778.0,"Time":"2020-12-02T19:55:00Z","Interval":"5min","Figi":"BBG001ZZPQJ6"}
{"o":280.04,"c":280.0,"h":280.21,"l":279.97,"v":1878.0,"Time":"2020-12-02T19:55:00Z","Interval":"5min","Figi":"BBG001ZZPQJ6"}
{"o":280.04,"c":279.93,"h":280.21,"l":279.93,"v":1981.0,"Time":"2020-12-02T19:55:00Z","Interval":"5min","Figi":"BBG001ZZPQJ6"}
{"o":280.04,"c":279.99,"h":280.21,"l":279.93,"v":2470.0,"Time":"2020-12-02T19:55:00Z","Interval":"5min","Figi":"BBG001ZZPQJ6"}
{"o":280.04,"c":279.99,"h":280.21,"l":279.93,"v":2535.0,"Time":"2020-12-02T19:55:00Z","Interval":"5min","Figi":"BBG001ZZPQJ6"}
{"o":280.04,"c":279.99,"h":280.21,"l":279.93,"v":2771.0,"Time":"2020-12-02T19:55:00Z","Interval":"5min","Figi":"BBG001ZZPQJ6"}
{"o":280.04,"c":280.01,"h":280.21,"l":279.93,"v":2871.0,"Time":"2020-12-02T19:55:00Z","Interval":"5min","Figi":"BBG001ZZPQJ6"}
{"o":280.04,"c":280.14,"h":280.21,"l":279.93,"v":2874.0,"Time":"2020-12-02T19:55:00Z","Interval":"5min","Figi":"BBG001ZZPQJ6"}
{"o":280.04,"c":280.14,"h":280.21,"l":279.93,"v":2974.0,"Time":"2020-12-02T19:55:00Z","Interval":"5min","Figi":"BBG001ZZPQJ6"}
{"o":280.04,"c":280.03,"h":280.21,"l":279.93,"v":3074.0,"Time":"2020-12-02T19:55:00Z","Interval":"5min","Figi":"BBG001ZZPQJ6"}
{"o":280.04,"c":280.01,"h":280.21,"l":279.93,"v":3695.0,"Time":"2020-12-02T19:55:00Z","Interval":"5min","Figi":"BBG001ZZPQJ6"}
{"o":280.04,"c":280.02,"h":280.21,"l":279.93,"v":3797.0,"Time":"2020-12-02T19:55:00Z","Interval":"5min","Figi":"BBG001ZZPQJ6"}
{"o":280.04,"c":280.02,"h":280.21,"l":279.93,"v":3797.0,"Time":"2020-12-02T19:55:00Z","Interval":"5min","Figi":"BBG001ZZPQJ6"}
{"o":280.04,"c":280.03,"h":280.21,"l":279.93,"v":3798.0,"Time":"2020-12-02T19:55:00Z","Interval":"5min","Figi":"BBG001ZZPQJ6"}
{"o":280.04,"c":280.03,"h":280.21,"l":279.93,"v":3970.0,"Time":"2020-12-02T19:55:00Z","Interval":"5min","Figi":"BBG001ZZPQJ6"}
{"o":280.04,"c":280.04,"h":280.21,"l":279.93,"v":4070.0,"Time":"2020-12-02T19:55:00Z","Interval":"5min","Figi":"BBG001ZZPQJ6"}
{"o":280.04,"c":280.05,"h":280.21,"l":279.93,"v":4270.0,"Time":"2020-12-02T19:55:00Z","Interval":"5min","Figi":"BBG001ZZPQJ6"}
{"o":280.04,"c":280.06,"h":280.21,"l":279.93,"v":4377.0,"Time":"2020-12-02T19:55:00Z","Interval":"5min","Figi":"BBG001ZZPQJ6"}
{"o":280.04,"c":280.0,"h":280.21,"l":279.93,"v":4678.0,"Time":"2020-12-02T19:55:00Z","Interval":"5min","Figi":"BBG001ZZPQJ6"}
{"o":280.04,"c":279.91,"h":280.21,"l":279.91,"v":4703.0,"Time":"2020-12-02T19:55:00Z","Interval":"5min","Figi":"BBG001ZZPQJ6"}
{"o":280.04,"c":279.97,"h":280.21,"l":279.91,"v":4880.0,"Time":"2020-12-02T19:55:00Z","Interval":"5min","Figi":"BBG001ZZPQJ6"}
{"o":280.04,"c":279.97,"h":280.21,"l":279.91,"v":4903.0,"Time":"2020-12-02T19:55:00Z","Interval":"5min","Figi":"BBG001ZZPQJ6"}
{"o":280.04,"c":280.06,"h":280.21,"l":279.91,"v":5375.0,"Time":"2020-12-02T19:55:00Z","Interval":"5min","Figi":"BBG001ZZPQJ6"}
{"o":280.04,"c":280.2,"h":280.21,"l":279.91,"v":5376.0,"Time":"2020-12-02T19:55:00Z","Interval":"5min","Figi":"BBG001ZZPQJ6"}
{"o":280.04,"c":280.28,"h":280.28,"l":279.91,"v":5476.0,"Time":"2020-12-02T19:55:00Z","Interval":"5min","Figi":"BBG001ZZPQJ6"}
{"o":280.04,"c":280.29,"h":280.29,"l":279.91,"v":5614.0,"Time":"2020-12-02T19:55:00Z","Interval":"5min","Figi":"BBG001ZZPQJ6"}
{"o":280.04,"c":280.29,"h":280.29,"l":279.91,"v":5676.0,"Time":"2020-12-02T19:55:00Z","Interval":"5min","Figi":"BBG001ZZPQJ6"}
{"o":280.04,"c":280.33,"h":280.33,"l":279.91,"v":5747.0,"Time":"2020-12-02T19:55:00Z","Interval":"5min","Figi":"BBG001ZZPQJ6"}
{"o":280.04,"c":280.33,"h":280.33,"l":279.91,"v":5776.0,"Time":"2020-12-02T19:55:00Z","Interval":"5min","Figi":"BBG001ZZPQJ6"}
{"o":280.04,"c":280.27,"h":280.33,"l":279.91,"v":5779.0,"Time":"2020-12-02T19:55:00Z","Interval":"5min","Figi":"BBG001ZZPQJ6"}
{"o":280.04,"c":280.27,"h":280.33,"l":279.91,"v":5781.0,"Time":"2020-12-02T19:55:00Z","Interval":"5min","Figi":"BBG001ZZPQJ6"}
{"o":280.49,"c":280.49,"h":280.49,"l":280.49,"v":1.0,"Time":"2020-12-02T20:00:00Z","Interval":"5min","Figi":"BBG001ZZPQJ6"}
{"o":280.49,"c":280.51,"h":280.51,"l":280.49,"v":114.0,"Time":"2020-12-02T20:00:00Z","Interval":"5min","Figi":"BBG001ZZPQJ6"}
{"o":280.49,"c":280.4,"h":280.51,"l":280.4,"v":223.0,"Time":"2020-12-02T20:00:00Z","Interval":"5min","Figi":"BBG001ZZPQJ6"}
{"o":280.49,"c":280.4,"h":280.51,"l":280.4,"v":233.0,"Time":"2020-12-02T20:00:00Z","Interval":"5min","Figi":"BBG001ZZPQJ6"}
{"o":280.49,"c":280.41,"h":280.51,"l":280.4,"v":333.0,"Time":"2020-12-02T20:00:00Z","Interval":"5min","Figi":"BBG001ZZPQJ6"}
{"o":280.49,"c":280.26,"h":280.51,"l":280.26,"v":439.0,"Time":"2020-12-02T20:00:00Z","Interval":"5min","Figi":"BBG001ZZPQJ6"}
{"o":280.49,"c":280.2,"h":280.51,"l":280.2,"v":445.0,"Time":"2020-12-02T20:00:00Z","Interval":"5min","Figi":"BBG001ZZPQJ6"}
{"o":280.49,"c":280.06,"h":280.51,"l":280.06,"v":447.0,"Time":"2020-12-02T20:00:00Z","Interval":"5min","Figi":"BBG001ZZPQJ6"}
{"o":280.49,"c":280.24,"h":280.51,"l":280.06,"v":474.0,"Time":"2020-12-02T20:00:00Z","Interval":"5min","Figi":"BBG001ZZPQJ6"}
{"o":280.49,"c":280.23,"h":280.51,"l":280.06,"v":574.0,"Time":"2020-12-02T20:00:00Z","Interval":"5min","Figi":"BBG001ZZPQJ6"}
{"o":280.49,"c":280.45,"h":280.51,"l":280.06,"v":575.0,"Time":"2020-12-02T20:00:00Z","Interval":"5min","Figi":"BBG001ZZPQJ6"}
{"o":280.49,"c":280.4,"h":280.51,"l":280.06,"v":770.0,"Time":"2020-12-02T20:00:00Z","Interval":"5min","Figi":"BBG001ZZPQJ6"}
{"o":280.49,"c":280.54,"h":280.54,"l":280.06,"v":771.0,"Time":"2020-12-02T20:00:00Z","Interval":"5min","Figi":"BBG001ZZPQJ6"}
{"o":280.49,"c":280.54,"h":280.54,"l":280.06,"v":871.0,"Time":"2020-12-02T20:00:00Z","Interval":"5min","Figi":"BBG001ZZPQJ6"}
{"o":280.49,"c":280.6,"h":280.6,"l":280.06,"v":874.0,"Time":"2020-12-02T20:00:00Z","Interval":"5min","Figi":"BBG001ZZPQJ6"}
{"o":280.49,"c":280.54,"h":280.6,"l":280.06,"v":1074.0,"Time":"2020-12-02T20:00:00Z","Interval":"5min","Figi":"BBG001ZZPQJ6"}
{"o":280.49,"c":280.53,"h":280.6,"l":280.06,"v":1075.0,"Time":"2020-12-02T20:00:00Z","Interval":"5min","Figi":"BBG001ZZPQJ6"}
{"o":280.49,"c":280.65,"h":280.65,"l":280.06,"v":1076.0,"Time":"2020-12-02T20:00:00Z","Interval":"5min","Figi":"BBG001ZZPQJ6"}
{"o":280.49,"c":280.65,"h":280.65,"l":280.06,"v":1125.0,"Time":"2020-12-02T20:00:00Z","Interval":"5min","Figi":"BBG001ZZPQJ6"}
{"o":280.49,"c":280.63,"h":280.65,"l":280.06,"v":1222.0,"Time":"2020-12-02T20:00:00Z","Interval":"5min","Figi":"BBG001ZZPQJ6"}
{"o":280.49,"c":280.63,"h":280.65,"l":280.06,"v":1325.0,"Time":"2020-12-02T20:00:00Z","Interval":"5min","Figi":"BBG001ZZPQJ6"}
{"o":280.49,"c":280.65,"h":280.65,"l":280.06,"v":1326.0,"Time":"2020-12-02T20:00:00Z","Interval":"5min","Figi":"BBG001ZZPQJ6"}
{"o":280.49,"c":280.65,"h":280.65,"l":280.06,"v":1327.0,"Time":"2020-12-02T20:00:00Z","Interval":"5min","Figi":"BBG001ZZPQJ6"}
{"o":280.49,"c":280.66,"h":280.66,"l":280.06,"v":1358.0,"Time":"2020-12-02T20:00:00Z","Interval":"5min","Figi":"BBG001ZZPQJ6"}
{"o":280.49,"c":280.66,"h":280.66,"l":280.06,"v":1458.0,"Time":"2020-12-02T20:00:00Z","Interval":"5min","Figi":"BBG001ZZPQJ6"}
{"o":280.49,"c":280.66,"h":280.66,"l":280.06,"v":1558.0,"Time":"2020-12-02T20:00:00Z","Interval":"5min","Figi":"BBG001ZZPQJ6"}
{"o":280.49,"c":280.62,"h":280.66,"l":280.06,"v":1559.0,"Time":"2020-12-02T20:00:00Z","Interval":"5min","Figi":"BBG001ZZPQJ6"}
{"o":280.49,"c":280.62,"h":280.66,"l":280.06,"v":1659.0,"Time":"2020-12-02T20:00:00Z","Interval":"5min","Figi":"BBG001ZZPQJ6"}
{"o":280.49,"c":280.58,"h":280.66,"l":280.06,"v":1786.0,"Time":"2020-12-02T20:00:00Z","Interval":"5min","Figi":"BBG001ZZPQJ6"}
{"o":280.49,"c":280.6,"h":280.66,"l":280.06,"v":1886.0,"Time":"2020-12-02T20:00:00Z","Interval":"5min","Figi":"BBG001ZZPQJ6"}
{"o":280.49,"c":280.67,"h":280.67,"l":280.06,"v":2279.0,"Time":"2020-12-02T20:00:00Z","Interval":"5min","Figi":"BBG001ZZPQJ6"}
{"o":280.49,"c":280.59,"h":280.67,"l":280.06,"v":2379.0,"Time":"2020-12-02T20:00:00Z","Interval":"5min","Figi":"BBG001ZZPQJ6"}
{"o":280.49,"c":280.67,"h":280.67,"l":280.06,"v":2599.0,"Time":"2020-12-02T20:00:00Z","Interval":"5min","Figi":"BBG001ZZPQJ6"}
{"o":280.49,"c":280.75,"h":280.75,"l":280.06,"v":2899.0,"Time":"2020-12-02T20:00:00Z","Interval":"5min","Figi":"BBG001ZZPQJ6"}
{"o":280.49,"c":280.88,"h":280.88,"l":280.06,"v":3450.0,"Time":"2020-12-02T20:00:00Z","Interval":"5min","Figi":"BBG001ZZPQJ6"}
{"o":280.49,"c":281.07,"h":281.07,"l":280.06,"v":3802.0,"Time":"2020-12-02T20:00:00Z","Interval":"5min","Figi":"BBG001ZZPQJ6"}
{"o":280.49,"c":281.17,"h":281.17,"l":280.06,"v":4102.0,"Time":"2020-12-02T20:00:00Z","Interval":"5min","Figi":"BBG001ZZPQJ6"}
{"o":280.49,"c":281.21,"h":281.21,"l":280.06,"v":4138.0,"Time":"2020-12-02T20:00:00Z","Interval":"5min","Figi":"BBG001ZZPQJ6"}
{"o":280.49,"c":281.21,"h":281.21,"l":280.06,"v":4202.0,"Time":"2020-12-02T20:00:00Z","Interval":"5min","Figi":"BBG001ZZPQJ6"}
{"o":280.49,"c":281.22,"h":281.22,"l":280.06,"v":4302.0,"Time":"2020-12-02T20:00:00Z","Interval":"5min","Figi":"BBG001ZZPQJ6"}
{"o":280.49,"c":281.22,"h":281.22,"l":280.06,"v":4354.0,"Time":"2020-12-02T20:00:00Z","Interval":"5min","Figi":"BBG001ZZPQJ6"}
{"o":280.49,"c":281.22,"h":281.22,"l":280.06,"v":4402.0,"Time":"2020-12-02T20:00:00Z","Interval":"5min","Figi":"BBG001ZZPQJ6"}
{"o":280.49,"c":281.25,"h":281.25,"l":280.06,"v":4426.0,"Time":"2020-12-02T20:00:00Z","Interval":"5min","Figi":"BBG001ZZPQJ6"}
{"o":280.49,"c":281.25,"h":281.25,"l":280.06,"v":4463.0,"Time":"2020-12-02T20:00:00Z","Interval":"5min","Figi":"BBG001ZZPQJ6"}
{"o":280.49,"c":281.25,"h":281.25,"l":280.06,"v":4466.0,"Time":"2020-12-02T20:00:00Z","Interval":"5min","Figi":"BBG001ZZPQJ6"}
{"o":280.49,"c":281.25,"h":281.25,"l":280.06,"v":4474.0,"Time":"2020-12-02T20:00:00Z","Interval":"5min","Figi":"BBG001ZZPQJ6"}
{"o":280.49,"c":281.25,"h":281.25,"l":280.06,"v":4502.0,"Time":"2020-12-02T20:00:00Z","Interval":"5min","Figi":"BBG001ZZPQJ6"}
{"o":280.49,"c":281.25,"h":281.25,"l":280.06,"v":4602.0,"Time":"2020-12-02T20:00:00Z","Interval":"5min","Figi":"BBG001ZZPQJ6"}
{"o":280.49,"c":281.25,"h":281.25,"l":280.06,"v":4603.0,"Time":"2020-12-02T20:00:00Z","Interval":"5min","Figi":"BBG001ZZPQJ6"}
{"o":280.49,"c":281.25,"h":281.25,"l":280.06,"v":4604.0,"Time":"2020-12-02T20:00:00Z","Interval":"5min","Figi":"BBG001ZZPQJ6"}
{"o":280.49,"c":281.25,"h":281.25,"l":280.06,"v":4605.0,"Time":"2020-12-02T20:00:00Z","Interval":"5min","Figi":"BBG001ZZPQJ6"}
{"o":280.49,"c":281.25,"h":281.25,"l":280.06,"v":4606.0,"Time":"2020-12-02T20:00:00Z","Interval":"5min","Figi":"BBG001ZZPQJ6"}
{"o":280.49,"c":281.25,"h":281.25,"l":280.06,"v":4607.0,"Time":"2020-12-02T20:00:00Z","Interval":"5min","Figi":"BBG001ZZPQJ6"}
{"o":280.49,"c":281.25,"h":281.25,"l":280.06,"v":4608.0,"Time":"2020-12-02T20:00:00Z","Interval":"5min","Figi":"BBG001ZZPQJ6"}
{"o":280.49,"c":281.25,"h":281.25,"l":280.06,"v":4663.0,"Time":"2020-12-02T20:00:00Z","Interval":"5min","Figi":"BBG001ZZPQJ6"}
{"o":280.49,"c":281.25,"h":281.25,"l":280.06,"v":4702.0,"Time":"2020-12-02T20:00:00Z","Interval":"5min","Figi":"BBG001ZZPQJ6"}
{"o":280.49,"c":281.24,"h":281.25,"l":280.06,"v":4802.0,"Time":"2020-12-02T20:00:00Z","Interval":"5min","Figi":"BBG001ZZPQJ6"}
{"o":280.49,"c":281.26,"h":281.26,"l":280.06,"v":4819.0,"Time":"2020-12-02T20:00:00Z","Interval":"5min","Figi":"BBG001ZZPQJ6"}
{"o":280.49,"c":281.26,"h":281.26,"l":280.06,"v":4902.0,"Time":"2020-12-02T20:00:00Z","Interval":"5min","Figi":"BBG001ZZPQJ6"}
{"o":280.49,"c":281.33,"h":281.33,"l":280.06,"v":4966.0,"Time":"2020-12-02T20:00:00Z","Interval":"5min","Figi":"BBG001ZZPQJ6"}
{"o":280.49,"c":281.24,"h":281.33,"l":280.06,"v":5066.0,"Time":"2020-12-02T20:00:00Z","Interval":"5min","Figi":"BBG001ZZPQJ6"}
{"o":280.49,"c":281.14,"h":281.33,"l":280.06,"v":5166.0,"Time":"2020-12-02T20:00:00Z","Interval":"5min","Figi":"BBG001ZZPQJ6"}
{"o":280.49,"c":281.08,"h":281.33,"l":280.06,"v":5216.0,"Time":"2020-12-02T20:00:00Z","Interval":"5min","Figi":"BBG001ZZPQJ6"}
{"o":280.49,"c":281.05,"h":281.33,"l":280.06,"v":5517.0,"Time":"2020-12-02T20:00:00Z","Interval":"5min","Figi":"BBG001ZZPQJ6"}
{"o":280.49,"c":280.98,"h":281.33,"l":280.06,"v":5667.0,"Time":"2020-12-02T20:00:00Z","Interval":"5min","Figi":"BBG001ZZPQJ6"}
{"o":280.49,"c":280.85,"h":281.33,"l":280.06,"v":5791.0,"Time":"2020-12-02T20:00:00Z","Interval":"5min","Figi":"BBG001ZZPQJ6"}
{"o":280.49,"c":280.9,"h":281.33,"l":280.06,"v":5891.0,"Time":"2020-12-02T20:00:00Z","Interval":"5min","Figi":"BBG001ZZPQJ6"}
{"o":280.49,"c":281.14,"h":281.33,"l":280.06,"v":6142.0,"Time":"2020-12-02T20:00:00Z","Interval":"5min","Figi":"BBG001ZZPQJ6"}
{"o":280.49,"c":281.19,"h":281.33,"l":280.06,"v":6214.0,"Time":"2020-12-02T20:00:00Z","Interval":"5min","Figi":"BBG001ZZPQJ6"}
{"o":280.49,"c":281.2,"h":281.33,"l":280.06,"v":6314.0,"Time":"2020-12-02T20:00:00Z","Interval":"5min","Figi":"BBG001ZZPQJ6"}
{"o":280.49,"c":281.2,"h":281.33,"l":280.06,"v":6614.0,"Time":"2020-12-02T20:00:00Z","Interval":"5min","Figi":"BBG001ZZPQJ6"}
{"o":281.22,"c":281.21,"h":281.22,"l":281.21,"v":2.0,"Time":"2020-12-02T20:05:00Z","Interval":"5min","Figi":"BBG001ZZPQJ6"}
{"o":281.22,"c":281.14,"h":281.22,"l":281.14,"v":4.0,"Time":"2020-12-02T20:05:00Z","Interval":"5min","Figi":"BBG001ZZPQJ6"}
{"o":281.22,"c":281.12,"h":281.22,"l":281.12,"v":111.0,"Time":"2020-12-02T20:05:00Z","Interval":"5min","Figi":"BBG001ZZPQJ6"}
{"o":281.22,"c":281.08,"h":281.22,"l":281.08,"v":313.0,"Time":"2020-12-02T20:05:00Z","Interval":"5min","Figi":"BBG001ZZPQJ6"}
{"o":281.22,"c":281.13,"h":281.22,"l":281.08,"v":315.0,"Time":"2020-12-02T20:05:00Z","Interval":"5min","Figi":"BBG001ZZPQJ6"}
{"o":281.22,"c":281.13,"h":281.22,"l":281.08,"v":516.0,"Time":"2020-12-02T20:05:00Z","Interval":"5min","Figi":"BBG001ZZPQJ6"}
{"o":281.22,"c":281.05,"h":281.22,"l":281.05,"v":533.0,"Time":"2020-12-02T20:05:00Z","Interval":"5min","Figi":"BBG001ZZPQJ6"}
{"o":281.22,"c":281.03,"h":281.22,"l":281.03,"v":634.0,"Time":"2020-12-02T20:05:00Z","Interval":"5min","Figi":"BBG001ZZPQJ6"}
{"o":281.22,"c":280.98,"h":281.22,"l":280.98,"v":644.0,"Time":"2020-12-02T20:05:00Z","Interval":"5min","Figi":"BBG001ZZPQJ6"}
{"o":281.22,"c":280.91,"h":281.22,"l":280.91,"v":744.0,"Time":"2020-12-02T20:05:00Z","Interval":"5min","Figi":"BBG001ZZPQJ6"}
{"o":281.22,"c":280.91,"h":281.22,"l":280.91,"v":844.0,"Time":"2020-12-02T20:05:00Z","Interval":"5min","Figi":"BBG001ZZPQJ6"}
{"o":281.22,"c":280.93,"h":281.22,"l":280.91,"v":850.0,"Time":"2020-12-02T20:05:00Z","Interval":"5min","Figi":"BBG001ZZPQJ6"}
{"o":281.22,"c":280.92,"h":281.22,"l":280.91,"v":950.0,"Time":"2020-12-02T20:05:00Z","Interval":"5min","Figi":"BBG001ZZPQJ6"}
{"o":281.22,"c":281.09,"h":281.22,"l":280.91,"v":1024.0,"Time":"2020-12-02T20:05:00Z","Interval":"5min","Figi":"BBG001ZZPQJ6"}
{"o":281.22,"c":281.09,"h":281.22,"l":280.91,"v":1083.0,"Time":"2020-12-02T20:05:00Z","Interval":"5min","Figi":"BBG001ZZPQJ6"}
{"o":281.22,"c":280.99,"h":281.22,"l":280.91,"v":1297.0,"Time":"2020-12-02T20:05:00Z","Interval":"5min","Figi":"BBG001ZZPQJ6"}
{"o":281.22,"c":281.11,"h":281.22,"l":280.91,"v":1760.0,"Time":"2020-12-02T20:05:00Z","Interval":"5min","Figi":"BBG001ZZPQJ6"}
{"o":281.22,"c":281.1,"h":281.22,"l":280.91,"v":1860.0,"Time":"2020-12-02T20:05:00Z","Interval":"5min","Figi":"BBG001ZZPQJ6"}
{"o":281.22,"c":281.01,"h":281.22,"l":280.91,"v":1863.0,"Time":"2020-12-02T20:05:00Z","Interval":"5min","Figi":"BBG001ZZPQJ6"}
{"o":281.22,"c":281.1,"h":281.22,"l":280.91,"v":1963.0,"Time":"2020-12-02T20:05:00Z","Interval":"5min","Figi":"BBG001ZZPQJ6"}
{"o":281.22,"c":281.11,"h":281.22,"l":280.91,"v":2100.0,"Time":"2020-12-02T20:05:00Z","Interval":"5min","Figi":"BBG001ZZPQJ6"}
{"o":281.22,"c":281.21,"h":281.22,"l":280.91,"v":2122.0,"Time":"2020-12-02T20:05:00Z","Interval":"5min","Figi":"BBG001ZZPQJ6"}
{"o":281.22,"c":281.13,"h":281.22,"l":280.91,"v":2293.0,"Time":"2020-12-02T20:05:00Z","Interval":"5min","Figi":"BBG001ZZPQJ6"}
{"o":281.22,"c":281.3,"h":281.3,"l":280.91,"v":2300.0,"Time":"2020-12-02T20:05:00Z","Interval":"5min","Figi":"BBG001ZZPQJ6"}
{"o":281.22,"c":281.36,"h":281.36,"l":280.91,"v":4411.0,"Time":"2020-12-02T20:05:00Z","Interval":"5min","Figi":"BBG001ZZPQJ6"}
{"o":281.22,"c":281.36,"h":281.36,"l":280.91,"v":4511.0,"Time":"2020-12-02T20:05:00Z","Interval":"5min","Figi":"BBG001ZZPQJ6"}
{"o":281.22,"c":281.36,"h":281.36,"l":280.91,"v":4582.0,"Time":"2020-12-02T20:05:00Z","Interval":"5min","Figi":"BBG001ZZPQJ6"}
{"o":281.22,"c":281.44,"h":281.44,"l":280.91,"v":4682.0,"Time":"2020-12-02T20:05:00Z","Interval":"5min","Figi":"BBG001ZZPQJ6"}
{"o":281.22,"c":281.47,"h":281.47,"l":280.91,"v":4706.0,"Time":"2020-12-02T20:05:00Z","Interval":"5min","Figi":"BBG001ZZPQJ6"}
{"o":281.22,"c":281.41,"h":281.47,"l":280.91,"v":4806.0,"Time":"2020-12-02T20:05:00Z","Interval":"5min","Figi":"BBG001ZZPQJ6"}
{"o":281.22,"c":281.49,"h":281.49,"l":280.91,"v":5157.0,"Time":"2020-12-02T20:05:00Z","Interval":"5min","Figi":"BBG001ZZPQJ6"}
{"o":281.22,"c":281.49,"h":281.49,"l":280.91,"v":5556.0,"Time":"2020-12-02T20:05:00Z","Interval":"5min","Figi":"BBG001ZZPQJ6"}
{"o":281.22,"c":281.54,"h":281.54,"l":280.91,"v":5557.0,"Time":"2020-12-02T20:05:00Z","Interval":"5min","Figi":"BBG001ZZPQJ6"}
{"o":281.22,"c":281.54,"h":281.54,"l":280.91,"v":5558.0,"Time":"2020-12-02T20:05:00Z","Interval":"5min","Figi":"BBG001ZZPQJ6"}
{"o":281.22,"c":281.55,"h":281.55,"l":280.91,"v":5827.0,"Time":"2020-12-02T20:05:00Z","Interval":"5min","Figi":"BBG001ZZPQJ6"}
{"o":281.22,"c":281.55,"h":281.55,"l":280.91,"v":5951.0,"Time":"2020-12-02T20:05:00Z","Interval":"5min","Figi":"BBG001ZZPQJ6"}
{"o":281.22,"c":281.63,"h":281.63,"l":280.91,"v":6051.0,"Time":"2020-12-02T20:05:00Z","Interval":"5min","Figi":"BBG001ZZPQJ6"}
{"o":281.22,"c":281.56,"h":281.63,"l":280.91,"v":6351.0,"Time":"2020-12-02T20:05:00Z","Interval":"5min","Figi":"BBG001ZZPQJ6"}
{"o":281.22,"c":281.56,"h":281.63,"l":280.91,"v":6451.0,"Time":"2020-12-02T20:05:00Z","Interval":"5min","Figi":"BBG001ZZPQJ6"}
{"o":281.22,"c":281.55,"h":281.63,"l":280.91,"v":6551.0,"Time":"2020-12-02T20:05:00Z","Interval":"5min","Figi":"BBG001ZZPQJ6"}
{"o":281.22,"c":281.55,"h":281.63,"l":280.91,"v":6651.0,"Time":"2020-12-02T20:05:00Z","Interval":"5min","Figi":"BBG001ZZPQJ6"}
{"o":281.22,"c":281.55,"h":281.63,"l":280.91,"v":6858.0,"Time":"2020-12-02T20:05:00Z","Interval":"5min","Figi":"BBG001ZZPQJ6"}
{"o":281.22,"c":281.48,"h":281.63,"l":280.91,"v":7070.0,"Time":"2020-12-02T20:05:00Z","Interval":"5min","Figi":"BBG001ZZPQJ6"}
{"o":281.22,"c":281.48,"h":281.63,"l":280.91,"v":7170.0,"Time":"2020-12-02T20:05:00Z","Interval":"5min","Figi":"BBG001ZZPQJ6"}
{"o":281.22,"c":281.47,"h":281.63,"l":280.91,"v":7270.0,"Time":"2020-12-02T20:05:00Z","Interval":"5min","Figi":"BBG001ZZPQJ6"}
{"o":281.22,"c":281.39,"h":281.63,"l":280.91,"v":7505.0,"Time":"2020-12-02T20:05:00Z","Interval":"5min","Figi":"BBG001ZZPQJ6"}
{"o":281.22,"c":281.4,"h":281.63,"l":280.91,"v":7507.0,"Time":"2020-12-02T20:05:00Z","Interval":"5min","Figi":"BBG001ZZPQJ6"}
{"o":281.22,"c":281.47,"h":281.63,"l":280.91,"v":7607.0,"Time":"2020-12-02T20:05:00Z","Interval":"5min","Figi":"BBG001ZZPQJ6"}
{"o":281.22,"c":281.47,"h":281.63,"l":280.91,"v":7835.0,"Time":"2020-12-02T20:05:00Z","Interval":"5min","Figi":"BBG001ZZPQJ6"}
{"o":281.22,"c":281.48,"h":281.63,"l":280.91,"v":7868.0,"Time":"2020-12-02T20:05:00Z","Interval":"5min","Figi":"BBG001ZZPQJ6"}
{"o":281.22,"c":281.67,"h":281.67,"l":280.91,"v":8151.0,"Time":"2020-12-02T20:05:00Z","Interval":"5min","Figi":"BBG001ZZPQJ6"}
{"o":281.74,"c":281.75,"h":281.75,"l":281.74,"v":4.0,"Time":"2020-12-02T20:10:00Z","Interval":"5min","Figi":"BBG001ZZPQJ6"}
{"o":281.74,"c":281.7,"h":281.75,"l":281.7,"v":14.0,"Time":"2020-12-02T20:10:00Z","Interval":"5min","Figi":"BBG001ZZPQJ6"}
{"o":281.74,"c":281.81,"h":281.81,"l":281.7,"v":20.0,"Time":"2020-12-02T20:10:00Z","Interval":"5min","Figi":"BBG001ZZPQJ6"}
{"o":281.74,"c":281.81,"h":281.81,"l":281.7,"v":21.0,"Time":"2020-12-02T20:10:00Z","Interval":"5min","Figi":"BBG001ZZPQJ6"}
{"o":281.74,"c":281.72,"h":281.81,"l":281.7,"v":23.0,"Time":"2020-12-02T20:10:00Z","Interval":"5min","Figi":"BBG001ZZPQJ6"}
{"o":281.74,"c":281.66,"h":281.81,"l":281.66,"v":174.0,"Time":"2020-12-02T20:10:00Z","Interval":"5min","Figi":"BBG001ZZPQJ6"}
{"o":281.74,"c":281.65,"h":281.81,"l":281.65,"v":524.0,"Time":"2020-12-02T20:10:00Z","Interval":"5min","Figi":"BBG001ZZPQJ6"}
{"o":281.74,"c":281.72,"h":281.81,"l":281.65,"v":615.0,"Time":"2020-12-02T20:10:00Z","Interval":"5min","Figi":"BBG001ZZPQJ6"}
{"o":281.74,"c":281.77,"h":281.81,"l":281.65,"v":636.0,"Time":"2020-12-02T20:10:00Z","Interval":"5min","Figi":"BBG001ZZPQJ6"}
{"o":281.74,"c":281.81,"h":281.81,"l":281.65,"v":637.0,"Time":"2020-12-02T20:10:00Z","Interval":"5min","Figi":"BBG001ZZPQJ6"}
{"o":281.74,"c":281.67,"h":281.81,"l":281.65,"v":763.0,"Time":"2020-12-02T20:10:00Z","Interval":"5min","Figi":"BBG001ZZPQJ6"}
{"o":281.74,"c":281.67,"h":281.81,"l":281.65,"v":813.0,"Time":"2020-12-02T20:10:00Z","Interval":"5min","Figi":"BBG001ZZPQJ6"}
{"o":281.74,"c":281.73,"h":281.81,"l":281.65,"v":904.0,"Time":"2020-12-02T20:10:00Z","Interval":"5min","Figi":"BBG001ZZPQJ6"}
{"o":281.74,"c":281.73,"h":281.81,"l":281.65,"v":914.0,"Time":"2020-12-02T20:10:00Z","Interval":"5min","Figi":"BBG001ZZPQJ6"}
{"o":281.74,"c":281.75,"h":281.81,"l":281.65,"v":1013.0,"Time":"2020-12-02T20:10:00Z","Interval":"5min","Figi":"BBG001ZZPQJ6"}
{"o":281.74,"c":281.73,"h":281.81,"l":281.65,"v":1014.0,"Time":"2020-12-02T20:10:00Z","Interval":"5min","Figi":"BBG001ZZPQJ6"}
{"o":281.74,"c":281.82,"h":281.82,"l":281.65,"v":1034.0,"Time":"2020-12-02T20:10:00Z","Interval":"5min","Figi":"BBG001ZZPQJ6"}
{"o":281.74,"c":281.7,"h":281.82,"l":281.64,"v":1172.0,"Time":"2020-12-02T20:10:00Z","Interval":"5min","Figi":"BBG001ZZPQJ6"}
{"o":281.74,"c":281.64,"h":281.82,"l":281.64,"v":1283.0,"Time":"2020-12-02T20:10:00Z","Interval":"5min","Figi":"BBG001ZZPQJ6"}
{"o":281.74,"c":281.83,"h":281.83,"l":281.64,"v":1506.0,"Time":"2020-12-02T20:10:00Z","Interval":"5min","Figi":"BBG001ZZPQJ6"}
{"o":281.74,"c":281.91,"h":281.91,"l":281.64,"v":1519.0,"Time":"2020-12-02T20:10:00Z","Interval":"5min","Figi":"BBG001ZZPQJ6"}
{"o":281.74,"c":282.0,"h":282.0,"l":281.64,"v":1529.0,"Time":"2020-12-02T20:10:00Z","Interval":"5min","Figi":"BBG001ZZPQJ6"}
{"o":281.74,"c":282.0,"h":282.0,"l":281.64,"v":1655.0,"Time":"2020-12-02T20:10:00Z","Interval":"5min","Figi":"BBG001ZZPQJ6"}
{"o":281.74,"c":282.0,"h":282.0,"l":281.64,"v":2001.0,"Time":"2020-12-02T20:10:00Z","Interval":"5min","Figi":"BBG001ZZPQJ6"}
{"o":281.74,"c":282.06,"h":282.06,"l":281.64,"v":2008.0,"Time":"2020-12-02T20:10:00Z","Interval":"5min","Figi":"BBG001ZZPQJ6"}
{"o":281.74,"c":282.06,"h":282.06,"l":281.64,"v":2025.0,"Time":"2020-12-02T20:10:00Z","Interval":"5min","Figi":"BBG001ZZPQJ6"}
{"o":281.74,"c":282.0,"h":282.06,"l":281.64,"v":2125.0,"Time":"2020-12-02T20:10:00Z","Interval":"5min","Figi":"BBG001ZZPQJ6"}
{"o":281.74,"c":282.07,"h":282.07,"l":281.64,"v":2226.0,"Time":"2020-12-02T20:10:00Z","Interval":"5min","Figi":"BBG001ZZPQJ6"}
{"o":281.74,"c":282.07,"h":282.07,"l":281.64,"v":2230.0,"Time":"2020-12-02T20:10:00Z","Interval":"5min","Figi":"BBG001ZZPQJ6"}
{"o":281.74,"c":282.1,"h":282.1,"l":281.64,"v":2246.0,"Time":"2020-12-02T20:10:00Z","Interval":"5min","Figi":"BBG001ZZPQJ6"}
{"o":281.74,"c":282.1,"h":282.1,"l":281.64,"v":2247.0,"Time":"2020-12-02T20:10:00Z","Interval":"5min","Figi":"BBG001ZZPQJ6"}
{"o":281.74,"c":282.0,"h":282.1,"l":281.64,"v":2454.0,"Time":"2020-12-02T20:10:00Z","Interval":"5min","Figi":"BBG001ZZPQJ6"}
{"o":281.74,"c":281.89,"h":282.1,"l":281.64,"v":2762.0,"Time":"2020-12-02T20:10:00Z","Interval":"5min","Figi":"BBG001ZZPQJ6"}
{"o":281.74,"c":281.83,"h":282.1,"l":281.64,"v":2764.0,"Time":"2020-12-02T20:10:00Z","Interval":"5min","Figi":"BBG001ZZPQJ6"}
{"o":281.74,"c":281.8,"h":282.1,"l":281.64,"v":2779.0,"Time":"2020-12-02T20:10:00Z","Interval":"5min","Figi":"BBG001ZZPQJ6"}
{"o":281.74,"c":281.79,"h":282.1,"l":281.64,"v":2787.0,"Time":"2020-12-02T20:10:00Z","Interval":"5min","Figi":"BBG001ZZPQJ6"}
{"o":281.74,"c":281.71,"h":282.1,"l":281.64,"v":2788.0,"Time":"2020-12-02T20:10:00Z","Interval":"5min","Figi":"BBG001ZZPQJ6"}
{"o":281.81,"c":281.81,"h":281.81,"l":281.81,"v":8.0,"Time":"2020-12-02T20:15:00Z","Interval":"5min","Figi":"BBG001ZZPQJ6"}
{"o":281.81,"c":281.81,"h":281.81,"l":281.81,"v":9.0,"Time":"2020-12-02T20:15:00Z","Interval":"5min","Figi":"BBG001ZZPQJ6"}
{"o":281.81,"c":281.76,"h":281.81,"l":281.76,"v":109.0,"Time":"2020-12-02T20:15:00Z","Interval":"5min","Figi":"BBG001ZZPQJ6"}
{"o":281.81,"c":281.65,"h":281.81,"l":281.65,"v":113.0,"Time":"2020-12-02T20:15:00Z","Interval":"5min","Figi":"BBG001ZZPQJ6"}
{"o":281.81,"c":281.68,"h":281.81,"l":281.65,"v":213.0,"Time":"2020-12-02T20:15:00Z","Interval":"5min","Figi":"BBG001ZZPQJ6"}
{"o":281.81,"c":281.72,"h":281.81,"l":281.65,"v":513.0,"Time":"2020-12-02T20:15:00Z","Interval":"5min","Figi":"BBG001ZZPQJ6"}
{"o":281.81,"c":281.6,"h":281.81,"l":281.6,"v":655.0,"Time":"2020-12-02T20:15:00Z","Interval":"5min","Figi":"BBG001ZZPQJ6"}
{"o":281.81,"c":281.6,"h":281.81,"l":281.6,"v":715.0,"Time":"2020-12-02T20:15:00Z","Interval":"5min","Figi":"BBG001ZZPQJ6"}
{"o":281.81,"c":281.5,"h":281.81,"l":281.5,"v":893.0,"Time":"2020-12-02T20:15:00Z","Interval":"5min","Figi":"BBG001ZZPQJ6"}
{"o":281.81,"c":281.5,"h":281.81,"l":281.5,"v":1143.0,"Time":"2020-12-02T20:15:00Z","Interval":"5min","Figi":"BBG001ZZPQJ6"}
{"o":281.81,"c":281.37,"h":281.81,"l":281.37,"v":1146.0,"Time":"2020-12-02T20:15:00Z","Interval":"5min","Figi":"BBG001ZZPQJ6"}
{"o":281.81,"c":281.45,"h":281.81,"l":281.37,"v":1153.0,"Time":"2020-12-02T20:15:00Z","Interval":"5min","Figi":"BBG001ZZPQJ6"}
{"o":281.81,"c":281.56,"h":281.81,"l":281.37,"v":1183.0,"Time":"2020-12-02T20:15:00Z","Interval":"5min","Figi":"BBG001ZZPQJ6"}
{"o":281.81,"c":281.68,"h":281.81,"l":281.37,"v":1193.0,"Time":"2020-12-02T20:15:00Z","Interval":"5min","Figi":"BBG001ZZPQJ6"}
{"o":281.81,"c":281.68,"h":281.81,"l":281.37,"v":1194.0,"Time":"2020-12-02T20:15:00Z","Interval":"5min","Figi":"BBG001ZZPQJ6"}
{"o":281.81,"c":281.58,"h":281.81,"l":281.37,"v":1197.0,"Time":"2020-12-02T20:15:00Z","Interval":"5min","Figi":"BBG001ZZPQJ6"}
{"o":281.81,"c":281.48,"h":281.81,"l":281.37,"v":1400.0,"Time":"2020-12-02T20:15:00Z","Interval":"5min","Figi":"BBG001ZZPQJ6"}
{"o":281.81,"c":281.49,"h":281.81,"l":281.37,"v":1500.0,"Time":"2020-12-02T20:15:00Z","Interval":"5min","Figi":"BBG001ZZPQJ6"}
{"o":281.81,"c":281.32,"h":281.81,"l":281.32,"v":1513.0,"Time":"2020-12-02T20:15:00Z","Interval":"5min","Figi":"BBG001ZZPQJ6"}
{"o":281.81,"c":281.31,"h":281.81,"l":281.31,"v":1515.0,"Time":"2020-12-02T20:15:00Z","Interval":"5min","Figi":"BBG001ZZPQJ6"}
{"o":281.81,"c":281.2,"h":281.81,"l":281.2,"v":1615.0,"Time":"2020-12-02T20:15:00Z","Interval":"5min","Figi":"BBG001ZZPQJ6"}
{"o":281.81,"c":281.13,"h":281.81,"l":281.13,"v":1617.0,"Time":"2020-12-02T20:15:00Z","Interval":"5min","Figi":"BBG001ZZPQJ6"}
{"o":281.81,"c":281.17,"h":281.81,"l":281.1,"v":1855.0,"Time":"2020-12-02T20:15:00Z","Interval":"5min","Figi":"BBG001ZZPQJ6"}
{"o":281.81,"c":281.17,"h":281.81,"l":281.1,"v":1861.0,"Time":"2020-12-02T20:15:00Z","Interval":"5min","Figi":"BBG001ZZPQJ6"}
{"o":281.81,"c":281.11,"h":281.81,"l":281.1,"v":1862.0,"Time":"2020-12-02T20:15:00Z","Interval":"5min","Figi":"BBG001ZZPQJ6"}
{"o":281.81,"c":281.17,"h":281.81,"l":281.1,"v":1863.0,"Time":"2020-12-02T20:15:00Z","Interval":"5min","Figi":"BBG001ZZPQJ6"}
{"o":281.81,"c":281.17,"h":281.81,"l":281.1,"v":1900.0,"Time":"2020-12-02T20:15:00Z","Interval":"5min","Figi":"BBG001ZZPQJ6"}
{"o":281.81,"c":281.17,"h":281.81,"l":281.1,"v":1972.0,"Time":"2020-12-02T20:15:00Z","Interval":"5min","Figi":"BBG001ZZPQJ6"}
{"o":281.81,"c":281.17,"h":281.81,"l":281.1,"v":2022.0,"Time":"2020-12-02T20:15:00Z","Interval":"5min","Figi":"BBG001ZZPQJ6"}
{"o":281.81,"c":281.08,"h":281.81,"l":281.08,"v":2025.0,"Time":"2020-12-02T20:15:00Z","Interval":"5min","Figi":"BBG001ZZPQJ6"}
{"o":281.81,"c":280.89,"h":281.81,"l":280.89,"v":2242.0,"Time":"2020-12-02T20:15:00Z","Interval":"5min","Figi":"BBG001ZZPQJ6"}
{"o":281.81,"c":280.89,"h":281.81,"l":280.89,"v":2342.0,"Time":"2020-12-02T20:15:00Z","Interval":"5min","Figi":"BBG001ZZPQJ6"}
{"o":281.81,"c":280.83,"h":281.81,"l":280.83,"v":2442.0,"Time":"2020-12-02T20:15:00Z","Interval":"5min","Figi":"BBG001ZZPQJ6"}
{"o":281.81,"c":281.01,"h":281.81,"l":280.82,"v":2596.0,"Time":"2020-12-02T20:15:00Z","Interval":"5min","Figi":"BBG001ZZPQJ6"}
{"o":281.81,"c":281.16,"h":281.81,"l":280.82,"v":3207.0,"Time":"2020-12-02T20:15:00Z","Interval":"5min","Figi":"BBG001ZZPQJ6"}
{"o":281.81,"c":281.16,"h":281.81,"l":280.82,"v":3283.0,"Time":"2020-12-02T20:15:00Z","Interval":"5min","Figi":"BBG001ZZPQJ6"}
{"o":281.81,"c":281.16,"h":281.81,"l":280.82,"v":3319.0,"Time":"2020-12-02T20:15:00Z","Interval":"5min","Figi":"BBG001ZZPQJ6"}
{"o":281.81,"c":281.16,"h":281.81,"l":280.82,"v":3322.0,"Time":"2020-12-02T20:15:00Z","Interval":"5min","Figi":"BBG001ZZPQJ6"}
{"o":281.81,"c":281.16,"h":281.81,"l":280.82,"v":3324.0,"Time":"2020-12-02T20:15:00Z","Interval":"5min","Figi":"BBG001ZZPQJ6"}
{"o":281.81,"c":281.16,"h":281.81,"l":280.82,"v":3361.0,"Time":"2020-12-02T20:15:00Z","Interval":"5min","Figi":"BBG001ZZPQJ6"}
{"o":281.81,"c":281.16,"h":281.81,"l":280.82,"v":3398.0,"Time":"2020-12-02T20:15:00Z","Interval":"5min","Figi":"BBG001ZZPQJ6"}
{"o":281.81,"c":280.97,"h":281.81,"l":280.82,"v":3459.0,"Time":"2020-12-02T20:15:00Z","Interval":"5min","Figi":"BBG001ZZPQJ6"}
{"o":281.81,"c":280.95,"h":281.81,"l":280.82,"v":3582.0,"Time":"2020-12-02T20:15:00Z","Interval":"5min","Figi":"BBG001ZZPQJ6"}
{"o":281.81,"c":280.96,"h":281.81,"l":280.82,"v":3624.0,"Time":"2020-12-02T20:15:00Z","Interval":"5min","Figi":"BBG001ZZPQJ6"}
{"o":281.81,"c":280.96,"h":281.81,"l":280.82,"v":3695.0,"Time":"2020-12-02T20:15:00Z","Interval":"5min","Figi":"BBG001ZZPQJ6"}
{"o":281.81,"c":281.16,"h":281.81,"l":280.82,"v":3795.0,"Time":"2020-12-02T20:15:00Z","Interval":"5min","Figi":"BBG001ZZPQJ6"}
{"o":281.81,"c":281.16,"h":281.81,"l":280.82,"v":3937.0,"Time":"2020-12-02T20:15:00Z","Interval":"5min","Figi":"BBG001ZZPQJ6"}
{"o":281.81,"c":281.16,"h":281.81,"l":280.82,"v":3956.0,"Time":"2020-12-02T20:15:00Z","Interval":"5min","Figi":"BBG001ZZPQJ6"}
{"o":281.81,"c":281.0,"h":281.81,"l":280.82,"v":3957.0,"Time":"2020-12-02T20:15:00Z","Interval":"5min","Figi":"BBG001ZZPQJ6"}
{"o":281.81,"c":281.16,"h":281.81,"l":280.82,"v":3973.0,"Time":"2020-12-02T20:15:00Z","Interval":"5min","Figi":"BBG001ZZPQJ6"}
{"o":281.81,"c":281.16,"h":281.81,"l":280.82,"v":4174.0,"Time":"2020-12-02T20:15:00Z","Interval":"5min","Figi":"BBG001ZZPQJ6"}
{"o":281.81,"c":281.16,"h":281.81,"l":280.82,"v":4190.0,"Time":"2020-12-02T20:15:00Z","Interval":"5min","Figi":"BBG001ZZPQJ6"}
{"o":281.81,"c":281.16,"h":281.81,"l":280.82,"v":4198.0,"Time":"2020-12-02T20:15:00Z","Interval":"5min","Figi":"BBG001ZZPQJ6"}
{"o":281.81,"c":281.22,"h":281.81,"l":280.82,"v":4271.0,"Time":"2020-12-02T20:15:00Z","Interval":"5min","Figi":"BBG001ZZPQJ6"}
{"o":281.81,"c":281.22,"h":281.81,"l":280.82,"v":4276.0,"Time":"2020-12-02T20:15:00Z","Interval":"5min","Figi":"BBG001ZZPQJ6"}
{"o":281.81,"c":281.21,"h":281.81,"l":280.82,"v":4576.0,"Time":"2020-12-02T20:15:00Z","Interval":"5min","Figi":"BBG001ZZPQJ6"}
{"o":281.81,"c":281.22,"h":281.81,"l":280.82,"v":4671.0,"Time":"2020-12-02T20:15:00Z","Interval":"5min","Figi":"BBG001ZZPQJ6"}
{"o":281.81,"c":281.22,"h":281.81,"l":280.82,"v":4676.0,"Time":"2020-12-02T20:15:00Z","Interval":"5min","Figi":"BBG001ZZPQJ6"}
{"o":281.81,"c":281.13,"h":281.81,"l":280.82,"v":4677.0,"Time":"2020-12-02T20:15:00Z","Interval":"5min","Figi":"BBG001ZZPQJ6"}
{"o":281.81,"c":281.13,"h":281.81,"l":280.82,"v":4777.0,"Time":"2020-12-02T20:15:00Z","Interval":"5min","Figi":"BBG001ZZPQJ6"}
{"o":281.81,"c":281.0,"h":281.81,"l":280.82,"v":5066.0,"Time":"2020-12-02T20:15:00Z","Interval":"5min","Figi":"BBG001ZZPQJ6"}
{"o":281.81,"c":281.09,"h":281.81,"l":280.82,"v":5170.0,"Time":"2020-12-02T20:15:00Z","Interval":"5min","Figi":"BBG001ZZPQJ6"}
{"o":281.81,"c":281.15,"h":281.81,"l":280.82,"v":5274.0,"Time":"2020-12-02T20:15:00Z","Interval":"5min","Figi":"BBG001ZZPQJ6"}
{"o":281.81,"c":281.04,"h":281.81,"l":280.82,"v":5275.0,"Time":"2020-12-02T20:15:00Z","Interval":"5min","Figi":"BBG001ZZPQJ6"}
{"o":281.81,"c":281.04,"h":281.81,"l":280.82,"v":5375.0,"Time":"2020-12-02T20:15:00Z","Interval":"5min","Figi":"BBG001ZZPQJ6"}
{"o":281.81,"c":280.91,"h":281.81,"l":280.82,"v":5377.0,"Time":"2020-12-02T20:15:00Z","Interval":"5min","Figi":"BBG001ZZPQJ6"}
{"o":281.81,"c":280.86,"h":281.81,"l":280.82,"v":5512.0,"Time":"2020-12-02T20:15:00Z","Interval":"5min","Figi":"BBG001ZZPQJ6"}
{"o":280.88,"c":280.88,"h":280.88,"l":280.88,"v":2.0,"Time":"2020-12-02T20:20:00Z","Interval":"5min","Figi":"BBG001ZZPQJ6"}
{"o":280.88,"c":281.16,"h":281.16,"l":280.88,"v":3.0,"Time":"2020-12-02T20:20:00Z","Interval":"5min","Figi":"BBG001ZZPQJ6"}
{"o":280.88,"c":281.15,"h":281.16,"l":280.88,"v":53.0,"Time":"2020-12-02T20:20:00Z","Interval":"5min","Figi":"BBG001ZZPQJ6"}
{"o":280.88,"c":281.16,"h":281.16,"l":280.88,"v":104.0,"Time":"2020-12-02T20:20:00Z","Interval":"5min","Figi":"BBG001ZZPQJ6"}
{"o":280.88,"c":281.16,"h":281.16,"l":280.88,"v":105.0,"Time":"2020-12-02T20:20:00Z","Interval":"5min","Figi":"BBG001ZZPQJ6"}
{"o":280.88,"c":281.16,"h":281.16,"l":280.88,"v":106.0,"Time":"2020-12-02T20:20:00Z","Interval":"5min","Figi":"BBG001ZZPQJ6"}
{"o":280.88,"c":281.16,"h":281.16,"l":280.88,"v":107.0,"Time":"2020-12-02T20:20:00Z","Interval":"5min","Figi":"BBG001ZZPQJ6"}
{"o":280.88,"c":281.11,"h":281.16,"l":280.88,"v":108.0,"Time":"2020-12-02T20:20:00Z","Interval":"5min","Figi":"BBG001ZZPQJ6"}
{"o":280.88,"c":281.03,"h":281.16,"l":280.88,"v":123.0,"Time":"2020-12-02T20:20:00Z","Interval":"5min","Figi":"BBG001ZZPQJ6"}
{"o":280.88,"c":281.02,"h":281.16,"l":280.88,"v":323.0,"Time":"2020-12-02T20:20:00Z","Interval":"5min","Figi":"BBG001ZZPQJ6"}
{"o":280.88,"c":281.09,"h":281.16,"l":280.88,"v":349.0,"Time":"2020-12-02T20:20:00Z","Interval":"5min","Figi":"BBG001ZZPQJ6"}
{"o":280.88,"c":281.16,"h":281.16,"l":280.88,"v":361.0,"Time":"2020-12-02T20:20:00Z","Interval":"5min","Figi":"BBG001ZZPQJ6"}
{"o":280.88,"c":281.16,"h":281.16,"l":280.88,"v":457.0,"Time":"2020-12-02T20:20:00Z","Interval":"5min","Figi":"BBG001ZZPQJ6"}
{"o":280.88,"c":281.16,"h":281.16,"l":280.88,"v":591.0,"Time":"2020-12-02T20:20:00Z","Interval":"5min","Figi":"BBG001ZZPQJ6"}
{"o":280.88,"c":281.2,"h":281.2,"l":280.88,"v":621.0,"Time":"2020-12-02T20:20:00Z","Interval":"5min","Figi":"BBG001ZZPQJ6"}
{"o":280.88,"c":281.27,"h":281.27,"l":280.88,"v":625.0,"Time":"2020-12-02T20:20:00Z","Interval":"5min","Figi":"BBG001ZZPQJ6"}
{"o":280.88,"c":281.33,"h":281.33,"l":280.88,"v":725.0,"Time":"2020-12-02T20:20:00Z","Interval":"5min","Figi":"BBG001ZZPQJ6"}
{"o":280.88,"c":281.34,"h":281.34,"l":280.88,"v":925.0,"Time":"2020-12-02T20:20:00Z","Interval":"5min","Figi":"BBG001ZZPQJ6"}
{"o":280.88,"c":281.3,"h":281.34,"l":280.88,"v":975.0,"Time":"2020-12-02T20:20:00Z","Interval":"5min","Figi":"BBG001ZZPQJ6"}
{"o":280.88,"c":281.39,"h":281.39,"l":280.88,"v":1075.0,"Time":"2020-12-02T20:20:00Z","Interval":"5min","Figi":"BBG001ZZPQJ6"}
{"o":280.88,"c":281.39,"h":281.39,"l":280.88,"v":1078.0,"Time":"2020-12-02T20:20:00Z","Interval":"5min","Figi":"BBG001ZZPQJ6"}
{"o":280.88,"c":281.28,"h":281.39,"l":280.88,"v":1085.0,"Time":"2020-12-02T20:20:00Z","Interval":"5min","Figi":"BBG001ZZPQJ6"}
{"o":280.88,"c":281.36,"h":281.39,"l":280.88,"v":1185.0,"Time":"2020-12-02T20:20:00Z","Interval":"5min","Figi":"BBG001ZZPQJ6"}
{"o":280.88,"c":281.48,"h":281.48,"l":280.88,"v":1189.0,"Time":"2020-12-02T20:20:00Z","Interval":"5min","Figi":"BBG001ZZPQJ6"}
{"o":280.88,"c":281.5,"h":281.5,"l":280.88,"v":1192.0,"Time":"2020-12-02T20:20:00Z","Interval":"5min","Figi":"BBG001ZZPQJ6"}
{"o":280.88,"c":281.5,"h":281.5,"l":280.88,"v":1194.0,"Time":"2020-12-02T20:20:00Z","Interval":"5min","Figi":"BBG001ZZPQJ6"}
{"o":280.88,"c":281.51,"h":281.51,"l":280.88,"v":1197.0,"Time":"2020-12-02T20:20:00Z","Interval":"5min","Figi":"BBG001ZZPQJ6"}
{"o":280.88,"c":281.53,"h":281.53,"l":280.88,"v":1199.0,"Time":"2020-12-02T20:20:00Z","Interval":"5min","Figi":"BBG001ZZPQJ6"}
{"o":280.88,"c":281.54,"h":281.54,"l":280.88,"v":1200.0,"Time":"2020-12-02T20:20:00Z","Interval":"5min","Figi":"BBG001ZZPQJ6"}
{"o":280.88,"c":281.5,"h":281.54,"l":280.88,"v":1204.0,"Time":"2020-12-02T20:20:00Z","Interval":"5min","Figi":"BBG001ZZPQJ6"}
{"o":280.88,"c":281.5,"h":281.54,"l":280.88,"v":1206.0,"Time":"2020-12-02T20:20:00Z","Interval":"5min","Figi":"BBG001ZZPQJ6"}
{"o":280.88,"c":281.5,"h":281.54,"l":280.88,"v":1209.0,"Time":"2020-12-02T20:20:00Z","Interval":"5min","Figi":"BBG001ZZPQJ6"}
{"o":280.88,"c":281.5,"h":281.54,"l":280.88,"v":1210.0,"Time":"2020-12-02T20:20:00Z","Interval":"5min","Figi":"BBG001ZZPQJ6"}
{"o":280.88,"c":281.5,"h":281.54,"l":280.88,"v":1211.0,"Time":"2020-12-02T20:20:00Z","Interval":"5min","Figi":"BBG001ZZPQJ6"}
{"o":280.88,"c":281.5,"h":281.54,"l":280.88,"v":1213.0,"Time":"2020-12-02T20:20:00Z","Interval":"5min","Figi":"BBG001ZZPQJ6"}
{"o":280.88,"c":281.55,"h":281.55,"l":280.88,"v":1217.0,"Time":"2020-12-02T20:20:00Z","Interval":"5min","Figi":"BBG001ZZPQJ6"}
{"o":280.88,"c":281.59,"h":281.59,"l":280.88,"v":1218.0,"Time":"2020-12-02T20:20:00Z","Interval":"5min","Figi":"BBG001ZZPQJ6"}
{"o":280.88,"c":281.62,"h":281.62,"l":280.88,"v":1219.0,"Time":"2020-12-02T20:20:00Z","Interval":"5min","Figi":"BBG001ZZPQJ6"}
{"o":280.88,"c":281.64,"h":281.64,"l":280.88,"v":1220.0,"Time":"2020-12-02T20:20:00Z","Interval":"5min","Figi":"BBG001ZZPQJ6"}
{"o":280.88,"c":281.66,"h":281.66,"l":280.88,"v":1231.0,"Time":"2020-12-02T20:20:00Z","Interval":"5min","Figi":"BBG001ZZPQJ6"}
