{"o":152.63,"c":152.8,"h":152.8,"l":152.45,"v":56.0,"Time":"2020-12-02T15:05:00Z","Interval":"5min","Figi":"BBG001KHJM17"}
{"o":152.63,"c":152.96,"h":152.96,"l":152.45,"v":81.0,"Time":"2020-12-02T15:05:00Z","Interval":"5min","Figi":"BBG001KHJM17"}
{"o":152.63,"c":152.99,"h":152.99,"l":152.45,"v":82.0,"Time":"2020-12-02T15:05:00Z","Interval":"5min","Figi":"BBG001KHJM17"}
{"o":152.63,"c":153.07,"h":153.07,"l":152.45,"v":225.0,"Time":"2020-12-02T15:05:00Z","Interval":"5min","Figi":"BBG001KHJM17"}
{"o":153.07,"c":153.07,"h":153.07,"l":153.07,"v":3.0,"Time":"2020-12-02T15:10:00Z","Interval":"5min","Figi":"BBG001KHJM17"}
{"o":153.07,"c":152.99,"h":153.07,"l":152.99,"v":4.0,"Time":"2020-12-02T15:10:00Z","Interval":"5min","Figi":"BBG001KHJM17"}
{"o":153.07,"c":152.91,"h":153.07,"l":152.91,"v":24.0,"Time":"2020-12-02T15:10:00Z","Interval":"5min","Figi":"BBG001KHJM17"}
{"o":153.07,"c":153.07,"h":153.07,"l":152.91,"v":80.0,"Time":"2020-12-02T15:10:00Z","Interval":"5min","Figi":"BBG001KHJM17"}
{"o":153.07,"c":152.84,"h":153.07,"l":152.84,"v":393.0,"Time":"2020-12-02T15:10:00Z","Interval":"5min","Figi":"BBG001KHJM17"}
{"o":153.07,"c":152.84,"h":153.07,"l":152.84,"v":446.0,"Time":"2020-12-02T15:10:00Z","Interval":"5min","Figi":"BBG001KHJM17"}
{"o":153.07,"c":152.84,"h":153.07,"l":152.84,"v":546.0,"Time":"2020-12-02T15:10:00Z","Interval":"5min","Figi":"BBG001KHJM17"}
{"o":153.07,"c":152.82,"h":153.07,"l":152.82,"v":713.0,"Time":"2020-12-02T15:10:00Z","Interval":"5min","Figi":"BBG001KHJM17"}
{"o":153.07,"c":152.83,"h":153.07,"l":152.82,"v":714.0,"Time":"2020-12-02T15:10:00Z","Interval":"5min","Figi":"BBG001KHJM17"}
{"o":152.71,"c":152.53,"h":152.71,"l":152.53,"v":44.0,"Time":"2020-12-02T15:15:00Z","Interval":"5min","Figi":"BBG001KHJM17"}
{"o":152.71,"c":152.53,"h":152.71,"l":152.53,"v":50.0,"Time":"2020-12-02T15:15:00Z","Interval":"5min","Figi":"BBG001KHJM17"}
{"o":152.71,"c":152.97,"h":152.97,"l":152.53,"v":51.0,"Time":"2020-12-02T15:15:00Z","Interval":"5min","Figi":"BBG001KHJM17"}
{"o":152.71,"c":152.82,"h":152.97,"l":152.53,"v":101.0,"Time":"2020-12-02T15:15:00Z","Interval":"5min","Figi":"BBG001KHJM17"}
{"o":152.71,"c":153.15,"h":153.15,"l":152.53,"v":117.0,"Time":"2020-12-02T15:15:00Z","Interval":"5min","Figi":"BBG001KHJM17"}
{"o":152.71,"c":153.2,"h":153.2,"l":152.53,"v":208.0,"Time":"2020-12-02T15:15:00Z","Interval":"5min","Figi":"BBG001KHJM17"}
{"o":152.71,"c":153.26,"h":153.26,"l":152.53,"v":221.0,"Time":"2020-12-02T15:15:00Z","Interval":"5min","Figi":"BBG001KHJM17"}
{"o":152.71,"c":153.41,"h":153.41,"l":152.53,"v":236.0,"Time":"2020-12-02T15:15:00Z","Interval":"5min","Figi":"BBG001KHJM17"}
{"o":152.71,"c":153.41,"h":153.41,"l":152.53,"v":239.0,"Time":"2020-12-02T15:15:00Z","Interval":"5min","Figi":"BBG001KHJM17"}
{"o":152.71,"c":153.37,"h":153.41,"l":152.53,"v":340.0,"Time":"2020-12-02T15:15:00Z","Interval":"5min","Figi":"BBG001KHJM17"}
{"o":152.71,"c":153.33,"h":153.41,"l":152.53,"v":341.0,"Time":"2020-12-02T15:15:00Z","Interval":"5min","Figi":"BBG001KHJM17"}
{"o":153.78,"c":153.78,"h":153.78,"l":153.78,"v":100.0,"Time":"2020-12-02T15:20:00Z","Interval":"5min","Figi":"BBG001KHJM17"}
{"o":153.78,"c":153.59,"h":153.78,"l":153.59,"v":200.0,"Time":"2020-12-02T15:20:00Z","Interval":"5min","Figi":"BBG001KHJM17"}
{"o":153.78,"c":153.8,"h":153.8,"l":153.56,"v":233.0,"Time":"2020-12-02T15:20:00Z","Interval":"5min","Figi":"BBG001KHJM17"}
{"o":153.78,"c":153.44,"h":153.8,"l":153.44,"v":267.0,"Time":"2020-12-02T15:20:00Z","Interval":"5min","Figi":"BBG001KHJM17"}
{"o":153.78,"c":153.36,"h":153.8,"l":153.36,"v":475.0,"Time":"2020-12-02T15:20:00Z","Interval":"5min","Figi":"BBG001KHJM17"}
{"o":153.78,"c":153.14,"h":153.8,"l":153.14,"v":476.0,"Time":"2020-12-02T15:20:00Z","Interval":"5min","Figi":"BBG001KHJM17"}
{"o":153.78,"c":153.13,"h":153.8,"l":153.13,"v":610.0,"Time":"2020-12-02T15:20:00Z","Interval":"5min","Figi":"BBG001KHJM17"}
{"o":153.78,"c":153.09,"h":153.8,"l":153.09,"v":611.0,"Time":"2020-12-02T15:20:00Z","Interval":"5min","Figi":"BBG001KHJM17"}
{"o":153.78,"c":153.03,"h":153.8,"l":153.03,"v":612.0,"Time":"2020-12-02T15:20:00Z","Interval":"5min","Figi":"BBG001KHJM17"}
{"o":153.78,"c":153.03,"h":153.8,"l":153.03,"v":612.0,"Time":"2020-12-02T15:20:00Z","Interval":"5min","Figi":"BBG001KHJM17"}
{"o":153.78,"c":152.84,"h":153.8,"l":152.84,"v":682.0,"Time":"2020-12-02T15:20:00Z","Interval":"5min","Figi":"BBG001KHJM17"}
{"o":153.78,"c":152.84,"h":153.8,"l":152.84,"v":692.0,"Time":"2020-12-02T15:20:00Z","Interval":"5min","Figi":"BBG001KHJM17"}
{"o":152.84,"c":152.84,"h":152.84,"l":152.84,"v":2.0,"Time":"2020-12-02T15:25:00Z","Interval":"5min","Figi":"BBG001KHJM17"}
{"o":152.84,"c":152.84,"h":152.84,"l":152.84,"v":68.0,"Time":"2020-12-02T15:25:00Z","Interval":"5min","Figi":"BBG001KHJM17"}
{"o":152.84,"c":152.92,"h":152.92,"l":152.84,"v":78.0,"Time":"2020-12-02T15:25:00Z","Interval":"5min","Figi":"BBG001KHJM17"}
{"o":152.84,"c":152.83,"h":152.92,"l":152.83,"v":79.0,"Time":"2020-12-02T15:25:00Z","Interval":"5min","Figi":"BBG001KHJM17"}
{"o":152.84,"c":153.09,"h":153.09,"l":152.83,"v":97.0,"Time":"2020-12-02T15:25:00Z","Interval":"5min","Figi":"BBG001KHJM17"}
{"o":152.84,"c":153.16,"h":153.16,"l":152.83,"v":125.0,"Time":"2020-12-02T15:25:00Z","Interval":"5min","Figi":"BBG001KHJM17"}
{"o":152.83,"c":152.83,"h":152.83,"l":152.83,"v":1.0,"Time":"2020-12-02T15:30:00Z","Interval":"5min","Figi":"BBG001KHJM17"}
{"o":152.83,"c":153.09,"h":153.09,"l":152.83,"v":3.0,"Time":"2020-12-02T15:30:00Z","Interval":"5min","Figi":"BBG001KHJM17"}
{"o":152.83,"c":153.01,"h":153.09,"l":152.83,"v":4.0,"Time":"2020-12-02T15:30:00Z","Interval":"5min","Figi":"BBG001KHJM17"}
{"o":152.83,"c":153.05,"h":153.09,"l":152.83,"v":5.0,"Time":"2020-12-02T15:30:00Z","Interval":"5min","Figi":"BBG001KHJM17"}
{"o":152.83,"c":153.43,"h":153.43,"l":152.83,"v":13.0,"Time":"2020-12-02T15:30:00Z","Interval":"5min","Figi":"BBG001KHJM17"}
{"o":152.83,"c":153.49,"h":153.49,"l":152.83,"v":270.0,"Time":"2020-12-02T15:30:00Z","Interval":"5min","Figi":"BBG001KHJM17"}
{"o":152.83,"c":153.52,"h":153.52,"l":152.83,"v":347.0,"Time":"2020-12-02T15:30:00Z","Interval":"5min","Figi":"BBG001KHJM17"}
{"o":152.83,"c":153.49,"h":153.52,"l":152.83,"v":437.0,"Time":"2020-12-02T15:30:00Z","Interval":"5min","Figi":"BBG001KHJM17"}
{"o":152.83,"c":153.49,"h":153.52,"l":152.83,"v":447.0,"Time":"2020-12-02T15:30:00Z","Interval":"5min","Figi":"BBG001KHJM17"}
{"o":153.55,"c":153.55,"h":153.55,"l":153.55,"v":11.0,"Time":"2020-12-02T15:35:00Z","Interval":"5min","Figi":"BBG001KHJM17"}
{"o":153.55,"c":153.43,"h":153.55,"l":153.43,"v":12.0,"Time":"2020-12-02T15:35:00Z","Interval":"5min","Figi":"BBG001KHJM17"}
{"o":153.55,"c":153.56,"h":153.56,"l":153.43,"v":111.0,"Time":"2020-12-02T15:35:00Z","Interval":"5min","Figi":"BBG001KHJM17"}
{"o":153.55,"c":153.42,"h":153.56,"l":153.42,"v":141.0,"Time":"2020-12-02T15:35:00Z","Interval":"5min","Figi":"BBG001KHJM17"}
{"o":153.55,"c":153.24,"h":153.56,"l":153.24,"v":247.0,"Time":"2020-12-02T15:35:00Z","Interval":"5min","Figi":"BBG001KHJM17"}
{"o":153.55,"c":153.24,"h":153.56,"l":153.24,"v":347.0,"Time":"2020-12-02T15:35:00Z","Interval":"5min","Figi":"BBG001KHJM17"}
{"o":153.55,"c":153.07,"h":153.56,"l":153.07,"v":360.0,"Time":"2020-12-02T15:35:00Z","Interval":"5min","Figi":"BBG001KHJM17"}
{"o":153.55,"c":153.24,"h":153.56,"l":153.07,"v":361.0,"Time":"2020-12-02T15:35:00Z","Interval":"5min","Figi":"BBG001KHJM17"}
{"o":153.55,"c":153.46,"h":153.56,"l":153.07,"v":371.0,"Time":"2020-12-02T15:35:00Z","Interval":"5min","Figi":"BBG001KHJM17"}
{"o":153.18,"c":153.18,"h":153.18,"l":153.18,"v":1.0,"Time":"2020-12-02T15:40:00Z","Interval":"5min","Figi":"BBG001KHJM17"}
{"o":153.18,"c":153.06,"h":153.18,"l":153.06,"v":9.0,"Time":"2020-12-02T15:40:00Z","Interval":"5min","Figi":"BBG001KHJM17"}
{"o":153.18,"c":153.17,"h":153.18,"l":153.06,"v":10.0,"Time":"2020-12-02T15:40:00Z","Interval":"5min","Figi":"BBG001KHJM17"}
{"o":153.18,"c":152.95,"h":153.18,"l":152.95,"v":39.0,"Time":"2020-12-02T15:40:00Z","Interval":"5min","Figi":"BBG001KHJM17"}
{"o":153.18,"c":153.28,"h":153.28,"l":152.95,"v":47.0,"Time":"2020-12-02T15:40:00Z","Interval":"5min","Figi":"BBG001KHJM17"}
{"o":153.18,"c":153.14,"h":153.28,"l":152.95,"v":48.0,"Time":"2020-12-02T15:40:00Z","Interval":"5min","Figi":"BBG001KHJM17"}
{"o":153.18,"c":152.94,"h":153.28,"l":152.94,"v":51.0,"Time":"2020-12-02T15:40:00Z","Interval":"5min","Figi":"BBG001KHJM17"}
{"o":153.18,"c":153.1,"h":153.28,"l":152.94,"v":54.0,"Time":"2020-12-02T15:40:00Z","Interval":"5min","Figi":"BBG001KHJM17"}
{"o":153.18,"c":153.34,"h":153.34,"l":152.94,"v":106.0,"Time":"2020-12-02T15:40:00Z","Interval":"5min","Figi":"BBG001KHJM17"}
{"o":153.26,"c":153.12,"h":153.26,"l":153.12,"v":291.0,"Time":"2020-12-02T15:45:00Z","Interval":"5min","Figi":"BBG001KHJM17"}
{"o":153.26,"c":153.14,"h":153.26,"l":153.12,"v":451.0,"Time":"2020-12-02T15:45:00Z","Interval":"5min","Figi":"BBG001KHJM17"}
{"o":153.26,"c":153.26,"h":153.26,"l":153.12,"v":452.0,"Time":"2020-12-02T15:45:00Z","Interval":"5min","Figi":"BBG001KHJM17"}
{"o":153.26,"c":153.38,"h":153.38,"l":153.12,"v":853.0,"Time":"2020-12-02T15:45:00Z","Interval":"5min","Figi":"BBG001KHJM17"}
{"o":153.26,"c":153.32,"h":153.38,"l":153.12,"v":873.0,"Time":"2020-12-02T15:45:00Z","Interval":"5min","Figi":"BBG001KHJM17"}
{"o":153.26,"c":153.15,"h":153.38,"l":153.12,"v":875.0,"Time":"2020-12-02T15:45:00Z","Interval":"5min","Figi":"BBG001KHJM17"}
{"o":153.26,"c":152.98,"h":153.38,"l":152.98,"v":876.0,"Time":"2020-12-02T15:45:00Z","Interval":"5min","Figi":"BBG001KHJM17"}
{"o":153.26,"c":152.98,"h":153.38,"l":152.98,"v":877.0,"Time":"2020-12-02T15:45:00Z","Interval":"5min","Figi":"BBG001KHJM17"}
{"o":153.26,"c":152.94,"h":153.38,"l":152.94,"v":920.0,"Time":"2020-12-02T15:45:00Z","Interval":"5min","Figi":"BBG001KHJM17"}
{"o":152.98,"c":152.98,"h":152.98,"l":152.98,"v":10.0,"Time":"2020-12-02T15:50:00Z","Interval":"5min","Figi":"BBG001KHJM17"}
{"o":152.98,"c":152.78,"h":152.98,"l":152.78,"v":72.0,"Time":"2020-12-02T15:50:00Z","Interval":"5min","Figi":"BBG001KHJM17"}
{"o":152.98,"c":152.76,"h":152.98,"l":152.76,"v":172.0,"Time":"2020-12-02T15:50:00Z","Interval":"5min","Figi":"BBG001KHJM17"}
{"o":152.98,"c":152.76,"h":152.98,"l":152.76,"v":232.0,"Time":"2020-12-02T15:50:00Z","Interval":"5min","Figi":"BBG001KHJM17"}
{"o":152.98,"c":152.7,"h":152.98,"l":152.69,"v":256.0,"Time":"2020-12-02T15:50:00Z","Interval":"5min","Figi":"BBG001KHJM17"}
{"o":152.98,"c":152.63,"h":152.98,"l":152.63,"v":257.0,"Time":"2020-12-02T15:50:00Z","Interval":"5min","Figi":"BBG001KHJM17"}
{"o":152.98,"c":152.62,"h":152.98,"l":152.62,"v":281.0,"Time":"2020-12-02T15:50:00Z","Interval":"5min","Figi":"BBG001KHJM17"}
{"o":152.98,"c":152.63,"h":152.98,"l":152.62,"v":282.0,"Time":"2020-12-02T15:50:00Z","Interval":"5min","Figi":"BBG001KHJM17"}
{"o":152.98,"c":152.46,"h":152.98,"l":152.46,"v":283.0,"Time":"2020-12-02T15:50:00Z","Interval":"5min","Figi":"BBG001KHJM17"}
{"o":152.43,"c":152.43,"h":152.43,"l":152.43,"v":1.0,"Time":"2020-12-02T15:55:00Z","Interval":"5min","Figi":"BBG001KHJM17"}
{"o":152.43,"c":152.46,"h":152.46,"l":152.43,"v":102.0,"Time":"2020-12-02T15:55:00Z","Interval":"5min","Figi":"BBG001KHJM17"}
{"o":152.43,"c":152.53,"h":152.53,"l":152.43,"v":108.0,"Time":"2020-12-02T15:55:00Z","Interval":"5min","Figi":"BBG001KHJM17"}
{"o":152.43,"c":152.53,"h":152.53,"l":152.43,"v":109.0,"Time":"2020-12-02T15:55:00Z","Interval":"5min","Figi":"BBG001KHJM17"}
{"o":152.43,"c":152.5,"h":152.53,"l":152.43,"v":110.0,"Time":"2020-12-02T15:55:00Z","Interval":"5min","Figi":"BBG001KHJM17"}
{"o":152.43,"c":152.56,"h":152.56,"l":152.43,"v":119.0,"Time":"2020-12-02T15:55:00Z","Interval":"5min","Figi":"BBG001KHJM17"}
{"o":152.43,"c":152.68,"h":152.68,"l":152.43,"v":133.0,"Time":"2020-12-02T15:55:00Z","Interval":"5min","Figi":"BBG001KHJM17"}
{"o":152.43,"c":152.68,"h":152.68,"l":152.43,"v":133.0,"Time":"2020-12-02T15:55:00Z","Interval":"5min","Figi":"BBG001KHJM17"}
{"o":152.43,"c":152.6,"h":152.68,"l":152.43,"v":136.0,"Time":"2020-12-02T15:55:00Z","Interval":"5min","Figi":"BBG001KHJM17"}
{"o":152.43,"c":152.44,"h":152.68,"l":152.43,"v":202.0,"Time":"2020-12-02T15:55:00Z","Interval":"5min","Figi":"BBG001KHJM17"}
{"o":152.43,"c":152.54,"h":152.68,"l":152.43,"v":212.0,"Time":"2020-12-02T15:55:00Z","Interval":"5min","Figi":"BBG001KHJM17"}
{"o":152.43,"c":152.41,"h":152.68,"l":152.41,"v":414.0,"Time":"2020-12-02T15:55:00Z","Interval":"5min","Figi":"BBG001KHJM17"}
{"o":152.43,"c":152.31,"h":152.68,"l":152.31,"v":415.0,"Time":"2020-12-02T15:55:00Z","Interval":"5min","Figi":"BBG001KHJM17"}
{"o":152.4,"c":152.41,"h":152.41,"l":152.4,"v":7.0,"Time":"2020-12-02T16:00:00Z","Interval":"5min","Figi":"BBG001KHJM17"}
{"o":152.4,"c":152.53,"h":152.53,"l":152.4,"v":8.0,"Time":"2020-12-02T16:00:00Z","Interval":"5min","Figi":"BBG001KHJM17"}
{"o":152.4,"c":152.5,"h":152.57,"l":152.4,"v":108.0,"Time":"2020-12-02T16:00:00Z","Interval":"5min","Figi":"BBG001KHJM17"}
{"o":152.4,"c":152.68,"h":152.68,"l":152.4,"v":115.0,"Time":"2020-12-02T16:00:00Z","Interval":"5min","Figi":"BBG001KHJM17"}
{"o":152.4,"c":152.57,"h":152.68,"l":152.4,"v":116.0,"Time":"2020-12-02T16:00:00Z","Interval":"5min","Figi":"BBG001KHJM17"}
{"o":152.4,"c":152.64,"h":152.68,"l":152.4,"v":126.0,"Time":"2020-12-02T16:00:00Z","Interval":"5min","Figi":"BBG001KHJM17"}
{"o":152.4,"c":152.52,"h":152.68,"l":152.4,"v":216.0,"Time":"2020-12-02T16:00:00Z","Interval":"5min","Figi":"BBG001KHJM17"}
{"o":152.4,"c":152.71,"h":152.71,"l":152.4,"v":217.0,"Time":"2020-12-02T16:00:00Z","Interval":"5min","Figi":"BBG001KHJM17"}
{"o":152.4,"c":152.77,"h":152.77,"l":152.4,"v":220.0,"Time":"2020-12-02T16:00:00Z","Interval":"5min","Figi":"BBG001KHJM17"}
{"o":152.4,"c":152.85,"h":152.85,"l":152.4,"v":221.0,"Time":"2020-12-02T16:00:00Z","Interval":"5min","Figi":"BBG001KHJM17"}
{"o":152.4,"c":152.9,"h":152.9,"l":152.4,"v":244.0,"Time":"2020-12-02T16:00:00Z","Interval":"5min","Figi":"BBG001KHJM17"}
{"o":152.4,"c":152.94,"h":152.94,"l":152.4,"v":245.0,"Time":"2020-12-02T16:00:00Z","Interval":"5min","Figi":"BBG001KHJM17"}
{"o":152.4,"c":152.98,"h":152.98,"l":152.4,"v":249.0,"Time":"2020-12-02T16:00:00Z","Interval":"5min","Figi":"BBG001KHJM17"}
{"o":152.4,"c":153.18,"h":153.18,"l":152.4,"v":369.0,"Time":"2020-12-02T16:00:00Z","Interval":"5min","Figi":"BBG001KHJM17"}
{"o":152.4,"c":152.98,"h":153.18,"l":152.4,"v":469.0,"Time":"2020-12-02T16:00:00Z","Interval":"5min","Figi":"BBG001KHJM17"}
{"o":152.4,"c":153.07,"h":153.18,"l":152.4,"v":573.0,"Time":"2020-12-02T16:00:00Z","Interval":"5min","Figi":"BBG001KHJM17"}
{"o":152.4,"c":153.2,"h":153.2,"l":152.4,"v":574.0,"Time":"2020-12-02T16:00:00Z","Interval":"5min","Figi":"BBG001KHJM17"}
{"o":153.02,"c":153.01,"h":153.02,"l":153.01,"v":358.0,"Time":"2020-12-02T16:05:00Z","Interval":"5min","Figi":"BBG001KHJM17"}
{"o":153.02,"c":153.1,"h":153.1,"l":153.01,"v":378.0,"Time":"2020-12-02T16:05:00Z","Interval":"5min","Figi":"BBG001KHJM17"}
{"o":153.02,"c":152.94,"h":153.1,"l":152.94,"v":700.0,"Time":"2020-12-02T16:05:00Z","Interval":"5min","Figi":"BBG001KHJM17"}
{"o":153.02,"c":152.94,"h":153.1,"l":152.94,"v":800.0,"Time":"2020-12-02T16:05:00Z","Interval":"5min","Figi":"BBG001KHJM17"}
{"o":153.02,"c":152.97,"h":153.1,"l":152.94,"v":801.0,"Time":"2020-12-02T16:05:00Z","Interval":"5min","Figi":"BBG001KHJM17"}
{"o":153.02,"c":153.11,"h":153.11,"l":152.94,"v":802.0,"Time":"2020-12-02T16:05:00Z","Interval":"5min","Figi":"BBG001KHJM17"}
{"o":153.02,"c":153.09,"h":153.11,"l":152.94,"v":803.0,"Time":"2020-12-02T16:05:00Z","Interval":"5min","Figi":"BBG001KHJM17"}
{"o":153.02,"c":153.26,"h":153.26,"l":152.94,"v":804.0,"Time":"2020-12-02T16:05:00Z","Interval":"5min","Figi":"BBG001KHJM17"}
{"o":153.02,"c":153.3,"h":153.3,"l":152.94,"v":805.0,"Time":"2020-12-02T16:05:00Z","Interval":"5min","Figi":"BBG001KHJM17"}
{"o":153.02,"c":153.13,"h":153.3,"l":152.94,"v":806.0,"Time":"2020-12-02T16:05:00Z","Interval":"5min","Figi":"BBG001KHJM17"}
{"o":153.02,"c":153.13,"h":153.3,"l":152.94,"v":807.0,"Time":"2020-12-02T16:05:00Z","Interval":"5min","Figi":"BBG001KHJM17"}
{"o":153.33,"c":153.35,"h":153.35,"l":153.33,"v":38.0,"Time":"2020-12-02T16:10:00Z","Interval":"5min","Figi":"BBG001KHJM17"}
{"o":153.33,"c":153.4,"h":153.4,"l":153.33,"v":201.0,"Time":"2020-12-02T16:10:00Z","Interval":"5min","Figi":"BBG001KHJM17"}
{"o":153.33,"c":153.3,"h":153.4,"l":153.3,"v":301.0,"Time":"2020-12-02T16:10:00Z","Interval":"5min","Figi":"BBG001KHJM17"}
{"o":153.33,"c":153.48,"h":153.48,"l":153.3,"v":302.0,"Time":"2020-12-02T16:10:00Z","Interval":"5min","Figi":"BBG001KHJM17"}
{"o":153.33,"c":153.52,"h":153.52,"l":153.3,"v":307.0,"Time":"2020-12-02T16:10:00Z","Interval":"5min","Figi":"BBG001KHJM17"}
{"o":153.33,"c":153.4,"h":153.52,"l":153.3,"v":308.0,"Time":"2020-12-02T16:10:00Z","Interval":"5min","Figi":"BBG001KHJM17"}
{"o":153.33,"c":153.54,"h":153.54,"l":153.3,"v":310.0,"Time":"2020-12-02T16:10:00Z","Interval":"5min","Figi":"BBG001KHJM17"}
{"o":153.33,"c":153.44,"h":153.56,"l":153.3,"v":512.0,"Time":"2020-12-02T16:10:00Z","Interval":"5min","Figi":"BBG001KHJM17"}
{"o":153.33,"c":153.55,"h":153.56,"l":153.3,"v":517.0,"Time":"2020-12-02T16:10:00Z","Interval":"5min","Figi":"BBG001KHJM17"}
{"o":153.33,"c":153.57,"h":153.57,"l":153.3,"v":518.0,"Time":"2020-12-02T16:10:00Z","Interval":"5min","Figi":"BBG001KHJM17"}
{"o":153.33,"c":153.58,"h":153.58,"l":153.3,"v":519.0,"Time":"2020-12-02T16:10:00Z","Interval":"5min","Figi":"BBG001KHJM17"}
{"o":153.33,"c":153.63,"h":153.63,"l":153.3,"v":522.0,"Time":"2020-12-02T16:10:00Z","Interval":"5min","Figi":"BBG001KHJM17"}
{"o":153.33,"c":153.63,"h":153.63,"l":153.3,"v":722.0,"Time":"2020-12-02T16:10:00Z","Interval":"5min","Figi":"BBG001KHJM17"}
{"o":153.33,"c":153.68,"h":153.68,"l":153.3,"v":725.0,"Time":"2020-12-02T16:10:00Z","Interval":"5min","Figi":"BBG001KHJM17"}
{"o":153.33,"c":153.69,"h":153.69,"l":153.3,"v":879.0,"Time":"2020-12-02T16:10:00Z","Interval":"5min","Figi":"BBG001KHJM17"}
{"o":153.33,"c":153.53,"h":153.69,"l":153.3,"v":881.0,"Time":"2020-12-02T16:10:00Z","Interval":"5min","Figi":"BBG001KHJM17"}
{"o":153.33,"c":153.67,"h":153.69,"l":153.3,"v":882.0,"Time":"2020-12-02T16:10:00Z","Interval":"5min","Figi":"BBG001KHJM17"}
{"o":153.33,"c":153.54,"h":153.69,"l":153.3,"v":883.0,"Time":"2020-12-02T16:10:00Z","Interval":"5min","Figi":"BBG001KHJM17"}
{"o":153.33,"c":153.54,"h":153.69,"l":153.3,"v":889.0,"Time":"2020-12-02T16:10:00Z","Interval":"5min","Figi":"BBG001KHJM17"}
{"o":153.33,"c":153.71,"h":153.71,"l":153.3,"v":909.0,"Time":"2020-12-02T16:10:00Z","Interval":"5min","Figi":"BBG001KHJM17"}
{"o":153.33,"c":153.75,"h":153.75,"l":153.3,"v":913.0,"Time":"2020-12-02T16:10:00Z","Interval":"5min","Figi":"BBG001KHJM17"}
{"o":153.33,"c":153.57,"h":153.75,"l":153.3,"v":947.0,"Time":"2020-12-02T16:10:00Z","Interval":"5min","Figi":"BBG001KHJM17"}
{"o":153.33,"c":153.76,"h":153.76,"l":153.3,"v":948.0,"Time":"2020-12-02T16:10:00Z","Interval":"5min","Figi":"BBG001KHJM17"}
{"o":153.56,"c":153.56,"h":153.56,"l":153.56,"v":92.0,"Time":"2020-12-02T16:15:00Z","Interval":"5min","Figi":"BBG001KHJM17"}
{"o":153.56,"c":153.56,"h":153.56,"l":153.56,"v":297.0,"Time":"2020-12-02T16:15:00Z","Interval":"5min","Figi":"BBG001KHJM17"}
{"o":153.56,"c":153.76,"h":153.76,"l":153.56,"v":302.0,"Time":"2020-12-02T16:15:00Z","Interval":"5min","Figi":"BBG001KHJM17"}
{"o":153.56,"c":153.78,"h":153.78,"l":153.56,"v":422.0,"Time":"2020-12-02T16:15:00Z","Interval":"5min","Figi":"BBG001KHJM17"}
{"o":153.56,"c":153.93,"h":153.93,"l":153.56,"v":430.0,"Time":"2020-12-02T16:15:00Z","Interval":"5min","Figi":"BBG001KHJM17"}
{"o":153.56,"c":153.71,"h":153.93,"l":153.56,"v":630.0,"Time":"2020-12-02T16:15:00Z","Interval":"5min","Figi":"BBG001KHJM17"}
{"o":153.56,"c":153.98,"h":153.98,"l":153.56,"v":631.0,"Time":"2020-12-02T16:15:00Z","Interval":"5min","Figi":"BBG001KHJM17"}
{"o":153.56,"c":154.05,"h":154.05,"l":153.56,"v":853.0,"Time":"2020-12-02T16:15:00Z","Interval":"5min","Figi":"BBG001KHJM17"}
{"o":153.56,"c":154.07,"h":154.07,"l":153.56,"v":854.0,"Time":"2020-12-02T16:15:00Z","Interval":"5min","Figi":"BBG001KHJM17"}
{"o":153.56,"c":153.9,"h":154.07,"l":153.56,"v":855.0,"Time":"2020-12-02T16:15:00Z","Interval":"5min","Figi":"BBG001KHJM17"}
{"o":153.56,"c":154.09,"h":154.09,"l":153.56,"v":856.0,"Time":"2020-12-02T16:15:00Z","Interval":"5min","Figi":"BBG001KHJM17"}
{"o":153.56,"c":154.11,"h":154.11,"l":153.56,"v":858.0,"Time":"2020-12-02T16:15:00Z","Interval":"5min","Figi":"BBG001KHJM17"}
{"o":153.56,"c":154.16,"h":154.16,"l":153.56,"v":861.0,"Time":"2020-12-02T16:15:00Z","Interval":"5min","Figi":"BBG001KHJM17"}
{"o":153.56,"c":154.19,"h":154.19,"l":153.56,"v":863.0,"Time":"2020-12-02T16:15:00Z","Interval":"5min","Figi":"BBG001KHJM17"}
{"o":153.56,"c":154.22,"h":154.22,"l":153.56,"v":864.0,"Time":"2020-12-02T16:15:00Z","Interval":"5min","Figi":"BBG001KHJM17"}
{"o":153.56,"c":154.27,"h":154.27,"l":153.56,"v":886.0,"Time":"2020-12-02T16:15:00Z","Interval":"5min","Figi":"BBG001KHJM17"}
{"o":153.56,"c":154.28,"h":154.28,"l":153.56,"v":887.0,"Time":"2020-12-02T16:15:00Z","Interval":"5min","Figi":"BBG001KHJM17"}
{"o":153.56,"c":154.3,"h":154.3,"l":153.56,"v":890.0,"Time":"2020-12-02T16:15:00Z","Interval":"5min","Figi":"BBG001KHJM17"}
{"o":154.3,"c":154.3,"h":154.3,"l":154.3,"v":10.0,"Time":"2020-12-02T16:20:00Z","Interval":"5min","Figi":"BBG001KHJM17"}
{"o":154.3,"c":154.38,"h":154.38,"l":154.3,"v":31.0,"Time":"2020-12-02T16:20:00Z","Interval":"5min","Figi":"BBG001KHJM17"}
{"o":154.3,"c":154.43,"h":154.43,"l":154.3,"v":33.0,"Time":"2020-12-02T16:20:00Z","Interval":"5min","Figi":"BBG001KHJM17"}
{"o":154.3,"c":154.46,"h":154.46,"l":154.3,"v":134.0,"Time":"2020-12-02T16:20:00Z","Interval":"5min","Figi":"BBG001KHJM17"}
{"o":154.3,"c":154.41,"h":154.46,"l":154.3,"v":298.0,"Time":"2020-12-02T16:20:00Z","Interval":"5min","Figi":"BBG001KHJM17"}
{"o":154.3,"c":154.41,"h":154.46,"l":154.3,"v":299.0,"Time":"2020-12-02T16:20:00Z","Interval":"5min","Figi":"BBG001KHJM17"}
{"o":154.3,"c":154.38,"h":154.46,"l":154.3,"v":309.0,"Time":"2020-12-02T16:20:00Z","Interval":"5min","Figi":"BBG001KHJM17"}
{"o":154.3,"c":154.33,"h":154.46,"l":154.3,"v":682.0,"Time":"2020-12-02T16:20:00Z","Interval":"5min","Figi":"BBG001KHJM17"}
{"o":154.3,"c":154.2,"h":154.46,"l":154.2,"v":686.0,"Time":"2020-12-02T16:20:00Z","Interval":"5min","Figi":"BBG001KHJM17"}
{"o":154.3,"c":154.19,"h":154.46,"l":154.19,"v":687.0,"Time":"2020-12-02T16:20:00Z","Interval":"5min","Figi":"BBG001KHJM17"}
{"o":154.22,"c":154.22,"h":154.22,"l":154.22,"v":10.0,"Time":"2020-12-02T16:25:00Z","Interval":"5min","Figi":"BBG001KHJM17"}
{"o":154.22,"c":154.12,"h":154.22,"l":154.12,"v":101.0,"Time":"2020-12-02T16:25:00Z","Interval":"5min","Figi":"BBG001KHJM17"}
{"o":154.22,"c":154.11,"h":154.22,"l":154.11,"v":111.0,"Time":"2020-12-02T16:25:00Z","Interval":"5min","Figi":"BBG001KHJM17"}
{"o":154.22,"c":154.08,"h":154.22,"l":154.08,"v":180.0,"Time":"2020-12-02T16:25:00Z","Interval":"5min","Figi":"BBG001KHJM17"}
{"o":154.22,"c":154.08,"h":154.22,"l":154.08,"v":180.0,"Time":"2020-12-02T16:25:00Z","Interval":"5min","Figi":"BBG001KHJM17"}
{"o":154.22,"c":154.08,"h":154.22,"l":154.08,"v":185.0,"Time":"2020-12-02T16:25:00Z","Interval":"5min","Figi":"BBG001KHJM17"}
{"o":154.22,"c":154.08,"h":154.22,"l":154.08,"v":186.0,"Time":"2020-12-02T16:25:00Z","Interval":"5min","Figi":"BBG001KHJM17"}
{"o":154.22,"c":154.11,"h":154.22,"l":154.08,"v":187.0,"Time":"2020-12-02T16:25:00Z","Interval":"5min","Figi":"BBG001KHJM17"}
{"o":154.22,"c":154.0,"h":154.22,"l":154.0,"v":189.0,"Time":"2020-12-02T16:25:00Z","Interval":"5min","Figi":"BBG001KHJM17"}
{"o":154.22,"c":154.01,"h":154.22,"l":154.0,"v":191.0,"Time":"2020-12-02T16:25:00Z","Interval":"5min","Figi":"BBG001KHJM17"}
{"o":154.22,"c":154.24,"h":154.24,"l":154.0,"v":497.0,"Time":"2020-12-02T16:25:00Z","Interval":"5min","Figi":"BBG001KHJM17"}
{"o":154.22,"c":154.24,"h":154.24,"l":154.0,"v":517.0,"Time":"2020-12-02T16:25:00Z","Interval":"5min","Figi":"BBG001KHJM17"}
{"o":154.22,"c":154.32,"h":154.32,"l":154.0,"v":717.0,"Time":"2020-12-02T16:25:00Z","Interval":"5min","Figi":"BBG001KHJM17"}
{"o":154.22,"c":154.37,"h":154.37,"l":154.0,"v":721.0,"Time":"2020-12-02T16:25:00Z","Interval":"5min","Figi":"BBG001KHJM17"}
{"o":154.22,"c":154.38,"h":154.38,"l":154.0,"v":722.0,"Time":"2020-12-02T16:25:00Z","Interval":"5min","Figi":"BBG001KHJM17"}
{"o":154.22,"c":154.44,"h":154.44,"l":154.0,"v":745.0,"Time":"2020-12-02T16:25:00Z","Interval":"5min","Figi":"BBG001KHJM17"}
{"o":154.22,"c":154.47,"h":154.47,"l":154.0,"v":845.0,"Time":"2020-12-02T16:25:00Z","Interval":"5min","Figi":"BBG001KHJM17"}
{"o":154.22,"c":154.48,"h":154.48,"l":154.0,"v":959.0,"Time":"2020-12-02T16:25:00Z","Interval":"5min","Figi":"BBG001KHJM17"}
{"o":154.22,"c":154.48,"h":154.48,"l":154.0,"v":1202.0,"Time":"2020-12-02T16:25:00Z","Interval":"5min","Figi":"BBG001KHJM17"}
{"o":154.22,"c":154.33,"h":154.48,"l":154.0,"v":1258.0,"Time":"2020-12-02T16:25:00Z","Interval":"5min","Figi":"BBG001KHJM17"}
{"o":154.22,"c":154.3,"h":154.48,"l":154.0,"v":1377.0,"Time":"2020-12-02T16:25:00Z","Interval":"5min","Figi":"BBG001KHJM17"}
{"o":154.45,"c":154.46,"h":154.46,"l":154.45,"v":140.0,"Time":"2020-12-02T16:30:00Z","Interval":"5min","Figi":"BBG001KHJM17"}
{"o":154.45,"c":154.53,"h":154.53,"l":154.45,"v":142.0,"Time":"2020-12-02T16:30:00Z","Interval":"5min","Figi":"BBG001KHJM17"}
{"o":154.45,"c":154.54,"h":154.54,"l":154.45,"v":143.0,"Time":"2020-12-02T16:30:00Z","Interval":"5min","Figi":"BBG001KHJM17"}
{"o":154.45,"c":154.37,"h":154.54,"l":154.37,"v":563.0,"Time":"2020-12-02T16:30:00Z","Interval":"5min","Figi":"BBG001KHJM17"}
{"o":154.45,"c":154.29,"h":154.54,"l":154.29,"v":963.0,"Time":"2020-12-02T16:30:00Z","Interval":"5min","Figi":"BBG001KHJM17"}
{"o":154.45,"c":154.19,"h":154.54,"l":154.19,"v":1819.0,"Time":"2020-12-02T16:30:00Z","Interval":"5min","Figi":"BBG001KHJM17"}
{"o":154.45,"c":154.11,"h":154.54,"l":154.11,"v":1820.0,"Time":"2020-12-02T16:30:00Z","Interval":"5min","Figi":"BBG001KHJM17"}
{"o":154.45,"c":154.14,"h":154.54,"l":154.11,"v":1842.0,"Time":"2020-12-02T16:30:00Z","Interval":"5min","Figi":"BBG001KHJM17"}
{"o":154.02,"c":154.0,"h":154.02,"l":154.0,"v":68.0,"Time":"2020-12-02T16:35:00Z","Interval":"5min","Figi":"BBG001KHJM17"}
{"o":154.02,"c":153.94,"h":154.02,"l":153.94,"v":168.0,"Time":"2020-12-02T16:35:00Z","Interval":"5min","Figi":"BBG001KHJM17"}
{"o":154.02,"c":153.85,"h":154.02,"l":153.85,"v":229.0,"Time":"2020-12-02T16:35:00Z","Interval":"5min","Figi":"BBG001KHJM17"}
{"o":154.02,"c":154.04,"h":154.04,"l":153.85,"v":240.0,"Time":"2020-12-02T16:35:00Z","Interval":"5min","Figi":"BBG001KHJM17"}
{"o":154.02,"c":153.92,"h":154.04,"l":153.85,"v":340.0,"Time":"2020-12-02T16:35:00Z","Interval":"5min","Figi":"BBG001KHJM17"}
{"o":154.02,"c":154.12,"h":154.12,"l":153.85,"v":660.0,"Time":"2020-12-02T16:35:00Z","Interval":"5min","Figi":"BBG001KHJM17"}
{"o":154.02,"c":154.23,"h":154.23,"l":153.85,"v":760.0,"Time":"2020-12-02T16:35:00Z","Interval":"5min","Figi":"BBG001KHJM17"}
{"o":154.02,"c":154.42,"h":154.42,"l":153.85,"v":866.0,"Time":"2020-12-02T16:35:00Z","Interval":"5min","Figi":"BBG001KHJM17"}
{"o":154.02,"c":154.44,"h":154.44,"l":153.85,"v":867.0,"Time":"2020-12-02T16:35:00Z","Interval":"5min","Figi":"BBG001KHJM17"}
{"o":154.02,"c":154.46,"h":154.46,"l":153.85,"v":868.0,"Time":"2020-12-02T16:35:00Z","Interval":"5min","Figi":"BBG001KHJM17"}
{"o":154.02,"c":154.48,"h":154.48,"l":153.85,"v":869.0,"Time":"2020-12-02T16:35:00Z","Interval":"5min","Figi":"BBG001KHJM17"}
{"o":154.02,"c":154.49,"h":154.49,"l":153.85,"v":870.0,"Time":"2020-12-02T16:35:00Z","Interval":"5min","Figi":"BBG001KHJM17"}
{"o":154.02,"c":154.58,"h":154.58,"l":153.85,"v":875.0,"Time":"2020-12-02T16:35:00Z","Interval":"5min","Figi":"BBG001KHJM17"}
{"o":154.02,"c":154.63,"h":154.63,"l":153.85,"v":877.0,"Time":"2020-12-02T16:35:00Z","Interval":"5min","Figi":"BBG001KHJM17"}
{"o":154.02,"c":154.48,"h":154.63,"l":153.85,"v":912.0,"Time":"2020-12-02T16:35:00Z","Interval":"5min","Figi":"BBG001KHJM17"}
{"o":154.02,"c":154.64,"h":154.64,"l":153.85,"v":1013.0,"Time":"2020-12-02T16:35:00Z","Interval":"5min","Figi":"BBG001KHJM17"}
{"o":154.02,"c":154.69,"h":154.69,"l":153.85,"v":1015.0,"Time":"2020-12-02T16:35:00Z","Interval":"5min","Figi":"BBG001KHJM17"}
{"o":154.02,"c":154.77,"h":154.77,"l":153.85,"v":1045.0,"Time":"2020-12-02T16:35:00Z","Interval":"5min","Figi":"BBG001KHJM17"}
{"o":154.02,"c":154.77,"h":154.77,"l":153.85,"v":1145.0,"Time":"2020-12-02T16:35:00Z","Interval":"5min","Figi":"BBG001KHJM17"}
{"o":154.02,"c":154.79,"h":154.79,"l":153.85,"v":1146.0,"Time":"2020-12-02T16:35:00Z","Interval":"5min","Figi":"BBG001KHJM17"}
{"o":154.02,"c":154.84,"h":154.84,"l":153.85,"v":1148.0,"Time":"2020-12-02T16:35:00Z","Interval":"5min","Figi":"BBG001KHJM17"}
{"o":154.02,"c":154.72,"h":154.84,"l":153.85,"v":1153.0,"Time":"2020-12-02T16:35:00Z","Interval":"5min","Figi":"BBG001KHJM17"}
{"o":154.02,"c":154.72,"h":154.84,"l":153.85,"v":1251.0,"Time":"2020-12-02T16:35:00Z","Interval":"5min","Figi":"BBG001KHJM17"}
{"o":154.02,"c":154.89,"h":154.89,"l":153.85,"v":1325.0,"Time":"2020-12-02T16:35:00Z","Interval":"5min","Figi":"BBG001KHJM17"}
{"o":154.02,"c":154.7,"h":154.89,"l":153.85,"v":1462.0,"Time":"2020-12-02T16:35:00Z","Interval":"5min","Figi":"BBG001KHJM17"}
{"o":154.02,"c":154.7,"h":154.89,"l":153.85,"v":1562.0,"Time":"2020-12-02T16:35:00Z","Interval":"5min","Figi":"BBG001KHJM17"}
{"o":154.02,"c":154.62,"h":154.89,"l":153.85,"v":1563.0,"Time":"2020-12-02T16:35:00Z","Interval":"5min","Figi":"BBG001KHJM17"}
{"o":154.56,"c":154.56,"h":154.56,"l":154.56,"v":3.0,"Time":"2020-12-02T16:40:00Z","Interval":"5min","Figi":"BBG001KHJM17"}
{"o":154.56,"c":154.66,"h":154.66,"l":154.56,"v":24.0,"Time":"2020-12-02T16:40:00Z","Interval":"5min","Figi":"BBG001KHJM17"}
{"o":154.56,"c":154.48,"h":154.66,"l":154.48,"v":154.0,"Time":"2020-12-02T16:40:00Z","Interval":"5min","Figi":"BBG001KHJM17"}
{"o":154.56,"c":154.39,"h":154.66,"l":154.39,"v":155.0,"Time":"2020-12-02T16:40:00Z","Interval":"5min","Figi":"BBG001KHJM17"}
{"o":154.56,"c":154.44,"h":154.66,"l":154.39,"v":156.0,"Time":"2020-12-02T16:40:00Z","Interval":"5min","Figi":"BBG001KHJM17"}
{"o":154.56,"c":154.33,"h":154.66,"l":154.33,"v":222.0,"Time":"2020-12-02T16:40:00Z","Interval":"5min","Figi":"BBG001KHJM17"}
{"o":154.56,"c":154.1,"h":154.66,"l":154.1,"v":224.0,"Time":"2020-12-02T16:40:00Z","Interval":"5min","Figi":"BBG001KHJM17"}
{"o":154.56,"c":154.24,"h":154.66,"l":154.1,"v":225.0,"Time":"2020-12-02T16:40:00Z","Interval":"5min","Figi":"BBG001KHJM17"}
{"o":154.23,"c":154.05,"h":154.23,"l":154.05,"v":109.0,"Time":"2020-12-02T16:45:00Z","Interval":"5min","Figi":"BBG001KHJM17"}
{"o":154.23,"c":153.89,"h":154.23,"l":153.89,"v":115.0,"Time":"2020-12-02T16:45:00Z","Interval":"5min","Figi":"BBG001KHJM17"}
{"o":154.23,"c":153.85,"h":154.23,"l":153.85,"v":116.0,"Time":"2020-12-02T16:45:00Z","Interval":"5min","Figi":"BBG001KHJM17"}
{"o":154.23,"c":153.86,"h":154.23,"l":153.85,"v":117.0,"Time":"2020-12-02T16:45:00Z","Interval":"5min","Figi":"BBG001KHJM17"}
{"o":154.23,"c":154.11,"h":154.23,"l":153.85,"v":217.0,"Time":"2020-12-02T16:45:00Z","Interval":"5min","Figi":"BBG001KHJM17"}
{"o":154.23,"c":154.12,"h":154.23,"l":153.85,"v":392.0,"Time":"2020-12-02T16:45:00Z","Interval":"5min","Figi":"BBG001KHJM17"}
{"o":154.23,"c":154.24,"h":154.24,"l":153.85,"v":393.0,"Time":"2020-12-02T16:45:00Z","Interval":"5min","Figi":"BBG001KHJM17"}
{"o":154.23,"c":154.24,"h":154.24,"l":153.85,"v":492.0,"Time":"2020-12-02T16:45:00Z","Interval":"5min","Figi":"BBG001KHJM17"}
{"o":154.23,"c":154.35,"h":154.35,"l":153.85,"v":494.0,"Time":"2020-12-02T16:45:00Z","Interval":"5min","Figi":"BBG001KHJM17"}
{"o":154.23,"c":154.3,"h":154.35,"l":153.85,"v":504.0,"Time":"2020-12-02T16:45:00Z","Interval":"5min","Figi":"BBG001KHJM17"}
{"o":154.44,"c":154.5,"h":154.5,"l":154.44,"v":106.0,"Time":"2020-12-02T16:50:00Z","Interval":"5min","Figi":"BBG001KHJM17"}
{"o":154.44,"c":154.63,"h":154.63,"l":154.44,"v":412.0,"Time":"2020-12-02T16:50:00Z","Interval":"5min","Figi":"BBG001KHJM17"}
{"o":154.44,"c":154.65,"h":154.65,"l":154.44,"v":612.0,"Time":"2020-12-02T16:50:00Z","Interval":"5min","Figi":"BBG001KHJM17"}
{"o":154.44,"c":154.66,"h":154.66,"l":154.44,"v":613.0,"Time":"2020-12-02T16:50:00Z","Interval":"5min","Figi":"BBG001KHJM17"}
{"o":154.44,"c":154.7,"h":154.7,"l":154.44,"v":615.0,"Time":"2020-12-02T16:50:00Z","Interval":"5min","Figi":"BBG001KHJM17"}
{"o":154.44,"c":154.66,"h":154.7,"l":154.44,"v":915.0,"Time":"2020-12-02T16:50:00Z","Interval":"5min","Figi":"BBG001KHJM17"}
{"o":154.44,"c":154.51,"h":154.7,"l":154.44,"v":1071.0,"Time":"2020-12-02T16:50:00Z","Interval":"5min","Figi":"BBG001KHJM17"}
{"o":154.44,"c":154.48,"h":154.7,"l":154.44,"v":1283.0,"Time":"2020-12-02T16:50:00Z","Interval":"5min","Figi":"BBG001KHJM17"}
{"o":154.44,"c":154.57,"h":154.7,"l":154.44,"v":1291.0,"Time":"2020-12-02T16:50:00Z","Interval":"5min","Figi":"BBG001KHJM17"}
{"o":154.44,"c":154.6,"h":154.7,"l":154.44,"v":1303.0,"Time":"2020-12-02T16:50:00Z","Interval":"5min","Figi":"BBG001KHJM17"}
{"o":154.44,"c":154.78,"h":154.78,"l":154.44,"v":1308.0,"Time":"2020-12-02T16:50:00Z","Interval":"5min","Figi":"BBG001KHJM17"}
{"o":154.44,"c":154.78,"h":154.78,"l":154.44,"v":1405.0,"Time":"2020-12-02T16:50:00Z","Interval":"5min","Figi":"BBG001KHJM17"}
{"o":154.44,"c":154.81,"h":154.81,"l":154.44,"v":1407.0,"Time":"2020-12-02T16:50:00Z","Interval":"5min","Figi":"BBG001KHJM17"}
{"o":154.44,"c":154.9,"h":154.9,"l":154.44,"v":1500.0,"Time":"2020-12-02T16:50:00Z","Interval":"5min","Figi":"BBG001KHJM17"}
{"o":154.68,"c":154.68,"h":154.68,"l":154.68,"v":2.0,"Time":"2020-12-02T16:55:00Z","Interval":"5min","Figi":"BBG001KHJM17"}
{"o":154.68,"c":154.68,"h":154.68,"l":154.68,"v":11.0,"Time":"2020-12-02T16:55:00Z","Interval":"5min","Figi":"BBG001KHJM17"}
{"o":154.68,"c":154.9,"h":154.9,"l":154.68,"v":19.0,"Time":"2020-12-02T16:55:00Z","Interval":"5min","Figi":"BBG001KHJM17"}
{"o":154.68,"c":154.7,"h":154.91,"l":154.68,"v":31.0,"Time":"2020-12-02T16:55:00Z","Interval":"5min","Figi":"BBG001KHJM17"}
{"o":154.68,"c":154.69,"h":154.91,"l":154.68,"v":32.0,"Time":"2020-12-02T16:55:00Z","Interval":"5min","Figi":"BBG001KHJM17"}
{"o":154.68,"c":154.85,"h":154.91,"l":154.68,"v":332.0,"Time":"2020-12-02T16:55:00Z","Interval":"5min","Figi":"BBG001KHJM17"}
{"o":154.68,"c":154.91,"h":154.91,"l":154.68,"v":333.0,"Time":"2020-12-02T16:55:00Z","Interval":"5min","Figi":"BBG001KHJM17"}
{"o":154.68,"c":154.91,"h":154.91,"l":154.68,"v":334.0,"Time":"2020-12-02T16:55:00Z","Interval":"5min","Figi":"BBG001KHJM17"}
{"o":154.68,"c":154.78,"h":154.91,"l":154.68,"v":335.0,"Time":"2020-12-02T16:55:00Z","Interval":"5min","Figi":"BBG001KHJM17"}
{"o":154.68,"c":154.85,"h":154.91,"l":154.68,"v":655.0,"Time":"2020-12-02T16:55:00Z","Interval":"5min","Figi":"BBG001KHJM17"}
{"o":154.68,"c":154.82,"h":154.91,"l":154.68,"v":656.0,"Time":"2020-12-02T16:55:00Z","Interval":"5min","Figi":"BBG001KHJM17"}
{"o":154.68,"c":154.73,"h":154.91,"l":154.64,"v":690.0,"Time":"2020-12-02T16:55:00Z","Interval":"5min","Figi":"BBG001KHJM17"}
{"o":154.68,"c":154.64,"h":154.91,"l":154.64,"v":696.0,"Time":"2020-12-02T16:55:00Z","Interval":"5min","Figi":"BBG001KHJM17"}
{"o":154.68,"c":154.82,"h":154.91,"l":154.64,"v":697.0,"Time":"2020-12-02T16:55:00Z","Interval":"5min","Figi":"BBG001KHJM17"}
{"o":154.68,"c":154.73,"h":154.91,"l":154.64,"v":702.0,"Time":"2020-12-02T16:55:00Z","Interval":"5min","Figi":"BBG001KHJM17"}
{"o":154.68,"c":154.69,"h":154.91,"l":154.64,"v":752.0,"Time":"2020-12-02T16:55:00Z","Interval":"5min","Figi":"BBG001KHJM17"}
{"o":154.92,"c":154.92,"h":154.92,"l":154.92,"v":1.0,"Time":"2020-12-02T17:00:00Z","Interval":"5min","Figi":"BBG001KHJM17"}
{"o":154.92,"c":154.92,"h":154.92,"l":154.92,"v":2.0,"Time":"2020-12-02T17:00:00Z","Interval":"5min","Figi":"BBG001KHJM17"}
{"o":154.92,"c":154.94,"h":154.94,"l":154.92,"v":23.0,"Time":"2020-12-02T17:00:00Z","Interval":"5min","Figi":"BBG001KHJM17"}
{"o":154.92,"c":154.8,"h":154.94,"l":154.8,"v":24.0,"Time":"2020-12-02T17:00:00Z","Interval":"5min","Figi":"BBG001KHJM17"}
{"o":154.92,"c":154.79,"h":154.94,"l":154.79,"v":25.0,"Time":"2020-12-02T17:00:00Z","Interval":"5min","Figi":"BBG001KHJM17"}
{"o":154.92,"c":154.97,"h":154.97,"l":154.79,"v":67.0,"Time":"2020-12-02T17:00:00Z","Interval":"5min","Figi":"BBG001KHJM17"}
{"o":154.92,"c":155.0,"h":155.0,"l":154.79,"v":621.0,"Time":"2020-12-02T17:00:00Z","Interval":"5min","Figi":"BBG001KHJM17"}
{"o":154.92,"c":155.02,"h":155.02,"l":154.79,"v":1200.0,"Time":"2020-12-02T17:00:00Z","Interval":"5min","Figi":"BBG001KHJM17"}
{"o":154.92,"c":155.01,"h":155.07,"l":154.79,"v":1211.0,"Time":"2020-12-02T17:00:00Z","Interval":"5min","Figi":"BBG001KHJM17"}
{"o":154.92,"c":154.96,"h":155.07,"l":154.79,"v":1226.0,"Time":"2020-12-02T17:00:00Z","Interval":"5min","Figi":"BBG001KHJM17"}
{"o":154.92,"c":155.01,"h":155.07,"l":154.79,"v":1252.0,"Time":"2020-12-02T17:00:00Z","Interval":"5min","Figi":"BBG001KHJM17"}
{"o":154.92,"c":155.02,"h":155.07,"l":154.79,"v":1272.0,"Time":"2020-12-02T17:00:00Z","Interval":"5min","Figi":"BBG001KHJM17"}
{"o":154.68,"c":154.68,"h":154.68,"l":154.68,"v":1.0,"Time":"2020-12-02T17:05:00Z","Interval":"5min","Figi":"BBG001KHJM17"}
{"o":154.68,"c":154.82,"h":154.82,"l":154.68,"v":6.0,"Time":"2020-12-02T17:05:00Z","Interval":"5min","Figi":"BBG001KHJM17"}
{"o":154.68,"c":154.83,"h":154.83,"l":154.68,"v":7.0,"Time":"2020-12-02T17:05:00Z","Interval":"5min","Figi":"BBG001KHJM17"}
{"o":154.68,"c":154.83,"h":154.83,"l":154.68,"v":102.0,"Time":"2020-12-02T17:05:00Z","Interval":"5min","Figi":"BBG001KHJM17"}
{"o":154.68,"c":154.84,"h":154.84,"l":154.68,"v":128.0,"Time":"2020-12-02T17:05:00Z","Interval":"5min","Figi":"BBG001KHJM17"}
{"o":154.68,"c":154.85,"h":154.85,"l":154.68,"v":228.0,"Time":"2020-12-02T17:05:00Z","Interval":"5min","Figi":"BBG001KHJM17"}
{"o":154.68,"c":154.98,"h":154.98,"l":154.68,"v":306.0,"Time":"2020-12-02T17:05:00Z","Interval":"5min","Figi":"BBG001KHJM17"}
{"o":154.68,"c":154.98,"h":154.98,"l":154.68,"v":328.0,"Time":"2020-12-02T17:05:00Z","Interval":"5min","Figi":"BBG001KHJM17"}
{"o":154.68,"c":155.09,"h":155.09,"l":154.68,"v":348.0,"Time":"2020-12-02T17:05:00Z","Interval":"5min","Figi":"BBG001KHJM17"}
{"o":154.68,"c":154.81,"h":155.09,"l":154.68,"v":365.0,"Time":"2020-12-02T17:05:00Z","Interval":"5min","Figi":"BBG001KHJM17"}
{"o":154.68,"c":154.78,"h":155.09,"l":154.68,"v":403.0,"Time":"2020-12-02T17:05:00Z","Interval":"5min","Figi":"BBG001KHJM17"}
{"o":154.68,"c":154.74,"h":155.09,"l":154.68,"v":419.0,"Time":"2020-12-02T17:05:00Z","Interval":"5min","Figi":"BBG001KHJM17"}
{"o":154.68,"c":154.73,"h":155.09,"l":154.68,"v":519.0,"Time":"2020-12-02T17:05:00Z","Interval":"5min","Figi":"BBG001KHJM17"}
{"o":154.68,"c":154.71,"h":155.09,"l":154.68,"v":595.0,"Time":"2020-12-02T17:05:00Z","Interval":"5min","Figi":"BBG001KHJM17"}
{"o":154.68,"c":154.82,"h":155.09,"l":154.68,"v":752.0,"Time":"2020-12-02T17:05:00Z","Interval":"5min","Figi":"BBG001KHJM17"}
{"o":154.68,"c":154.64,"h":155.09,"l":154.64,"v":779.0,"Time":"2020-12-02T17:05:00Z","Interval":"5min","Figi":"BBG001KHJM17"}
{"o":154.68,"c":154.83,"h":155.09,"l":154.64,"v":780.0,"Time":"2020-12-02T17:05:00Z","Interval":"5min","Figi":"BBG001KHJM17"}
{"o":154.68,"c":154.84,"h":155.09,"l":154.64,"v":815.0,"Time":"2020-12-02T17:05:00Z","Interval":"5min","Figi":"BBG001KHJM17"}
{"o":154.68,"c":154.88,"h":155.09,"l":154.64,"v":915.0,"Time":"2020-12-02T17:05:00Z","Interval":"5min","Figi":"BBG001KHJM17"}
{"o":154.68,"c":154.81,"h":155.09,"l":154.64,"v":936.0,"Time":"2020-12-02T17:05:00Z","Interval":"5min","Figi":"BBG001KHJM17"}
{"o":154.68,"c":154.85,"h":155.09,"l":154.64,"v":966.0,"Time":"2020-12-02T17:05:00Z","Interval":"5min","Figi":"BBG001KHJM17"}
{"o":154.95,"c":154.97,"h":154.97,"l":154.95,"v":221.0,"Time":"2020-12-02T17:10:00Z","Interval":"5min","Figi":"BBG001KHJM17"}
{"o":154.95,"c":154.89,"h":154.97,"l":154.89,"v":224.0,"Time":"2020-12-02T17:10:00Z","Interval":"5min","Figi":"BBG001KHJM17"}
{"o":154.95,"c":154.8,"h":154.97,"l":154.8,"v":231.0,"Time":"2020-12-02T17:10:00Z","Interval":"5min","Figi":"BBG001KHJM17"}
{"o":154.95,"c":154.73,"h":154.97,"l":154.73,"v":247.0,"Time":"2020-12-02T17:10:00Z","Interval":"5min","Figi":"BBG001KHJM17"}
{"o":154.95,"c":154.8,"h":154.97,"l":154.73,"v":251.0,"Time":"2020-12-02T17:10:00Z","Interval":"5min","Figi":"BBG001KHJM17"}
{"o":154.95,"c":154.8,"h":154.97,"l":154.73,"v":255.0,"Time":"2020-12-02T17:10:00Z","Interval":"5min","Figi":"BBG001KHJM17"}
{"o":154.95,"c":154.69,"h":154.97,"l":154.69,"v":257.0,"Time":"2020-12-02T17:10:00Z","Interval":"5min","Figi":"BBG001KHJM17"}
{"o":154.95,"c":154.7,"h":154.97,"l":154.69,"v":270.0,"Time":"2020-12-02T17:10:00Z","Interval":"5min","Figi":"BBG001KHJM17"}
{"o":154.95,"c":154.75,"h":154.97,"l":154.69,"v":274.0,"Time":"2020-12-02T17:10:00Z","Interval":"5min","Figi":"BBG001KHJM17"}
{"o":154.95,"c":154.6,"h":154.97,"l":154.6,"v":311.0,"Time":"2020-12-02T17:10:00Z","Interval":"5min","Figi":"BBG001KHJM17"}
{"o":154.95,"c":154.55,"h":154.97,"l":154.55,"v":411.0,"Time":"2020-12-02T17:10:00Z","Interval":"5min","Figi":"BBG001KHJM17"}
{"o":154.95,"c":154.48,"h":154.97,"l":154.48,"v":424.0,"Time":"2020-12-02T17:10:00Z","Interval":"5min","Figi":"BBG001KHJM17"}
{"o":154.95,"c":154.48,"h":154.97,"l":154.48,"v":532.0,"Time":"2020-12-02T17:10:00Z","Interval":"5min","Figi":"BBG001KHJM17"}
{"o":154.95,"c":154.35,"h":154.97,"l":154.35,"v":543.0,"Time":"2020-12-02T17:10:00Z","Interval":"5min","Figi":"BBG001KHJM17"}
{"o":154.95,"c":154.55,"h":154.97,"l":154.35,"v":563.0,"Time":"2020-12-02T17:10:00Z","Interval":"5min","Figi":"BBG001KHJM17"}
{"o":154.42,"c":154.42,"h":154.42,"l":154.42,"v":99.0,"Time":"2020-12-02T17:15:00Z","Interval":"5min","Figi":"BBG001KHJM17"}
{"o":154.42,"c":154.42,"h":154.42,"l":154.42,"v":99.0,"Time":"2020-12-02T17:15:00Z","Interval":"5min","Figi":"BBG001KHJM17"}
{"o":154.42,"c":154.39,"h":154.6,"l":154.39,"v":279.0,"Time":"2020-12-02T17:15:00Z","Interval":"5min","Figi":"BBG001KHJM17"}
{"o":154.42,"c":154.57,"h":154.6,"l":154.39,"v":379.0,"Time":"2020-12-02T17:15:00Z","Interval":"5min","Figi":"BBG001KHJM17"}
{"o":154.42,"c":154.6,"h":154.6,"l":154.39,"v":399.0,"Time":"2020-12-02T17:15:00Z","Interval":"5min","Figi":"BBG001KHJM17"}
{"o":154.42,"c":154.6,"h":154.6,"l":154.39,"v":401.0,"Time":"2020-12-02T17:15:00Z","Interval":"5min","Figi":"BBG001KHJM17"}
{"o":154.42,"c":154.67,"h":154.67,"l":154.39,"v":411.0,"Time":"2020-12-02T17:15:00Z","Interval":"5min","Figi":"BBG001KHJM17"}
{"o":154.42,"c":154.67,"h":154.67,"l":154.39,"v":421.0,"Time":"2020-12-02T17:15:00Z","Interval":"5min","Figi":"BBG001KHJM17"}
{"o":154.42,"c":154.79,"h":154.79,"l":154.39,"v":513.0,"Time":"2020-12-02T17:15:00Z","Interval":"5min","Figi":"BBG001KHJM17"}
{"o":154.42,"c":154.81,"h":154.81,"l":154.39,"v":514.0,"Time":"2020-12-02T17:15:00Z","Interval":"5min","Figi":"BBG001KHJM17"}
{"o":154.42,"c":154.85,"h":154.85,"l":154.39,"v":523.0,"Time":"2020-12-02T17:15:00Z","Interval":"5min","Figi":"BBG001KHJM17"}
{"o":154.42,"c":154.92,"h":154.92,"l":154.39,"v":544.0,"Time":"2020-12-02T17:15:00Z","Interval":"5min","Figi":"BBG001KHJM17"}
{"o":154.42,"c":154.95,"h":154.95,"l":154.39,"v":551.0,"Time":"2020-12-02T17:15:00Z","Interval":"5min","Figi":"BBG001KHJM17"}
{"o":154.42,"c":154.68,"h":154.95,"l":154.39,"v":624.0,"Time":"2020-12-02T17:15:00Z","Interval":"5min","Figi":"BBG001KHJM17"}
{"o":154.42,"c":154.6,"h":154.95,"l":154.39,"v":743.0,"Time":"2020-12-02T17:15:00Z","Interval":"5min","Figi":"BBG001KHJM17"}
{"o":154.42,"c":154.56,"h":154.95,"l":154.39,"v":843.0,"Time":"2020-12-02T17:15:00Z","Interval":"5min","Figi":"BBG001KHJM17"}
{"o":154.42,"c":154.66,"h":154.95,"l":154.39,"v":963.0,"Time":"2020-12-02T17:15:00Z","Interval":"5min","Figi":"BBG001KHJM17"}
{"o":154.42,"c":154.56,"h":154.95,"l":154.39,"v":973.0,"Time":"2020-12-02T17:15:00Z","Interval":"5min","Figi":"BBG001KHJM17"}
{"o":154.53,"c":154.53,"h":154.53,"l":154.53,"v":4.0,"Time":"2020-12-02T17:20:00Z","Interval":"5min","Figi":"BBG001KHJM17"}
{"o":154.53,"c":154.48,"h":154.53,"l":154.48,"v":6.0,"Time":"2020-12-02T17:20:00Z","Interval":"5min","Figi":"BBG001KHJM17"}
{"o":154.53,"c":154.58,"h":154.58,"l":154.48,"v":27.0,"Time":"2020-12-02T17:20:00Z","Interval":"5min","Figi":"BBG001KHJM17"}
{"o":154.53,"c":154.52,"h":154.58,"l":154.48,"v":37.0,"Time":"2020-12-02T17:20:00Z","Interval":"5min","Figi":"BBG001KHJM17"}
{"o":154.53,"c":154.48,"h":154.58,"l":154.48,"v":60.0,"Time":"2020-12-02T17:20:00Z","Interval":"5min","Figi":"BBG001KHJM17"}
{"o":154.53,"c":154.45,"h":154.58,"l":154.45,"v":74.0,"Time":"2020-12-02T17:20:00Z","Interval":"5min","Figi":"BBG001KHJM17"}
{"o":154.53,"c":154.45,"h":154.58,"l":154.45,"v":138.0,"Time":"2020-12-02T17:20:00Z","Interval":"5min","Figi":"BBG001KHJM17"}
{"o":154.53,"c":154.56,"h":154.58,"l":154.45,"v":237.0,"Time":"2020-12-02T17:20:00Z","Interval":"5min","Figi":"BBG001KHJM17"}
{"o":154.53,"c":154.46,"h":154.58,"l":154.45,"v":238.0,"Time":"2020-12-02T17:20:00Z","Interval":"5min","Figi":"BBG001KHJM17"}
{"o":154.53,"c":154.56,"h":154.58,"l":154.45,"v":338.0,"Time":"2020-12-02T17:20:00Z","Interval":"5min","Figi":"BBG001KHJM17"}
{"o":154.53,"c":154.59,"h":154.59,"l":154.45,"v":403.0,"Time":"2020-12-02T17:20:00Z","Interval":"5min","Figi":"BBG001KHJM17"}
{"o":154.53,"c":154.64,"h":154.64,"l":154.45,"v":503.0,"Time":"2020-12-02T17:20:00Z","Interval":"5min","Figi":"BBG001KHJM17"}
{"o":154.53,"c":154.36,"h":154.64,"l":154.36,"v":504.0,"Time":"2020-12-02T17:20:00Z","Interval":"5min","Figi":"BBG001KHJM17"}
{"o":154.53,"c":154.66,"h":154.66,"l":154.36,"v":624.0,"Time":"2020-12-02T17:20:00Z","Interval":"5min","Figi":"BBG001KHJM17"}
{"o":154.66,"c":154.66,"h":154.66,"l":154.66,"v":99.0,"Time":"2020-12-02T17:25:00Z","Interval":"5min","Figi":"BBG001KHJM17"}
{"o":154.66,"c":154.48,"h":154.66,"l":154.48,"v":609.0,"Time":"2020-12-02T17:25:00Z","Interval":"5min","Figi":"BBG001KHJM17"}
{"o":154.66,"c":154.5,"h":154.66,"l":154.48,"v":622.0,"Time":"2020-12-02T17:25:00Z","Interval":"5min","Figi":"BBG001KHJM17"}
{"o":154.66,"c":154.58,"h":154.66,"l":154.48,"v":642.0,"Time":"2020-12-02T17:25:00Z","Interval":"5min","Figi":"BBG001KHJM17"}
{"o":154.66,"c":154.47,"h":154.66,"l":154.47,"v":645.0,"Time":"2020-12-02T17:25:00Z","Interval":"5min","Figi":"BBG001KHJM17"}
{"o":154.66,"c":154.57,"h":154.66,"l":154.47,"v":1035.0,"Time":"2020-12-02T17:25:00Z","Interval":"5min","Figi":"BBG001KHJM17"}
{"o":154.66,"c":154.73,"h":154.73,"l":154.47,"v":1655.0,"Time":"2020-12-02T17:25:00Z","Interval":"5min","Figi":"BBG001KHJM17"}
{"o":154.66,"c":154.73,"h":154.73,"l":154.47,"v":1755.0,"Time":"2020-12-02T17:25:00Z","Interval":"5min","Figi":"BBG001KHJM17"}
{"o":154.66,"c":154.48,"h":154.73,"l":154.47,"v":1759.0,"Time":"2020-12-02T17:25:00Z","Interval":"5min","Figi":"BBG001KHJM17"}
{"o":154.66,"c":154.46,"h":154.73,"l":154.46,"v":1765.0,"Time":"2020-12-02T17:25:00Z","Interval":"5min","Figi":"BBG001KHJM17"}
{"o":154.66,"c":154.73,"h":154.73,"l":154.46,"v":1855.0,"Time":"2020-12-02T17:25:00Z","Interval":"5min","Figi":"BBG001KHJM17"}
{"o":154.62,"c":154.62,"h":154.62,"l":154.62,"v":1.0,"Time":"2020-12-02T17:30:00Z","Interval":"5min","Figi":"BBG001KHJM17"}
{"o":154.62,"c":154.62,"h":154.62,"l":154.62,"v":11.0,"Time":"2020-12-02T17:30:00Z","Interval":"5min","Figi":"BBG001KHJM17"}
{"o":154.62,"c":154.88,"h":154.88,"l":154.62,"v":372.0,"Time":"2020-12-02T17:30:00Z","Interval":"5min","Figi":"BBG001KHJM17"}
{"o":154.62,"c":154.7,"h":154.88,"l":154.62,"v":373.0,"Time":"2020-12-02T17:30:00Z","Interval":"5min","Figi":"BBG001KHJM17"}
{"o":154.62,"c":154.89,"h":154.89,"l":154.62,"v":374.0,"Time":"2020-12-02T17:30:00Z","Interval":"5min","Figi":"BBG001KHJM17"}
{"o":154.62,"c":154.77,"h":154.89,"l":154.62,"v":823.0,"Time":"2020-12-02T17:30:00Z","Interval":"5min","Figi":"BBG001KHJM17"}
{"o":154.62,"c":154.77,"h":154.89,"l":154.62,"v":933.0,"Time":"2020-12-02T17:30:00Z","Interval":"5min","Figi":"BBG001KHJM17"}
{"o":154.62,"c":154.67,"h":154.89,"l":154.62,"v":936.0,"Time":"2020-12-02T17:30:00Z","Interval":"5min","Figi":"BBG001KHJM17"}
{"o":154.62,"c":154.54,"h":154.89,"l":154.54,"v":996.0,"Time":"2020-12-02T17:30:00Z","Interval":"5min","Figi":"BBG001KHJM17"}
{"o":154.62,"c":154.5,"h":154.89,"l":154.5,"v":998.0,"Time":"2020-12-02T17:30:00Z","Interval":"5min","Figi":"BBG001KHJM17"}
{"o":154.62,"c":154.47,"h":154.89,"l":154.47,"v":1007.0,"Time":"2020-12-02T17:30:00Z","Interval":"5min","Figi":"BBG001KHJM17"}
{"o":154.62,"c":154.65,"h":154.89,"l":154.47,"v":1290.0,"Time":"2020-12-02T17:30:00Z","Interval":"5min","Figi":"BBG001KHJM17"}
{"o":154.62,"c":154.65,"h":154.89,"l":154.47,"v":1313.0,"Time":"2020-12-02T17:30:00Z","Interval":"5min","Figi":"BBG001KHJM17"}
{"o":154.62,"c":154.44,"h":154.89,"l":154.44,"v":1315.0,"Time":"2020-12-02T17:30:00Z","Interval":"5min","Figi":"BBG001KHJM17"}
{"o":154.62,"c":154.38,"h":154.89,"l":154.38,"v":1498.0,"Time":"2020-12-02T17:30:00Z","Interval":"5min","Figi":"BBG001KHJM17"}
{"o":154.62,"c":154.33,"h":154.89,"l":154.33,"v":1499.0,"Time":"2020-12-02T17:30:00Z","Interval":"5min","Figi":"BBG001KHJM17"}
{"o":154.62,"c":154.52,"h":154.89,"l":154.33,"v":2094.0,"Time":"2020-12-02T17:30:00Z","Interval":"5min","Figi":"BBG001KHJM17"}
{"o":154.62,"c":154.52,"h":154.89,"l":154.33,"v":2174.0,"Time":"2020-12-02T17:30:00Z","Interval":"5min","Figi":"BBG001KHJM17"}
{"o":154.51,"c":154.53,"h":154.53,"l":154.51,"v":21.0,"Time":"2020-12-02T17:35:00Z","Interval":"5min","Figi":"BBG001KHJM17"}
{"o":154.51,"c":154.65,"h":154.65,"l":154.51,"v":121.0,"Time":"2020-12-02T17:35:00Z","Interval":"5min","Figi":"BBG001KHJM17"}
{"o":154.51,"c":154.64,"h":154.65,"l":154.51,"v":221.0,"Time":"2020-12-02T17:35:00Z","Interval":"5min","Figi":"BBG001KHJM17"}
{"o":154.51,"c":154.37,"h":154.65,"l":154.37,"v":469.0,"Time":"2020-12-02T17:35:00Z","Interval":"5min","Figi":"BBG001KHJM17"}
{"o":154.51,"c":154.37,"h":154.65,"l":154.37,"v":498.0,"Time":"2020-12-02T17:35:00Z","Interval":"5min","Figi":"BBG001KHJM17"}
{"o":154.51,"c":154.29,"h":154.65,"l":154.29,"v":504.0,"Time":"2020-12-02T17:35:00Z","Interval":"5min","Figi":"BBG001KHJM17"}
{"o":154.51,"c":154.29,"h":154.65,"l":154.29,"v":568.0,"Time":"2020-12-02T17:35:00Z","Interval":"5min","Figi":"BBG001KHJM17"}
{"o":154.51,"c":154.26,"h":154.65,"l":154.26,"v":609.0,"Time":"2020-12-02T17:35:00Z","Interval":"5min","Figi":"BBG001KHJM17"}
{"o":154.51,"c":154.27,"h":154.65,"l":154.26,"v":649.0,"Time":"2020-12-02T17:35:00Z","Interval":"5min","Figi":"BBG001KHJM17"}
{"o":154.51,"c":154.28,"h":154.65,"l":154.26,"v":690.0,"Time":"2020-12-02T17:35:00Z","Interval":"5min","Figi":"BBG001KHJM17"}
{"o":154.51,"c":154.2,"h":154.65,"l":154.2,"v":749.0,"Time":"2020-12-02T17:35:00Z","Interval":"5min","Figi":"BBG001KHJM17"}
{"o":154.51,"c":154.39,"h":154.65,"l":154.2,"v":850.0,"Time":"2020-12-02T17:35:00Z","Interval":"5min","Figi":"BBG001KHJM17"}
{"o":154.51,"c":154.42,"h":154.65,"l":154.2,"v":852.0,"Time":"2020-12-02T17:35:00Z","Interval":"5min","Figi":"BBG001KHJM17"}
{"o":154.35,"c":154.35,"h":154.35,"l":154.35,"v":1.0,"Time":"2020-12-02T17:40:00Z","Interval":"5min","Figi":"BBG001KHJM17"}
{"o":154.35,"c":154.42,"h":154.42,"l":154.35,"v":3.0,"Time":"2020-12-02T17:40:00Z","Interval":"5min","Figi":"BBG001KHJM17"}
{"o":154.35,"c":154.26,"h":154.42,"l":154.26,"v":83.0,"Time":"2020-12-02T17:40:00Z","Interval":"5min","Figi":"BBG001KHJM17"}
{"o":154.35,"c":154.25,"h":154.42,"l":154.25,"v":84.0,"Time":"2020-12-02T17:40:00Z","Interval":"5min","Figi":"BBG001KHJM17"}
{"o":154.35,"c":154.4,"h":154.42,"l":154.25,"v":184.0,"Time":"2020-12-02T17:40:00Z","Interval":"5min","Figi":"BBG001KHJM17"}
{"o":154.35,"c":154.46,"h":154.46,"l":154.25,"v":283.0,"Time":"2020-12-02T17:40:00Z","Interval":"5min","Figi":"BBG001KHJM17"}
{"o":154.35,"c":154.35,"h":154.46,"l":154.25,"v":484.0,"Time":"2020-12-02T17:40:00Z","Interval":"5min","Figi":"BBG001KHJM17"}
{"o":154.35,"c":154.46,"h":154.46,"l":154.25,"v":510.0,"Time":"2020-12-02T17:40:00Z","Interval":"5min","Figi":"BBG001KHJM17"}
{"o":154.35,"c":154.25,"h":154.46,"l":154.25,"v":610.0,"Time":"2020-12-02T17:40:00Z","Interval":"5min","Figi":"BBG001KHJM17"}
{"o":154.35,"c":154.23,"h":154.46,"l":154.23,"v":844.0,"Time":"2020-12-02T17:40:00Z","Interval":"5min","Figi":"BBG001KHJM17"}
{"o":154.35,"c":154.03,"h":154.46,"l":154.03,"v":845.0,"Time":"2020-12-02T17:40:00Z","Interval":"5min","Figi":"BBG001KHJM17"}
{"o":154.35,"c":154.18,"h":154.46,"l":154.03,"v":865.0,"Time":"2020-12-02T17:40:00Z","Interval":"5min","Figi":"BBG001KHJM17"}
{"o":154.29,"c":154.29,"h":154.29,"l":154.29,"v":97.0,"Time":"2020-12-02T17:45:00Z","Interval":"5min","Figi":"BBG001KHJM17"}
{"o":154.29,"c":154.17,"h":154.29,"l":154.17,"v":107.0,"Time":"2020-12-02T17:45:00Z","Interval":"5min","Figi":"BBG001KHJM17"}
{"o":154.29,"c":154.05,"h":154.29,"l":154.05,"v":133.0,"Time":"2020-12-02T17:45:00Z","Interval":"5min","Figi":"BBG001KHJM17"}
{"o":154.29,"c":154.05,"h":154.29,"l":154.05,"v":233.0,"Time":"2020-12-02T17:45:00Z","Interval":"5min","Figi":"BBG001KHJM17"}
{"o":154.29,"c":154.25,"h":154.29,"l":154.05,"v":324.0,"Time":"2020-12-02T17:45:00Z","Interval":"5min","Figi":"BBG001KHJM17"}
{"o":154.29,"c":154.15,"h":154.29,"l":154.05,"v":326.0,"Time":"2020-12-02T17:45:00Z","Interval":"5min","Figi":"BBG001KHJM17"}
{"o":154.29,"c":154.35,"h":154.35,"l":154.05,"v":512.0,"Time":"2020-12-02T17:45:00Z","Interval":"5min","Figi":"BBG001KHJM17"}
{"o":154.29,"c":154.35,"h":154.35,"l":154.05,"v":713.0,"Time":"2020-12-02T17:45:00Z","Interval":"5min","Figi":"BBG001KHJM17"}
{"o":154.29,"c":154.24,"h":154.35,"l":154.05,"v":721.0,"Time":"2020-12-02T17:45:00Z","Interval":"5min","Figi":"BBG001KHJM17"}
{"o":154.29,"c":154.0,"h":154.35,"l":154.0,"v":1012.0,"Time":"2020-12-02T17:45:00Z","Interval":"5min","Figi":"BBG001KHJM17"}
{"o":154.29,"c":153.92,"h":154.35,"l":153.91,"v":1450.0,"Time":"2020-12-02T17:45:00Z","Interval":"5min","Figi":"BBG001KHJM17"}
{"o":154.29,"c":153.96,"h":154.35,"l":153.91,"v":1550.0,"Time":"2020-12-02T17:45:00Z","Interval":"5min","Figi":"BBG001KHJM17"}
{"o":154.29,"c":153.98,"h":154.35,"l":153.91,"v":1602.0,"Time":"2020-12-02T17:45:00Z","Interval":"5min","Figi":"BBG001KHJM17"}
{"o":154.29,"c":154.01,"h":154.35,"l":153.91,"v":1751.0,"Time":"2020-12-02T17:45:00Z","Interval":"5min","Figi":"BBG001KHJM17"}
{"o":154.29,"c":154.01,"h":154.35,"l":153.91,"v":1832.0,"Time":"2020-12-02T17:45:00Z","Interval":"5min","Figi":"BBG001KHJM17"}
{"o":154.29,"c":154.09,"h":154.35,"l":153.91,"v":1942.0,"Time":"2020-12-02T17:45:00Z","Interval":"5min","Figi":"BBG001KHJM17"}
{"o":154.29,"c":154.09,"h":154.35,"l":153.91,"v":2042.0,"Time":"2020-12-02T17:45:00Z","Interval":"5min","Figi":"BBG001KHJM17"}
{"o":154.29,"c":154.11,"h":154.35,"l":153.91,"v":2262.0,"Time":"2020-12-02T17:45:00Z","Interval":"5min","Figi":"BBG001KHJM17"}
{"o":154.29,"c":154.23,"h":154.35,"l":153.91,"v":2266.0,"Time":"2020-12-02T17:45:00Z","Interval":"5min","Figi":"BBG001KHJM17"}
{"o":154.29,"c":154.24,"h":154.35,"l":153.91,"v":2267.0,"Time":"2020-12-02T17:45:00Z","Interval":"5min","Figi":"BBG001KHJM17"}
{"o":154.29,"c":154.28,"h":154.35,"l":153.91,"v":2272.0,"Time":"2020-12-02T17:45:00Z","Interval":"5min","Figi":"BBG001KHJM17"}
{"o":154.29,"c":154.24,"h":154.35,"l":153.91,"v":2372.0,"Time":"2020-12-02T17:45:00Z","Interval":"5min","Figi":"BBG001KHJM17"}
{"o":154.29,"c":154.29,"h":154.35,"l":153.91,"v":2373.0,"Time":"2020-12-02T17:45:00Z","Interval":"5min","Figi":"BBG001KHJM17"}
{"o":154.29,"c":154.18,"h":154.35,"l":153.91,"v":2532.0,"Time":"2020-12-02T17:45:00Z","Interval":"5min","Figi":"BBG001KHJM17"}
{"o":154.29,"c":154.24,"h":154.35,"l":153.91,"v":2533.0,"Time":"2020-12-02T17:45:00Z","Interval":"5min","Figi":"BBG001KHJM17"}
{"o":154.29,"c":154.29,"h":154.35,"l":153.91,"v":2633.0,"Time":"2020-12-02T17:45:00Z","Interval":"5min","Figi":"BBG001KHJM17"}
{"o":154.29,"c":154.31,"h":154.35,"l":153.91,"v":2634.0,"Time":"2020-12-02T17:45:00Z","Interval":"5min","Figi":"BBG001KHJM17"}
{"o":154.29,"c":154.35,"h":154.35,"l":153.91,"v":2750.0,"Time":"2020-12-02T17:45:00Z","Interval":"5min","Figi":"BBG001KHJM17"}
{"o":154.19,"c":154.19,"h":154.19,"l":154.19,"v":100.0,"Time":"2020-12-02T17:50:00Z","Interval":"5min","Figi":"BBG001KHJM17"}
{"o":154.19,"c":154.18,"h":154.19,"l":154.18,"v":274.0,"Time":"2020-12-02T17:50:00Z","Interval":"5min","Figi":"BBG001KHJM17"}
{"o":154.19,"c":154.3,"h":154.3,"l":154.18,"v":373.0,"Time":"2020-12-02T17:50:00Z","Interval":"5min","Figi":"BBG001KHJM17"}
{"o":154.19,"c":154.36,"h":154.36,"l":154.18,"v":398.0,"Time":"2020-12-02T17:50:00Z","Interval":"5min","Figi":"BBG001KHJM17"}
{"o":154.19,"c":154.36,"h":154.36,"l":154.18,"v":401.0,"Time":"2020-12-02T17:50:00Z","Interval":"5min","Figi":"BBG001KHJM17"}
{"o":154.19,"c":154.42,"h":154.42,"l":154.18,"v":432.0,"Time":"2020-12-02T17:50:00Z","Interval":"5min","Figi":"BBG001KHJM17"}
{"o":154.19,"c":154.4,"h":154.46,"l":154.18,"v":449.0,"Time":"2020-12-02T17:50:00Z","Interval":"5min","Figi":"BBG001KHJM17"}
{"o":154.19,"c":154.31,"h":154.46,"l":154.18,"v":451.0,"Time":"2020-12-02T17:50:00Z","Interval":"5min","Figi":"BBG001KHJM17"}
{"o":154.19,"c":154.16,"h":154.46,"l":154.16,"v":571.0,"Time":"2020-12-02T17:50:00Z","Interval":"5min","Figi":"BBG001KHJM17"}
{"o":154.19,"c":154.13,"h":154.46,"l":154.13,"v":581.0,"Time":"2020-12-02T17:50:00Z","Interval":"5min","Figi":"BBG001KHJM17"}
{"o":154.19,"c":154.12,"h":154.46,"l":154.12,"v":611.0,"Time":"2020-12-02T17:50:00Z","Interval":"5min","Figi":"BBG001KHJM17"}
{"o":154.19,"c":154.33,"h":154.46,"l":154.12,"v":671.0,"Time":"2020-12-02T17:50:00Z","Interval":"5min","Figi":"BBG001KHJM17"}
{"o":154.19,"c":154.34,"h":154.46,"l":154.12,"v":700.0,"Time":"2020-12-02T17:50:00Z","Interval":"5min","Figi":"BBG001KHJM17"}
{"o":154.19,"c":154.29,"h":154.46,"l":154.12,"v":711.0,"Time":"2020-12-02T17:50:00Z","Interval":"5min","Figi":"BBG001KHJM17"}
{"o":154.19,"c":154.44,"h":154.46,"l":154.12,"v":771.0,"Time":"2020-12-02T17:50:00Z","Interval":"5min","Figi":"BBG001KHJM17"}
{"o":154.19,"c":154.46,"h":154.46,"l":154.12,"v":793.0,"Time":"2020-12-02T17:50:00Z","Interval":"5min","Figi":"BBG001KHJM17"}
{"o":154.19,"c":154.51,"h":154.51,"l":154.12,"v":903.0,"Time":"2020-12-02T17:50:00Z","Interval":"5min","Figi":"BBG001KHJM17"}
{"o":154.19,"c":154.54,"h":154.54,"l":154.12,"v":943.0,"Time":"2020-12-02T17:50:00Z","Interval":"5min","Figi":"BBG001KHJM17"}
{"o":154.19,"c":154.57,"h":154.57,"l":154.12,"v":978.0,"Time":"2020-12-02T17:50:00Z","Interval":"5min","Figi":"BBG001KHJM17"}
{"o":154.19,"c":154.58,"h":154.58,"l":154.12,"v":997.0,"Time":"2020-12-02T17:50:00Z","Interval":"5min","Figi":"BBG001KHJM17"}
{"o":154.19,"c":154.6,"h":154.6,"l":154.12,"v":1005.0,"Time":"2020-12-02T17:50:00Z","Interval":"5min","Figi":"BBG001KHJM17"}
{"o":154.19,"c":154.66,"h":154.66,"l":154.12,"v":1016.0,"Time":"2020-12-02T17:50:00Z","Interval":"5min","Figi":"BBG001KHJM17"}
{"o":154.19,"c":154.5,"h":154.66,"l":154.12,"v":1116.0,"Time":"2020-12-02T17:50:00Z","Interval":"5min","Figi":"BBG001KHJM17"}
{"o":154.19,"c":154.49,"h":154.66,"l":154.12,"v":1316.0,"Time":"2020-12-02T17:50:00Z","Interval":"5min","Figi":"BBG001KHJM17"}
{"o":154.19,"c":154.66,"h":154.66,"l":154.12,"v":1317.0,"Time":"2020-12-02T17:50:00Z","Interval":"5min","Figi":"BBG001KHJM17"}
{"o":154.19,"c":154.67,"h":154.67,"l":154.12,"v":1318.0,"Time":"2020-12-02T17:50:00Z","Interval":"5min","Figi":"BBG001KHJM17"}
{"o":154.19,"c":154.68,"h":154.68,"l":154.12,"v":1319.0,"Time":"2020-12-02T17:50:00Z","Interval":"5min","Figi":"BBG001KHJM17"}
{"o":154.19,"c":154.69,"h":154.69,"l":154.12,"v":1320.0,"Time":"2020-12-02T17:50:00Z","Interval":"5min","Figi":"BBG001KHJM17"}
{"o":154.19,"c":154.7,"h":154.7,"l":154.12,"v":1321.0,"Time":"2020-12-02T17:50:00Z","Interval":"5min","Figi":"BBG001KHJM17"}
{"o":154.19,"c":154.71,"h":154.71,"l":154.12,"v":1322.0,"Time":"2020-12-02T17:50:00Z","Interval":"5min","Figi":"BBG001KHJM17"}
{"o":154.19,"c":154.72,"h":154.72,"l":154.12,"v":1323.0,"Time":"2020-12-02T17:50:00Z","Interval":"5min","Figi":"BBG001KHJM17"}
{"o":154.19,"c":154.75,"h":154.75,"l":154.12,"v":1325.0,"Time":"2020-12-02T17:50:00Z","Interval":"5min","Figi":"BBG001KHJM17"}
{"o":154.19,"c":154.66,"h":154.75,"l":154.12,"v":1425.0,"Time":"2020-12-02T17:50:00Z","Interval":"5min","Figi":"BBG001KHJM17"}
{"o":154.19,"c":154.67,"h":154.75,"l":154.12,"v":1426.0,"Time":"2020-12-02T17:50:00Z","Interval":"5min","Figi":"BBG001KHJM17"}
{"o":154.19,"c":154.69,"h":154.75,"l":154.12,"v":1428.0,"Time":"2020-12-02T17:50:00Z","Interval":"5min","Figi":"BBG001KHJM17"}
{"o":154.19,"c":154.7,"h":154.75,"l":154.12,"v":1429.0,"Time":"2020-12-02T17:50:00Z","Interval":"5min","Figi":"BBG001KHJM17"}
{"o":154.19,"c":154.71,"h":154.75,"l":154.12,"v":1430.0,"Time":"2020-12-02T17:50:00Z","Interval":"5min","Figi":"BBG001KHJM17"}
{"o":154.19,"c":154.75,"h":154.75,"l":154.12,"v":1433.0,"Time":"2020-12-02T17:50:00Z","Interval":"5min","Figi":"BBG001KHJM17"}
{"o":154.19,"c":154.66,"h":154.75,"l":154.12,"v":1533.0,"Time":"2020-12-02T17:50:00Z","Interval":"5min","Figi":"BBG001KHJM17"}
{"o":154.72,"c":154.72,"h":154.72,"l":154.72,"v":20.0,"Time":"2020-12-02T17:55:00Z","Interval":"5min","Figi":"BBG001KHJM17"}
{"o":154.72,"c":154.72,"h":154.72,"l":154.72,"v":91.0,"Time":"2020-12-02T17:55:00Z","Interval":"5min","Figi":"BBG001KHJM17"}
{"o":154.72,"c":154.77,"h":154.77,"l":154.72,"v":94.0,"Time":"2020-12-02T17:55:00Z","Interval":"5min","Figi":"BBG001KHJM17"}
{"o":154.72,"c":154.83,"h":154.83,"l":154.72,"v":123.0,"Time":"2020-12-02T17:55:00Z","Interval":"5min","Figi":"BBG001KHJM17"}
{"o":154.72,"c":154.8,"h":154.83,"l":154.72,"v":131.0,"Time":"2020-12-02T17:55:00Z","Interval":"5min","Figi":"BBG001KHJM17"}
{"o":154.72,"c":154.7,"h":154.83,"l":154.7,"v":438.0,"Time":"2020-12-02T17:55:00Z","Interval":"5min","Figi":"BBG001KHJM17"}
{"o":154.72,"c":154.56,"h":154.83,"l":154.56,"v":439.0,"Time":"2020-12-02T17:55:00Z","Interval":"5min","Figi":"BBG001KHJM17"}
{"o":154.49,"c":154.49,"h":154.49,"l":154.49,"v":7.0,"Time":"2020-12-02T18:00:00Z","Interval":"5min","Figi":"BBG001KHJM17"}
{"o":154.49,"c":154.68,"h":154.68,"l":154.49,"v":80.0,"Time":"2020-12-02T18:00:00Z","Interval":"5min","Figi":"BBG001KHJM17"}
{"o":154.49,"c":154.68,"h":154.68,"l":154.49,"v":148.0,"Time":"2020-12-02T18:00:00Z","Interval":"5min","Figi":"BBG001KHJM17"}
{"o":154.49,"c":154.69,"h":154.69,"l":154.49,"v":448.0,"Time":"2020-12-02T18:00:00Z","Interval":"5min","Figi":"BBG001KHJM17"}
{"o":154.49,"c":154.76,"h":154.76,"l":154.49,"v":469.0,"Time":"2020-12-02T18:00:00Z","Interval":"5min","Figi":"BBG001KHJM17"}
{"o":154.49,"c":154.83,"h":154.83,"l":154.49,"v":575.0,"Time":"2020-12-02T18:00:00Z","Interval":"5min","Figi":"BBG001KHJM17"}
{"o":154.49,"c":154.83,"h":154.83,"l":154.49,"v":761.0,"Time":"2020-12-02T18:00:00Z","Interval":"5min","Figi":"BBG001KHJM17"}
{"o":154.49,"c":154.84,"h":154.84,"l":154.49,"v":801.0,"Time":"2020-12-02T18:00:00Z","Interval":"5min","Figi":"BBG001KHJM17"}
{"o":154.49,"c":154.81,"h":154.84,"l":154.49,"v":826.0,"Time":"2020-12-02T18:00:00Z","Interval":"5min","Figi":"BBG001KHJM17"}
{"o":154.49,"c":154.71,"h":154.84,"l":154.49,"v":922.0,"Time":"2020-12-02T18:00:00Z","Interval":"5min","Figi":"BBG001KHJM17"}
{"o":154.49,"c":154.66,"h":154.84,"l":154.49,"v":1007.0,"Time":"2020-12-02T18:00:00Z","Interval":"5min","Figi":"BBG001KHJM17"}
{"o":154.49,"c":154.66,"h":154.84,"l":154.49,"v":1105.0,"Time":"2020-12-02T18:00:00Z","Interval":"5min","Figi":"BBG001KHJM17"}
{"o":154.49,"c":154.58,"h":154.84,"l":154.49,"v":1205.0,"Time":"2020-12-02T18:00:00Z","Interval":"5min","Figi":"BBG001KHJM17"}
{"o":154.49,"c":154.55,"h":154.84,"l":154.49,"v":1206.0,"Time":"2020-12-02T18:00:00Z","Interval":"5min","Figi":"BBG001KHJM17"}
{"o":154.49,"c":154.79,"h":154.84,"l":154.49,"v":1227.0,"Time":"2020-12-02T18:00:00Z","Interval":"5min","Figi":"BBG001KHJM17"}
{"o":154.81,"c":154.81,"h":154.81,"l":154.81,"v":79.0,"Time":"2020-12-02T18:05:00Z","Interval":"5min","Figi":"BBG001KHJM17"}
{"o":154.81,"c":154.82,"h":154.82,"l":154.81,"v":127.0,"Time":"2020-12-02T18:05:00Z","Interval":"5min","Figi":"BBG001KHJM17"}
{"o":154.81,"c":154.9,"h":154.9,"l":154.81,"v":251.0,"Time":"2020-12-02T18:05:00Z","Interval":"5min","Figi":"BBG001KHJM17"}
{"o":154.81,"c":154.92,"h":154.92,"l":154.81,"v":257.0,"Time":"2020-12-02T18:05:00Z","Interval":"5min","Figi":"BBG001KHJM17"}
{"o":154.81,"c":154.92,"h":154.92,"l":154.81,"v":277.0,"Time":"2020-12-02T18:05:00Z","Interval":"5min","Figi":"BBG001KHJM17"}
{"o":154.81,"c":154.93,"h":154.93,"l":154.81,"v":285.0,"Time":"2020-12-02T18:05:00Z","Interval":"5min","Figi":"BBG001KHJM17"}
{"o":154.81,"c":154.94,"h":154.94,"l":154.81,"v":290.0,"Time":"2020-12-02T18:05:00Z","Interval":"5min","Figi":"BBG001KHJM17"}
{"o":154.81,"c":154.96,"h":154.96,"l":154.81,"v":295.0,"Time":"2020-12-02T18:05:00Z","Interval":"5min","Figi":"BBG001KHJM17"}
{"o":154.81,"c":154.98,"h":154.98,"l":154.81,"v":297.0,"Time":"2020-12-02T18:05:00Z","Interval":"5min","Figi":"BBG001KHJM17"}
{"o":154.81,"c":154.98,"h":154.98,"l":154.81,"v":298.0,"Time":"2020-12-02T18:05:00Z","Interval":"5min","Figi":"BBG001KHJM17"}
{"o":154.81,"c":155.0,"h":155.0,"l":154.81,"v":314.0,"Time":"2020-12-02T18:05:00Z","Interval":"5min","Figi":"BBG001KHJM17"}
{"o":154.81,"c":154.79,"h":155.0,"l":154.79,"v":383.0,"Time":"2020-12-02T18:05:00Z","Interval":"5min","Figi":"BBG001KHJM17"}
{"o":154.81,"c":154.99,"h":155.0,"l":154.79,"v":585.0,"Time":"2020-12-02T18:05:00Z","Interval":"5min","Figi":"BBG001KHJM17"}
{"o":154.81,"c":155.0,"h":155.0,"l":154.79,"v":785.0,"Time":"2020-12-02T18:05:00Z","Interval":"5min","Figi":"BBG001KHJM17"}
{"o":154.81,"c":155.01,"h":155.01,"l":154.79,"v":786.0,"Time":"2020-12-02T18:05:00Z","Interval":"5min","Figi":"BBG001KHJM17"}
{"o":154.81,"c":155.01,"h":155.01,"l":154.79,"v":787.0,"Time":"2020-12-02T18:05:00Z","Interval":"5min","Figi":"BBG001KHJM17"}
{"o":154.81,"c":155.02,"h":155.02,"l":154.79,"v":810.0,"Time":"2020-12-02T18:05:00Z","Interval":"5min","Figi":"BBG001KHJM17"}
{"o":154.81,"c":154.92,"h":155.02,"l":154.79,"v":1041.0,"Time":"2020-12-02T18:05:00Z","Interval":"5min","Figi":"BBG001KHJM17"}
{"o":154.81,"c":154.92,"h":155.02,"l":154.79,"v":1049.0,"Time":"2020-12-02T18:05:00Z","Interval":"5min","Figi":"BBG001KHJM17"}
{"o":154.81,"c":154.77,"h":155.02,"l":154.77,"v":1051.0,"Time":"2020-12-02T18:05:00Z","Interval":"5min","Figi":"BBG001KHJM17"}
{"o":154.81,"c":154.77,"h":155.02,"l":154.77,"v":1151.0,"Time":"2020-12-02T18:05:00Z","Interval":"5min","Figi":"BBG001KHJM17"}
{"o":154.81,"c":154.7,"h":155.02,"l":154.7,"v":1157.0,"Time":"2020-12-02T18:05:00Z","Interval":"5min","Figi":"BBG001KHJM17"}
{"o":154.81,"c":154.67,"h":155.02,"l":154.67,"v":1417.0,"Time":"2020-12-02T18:05:00Z","Interval":"5min","Figi":"BBG001KHJM17"}
{"o":154.64,"c":154.78,"h":154.78,"l":154.64,"v":188.0,"Time":"2020-12-02T18:10:00Z","Interval":"5min","Figi":"BBG001KHJM17"}
{"o":154.64,"c":154.83,"h":154.83,"l":154.64,"v":294.0,"Time":"2020-12-02T18:10:00Z","Interval":"5min","Figi":"BBG001KHJM17"}
{"o":154.64,"c":154.91,"h":154.91,"l":154.64,"v":734.0,"Time":"2020-12-02T18:10:00Z","Interval":"5min","Figi":"BBG001KHJM17"}
{"o":154.64,"c":155.04,"h":155.04,"l":154.64,"v":735.0,"Time":"2020-12-02T18:10:00Z","Interval":"5min","Figi":"BBG001KHJM17"}
{"o":154.64,"c":154.94,"h":155.04,"l":154.64,"v":736.0,"Time":"2020-12-02T18:10:00Z","Interval":"5min","Figi":"BBG001KHJM17"}
{"o":154.64,"c":154.88,"h":155.04,"l":154.64,"v":742.0,"Time":"2020-12-02T18:10:00Z","Interval":"5min","Figi":"BBG001KHJM17"}
{"o":154.64,"c":154.88,"h":155.04,"l":154.64,"v":770.0,"Time":"2020-12-02T18:10:00Z","Interval":"5min","Figi":"BBG001KHJM17"}
{"o":154.64,"c":154.88,"h":155.04,"l":154.64,"v":822.0,"Time":"2020-12-02T18:10:00Z","Interval":"5min","Figi":"BBG001KHJM17"}
{"o":154.64,"c":154.83,"h":155.04,"l":154.64,"v":824.0,"Time":"2020-12-02T18:10:00Z","Interval":"5min","Figi":"BBG001KHJM17"}
{"o":154.64,"c":154.91,"h":155.04,"l":154.64,"v":856.0,"Time":"2020-12-02T18:10:00Z","Interval":"5min","Figi":"BBG001KHJM17"}
{"o":154.99,"c":155.01,"h":155.01,"l":154.99,"v":92.0,"Time":"2020-12-02T18:15:00Z","Interval":"5min","Figi":"BBG001KHJM17"}
{"o":154.99,"c":155.02,"h":155.02,"l":154.99,"v":93.0,"Time":"2020-12-02T18:15:00Z","Interval":"5min","Figi":"BBG001KHJM17"}
{"o":154.99,"c":155.1,"h":155.1,"l":154.99,"v":124.0,"Time":"2020-12-02T18:15:00Z","Interval":"5min","Figi":"BBG001KHJM17"}
{"o":154.99,"c":155.11,"h":155.11,"l":154.99,"v":126.0,"Time":"2020-12-02T18:15:00Z","Interval":"5min","Figi":"BBG001KHJM17"}
{"o":154.99,"c":155.12,"h":155.12,"l":154.99,"v":127.0,"Time":"2020-12-02T18:15:00Z","Interval":"5min","Figi":"BBG001KHJM17"}
{"o":154.99,"c":155.0,"h":155.12,"l":154.99,"v":232.0,"Time":"2020-12-02T18:15:00Z","Interval":"5min","Figi":"BBG001KHJM17"}
{"o":154.99,"c":155.13,"h":155.13,"l":154.99,"v":235.0,"Time":"2020-12-02T18:15:00Z","Interval":"5min","Figi":"BBG001KHJM17"}
{"o":154.99,"c":155.15,"h":155.15,"l":154.99,"v":298.0,"Time":"2020-12-02T18:15:00Z","Interval":"5min","Figi":"BBG001KHJM17"}
{"o":154.99,"c":155.17,"h":155.17,"l":154.99,"v":303.0,"Time":"2020-12-02T18:15:00Z","Interval":"5min","Figi":"BBG001KHJM17"}
{"o":154.99,"c":155.18,"h":155.18,"l":154.99,"v":304.0,"Time":"2020-12-02T18:15:00Z","Interval":"5min","Figi":"BBG001KHJM17"}
{"o":154.99,"c":155.19,"h":155.19,"l":154.99,"v":305.0,"Time":"2020-12-02T18:15:00Z","Interval":"5min","Figi":"BBG001KHJM17"}
{"o":154.99,"c":155.26,"h":155.26,"l":154.99,"v":311.0,"Time":"2020-12-02T18:15:00Z","Interval":"5min","Figi":"BBG001KHJM17"}
{"o":154.99,"c":155.21,"h":155.26,"l":154.99,"v":312.0,"Time":"2020-12-02T18:15:00Z","Interval":"5min","Figi":"BBG001KHJM17"}
{"o":154.99,"c":155.21,"h":155.26,"l":154.99,"v":322.0,"Time":"2020-12-02T18:15:00Z","Interval":"5min","Figi":"BBG001KHJM17"}
{"o":154.99,"c":155.1,"h":155.26,"l":154.99,"v":422.0,"Time":"2020-12-02T18:15:00Z","Interval":"5min","Figi":"BBG001KHJM17"}
{"o":154.99,"c":155.09,"h":155.26,"l":154.99,"v":460.0,"Time":"2020-12-02T18:15:00Z","Interval":"5min","Figi":"BBG001KHJM17"}
{"o":154.99,"c":155.06,"h":155.26,"l":154.99,"v":579.0,"Time":"2020-12-02T18:15:00Z","Interval":"5min","Figi":"BBG001KHJM17"}
{"o":154.99,"c":155.0,"h":155.26,"l":154.99,"v":697.0,"Time":"2020-12-02T18:15:00Z","Interval":"5min","Figi":"BBG001KHJM17"}
{"o":154.99,"c":154.88,"h":155.26,"l":154.88,"v":703.0,"Time":"2020-12-02T18:15:00Z","Interval":"5min","Figi":"BBG001KHJM17"}
{"o":154.66,"c":154.66,"h":154.66,"l":154.66,"v":1.0,"Time":"2020-12-02T18:20:00Z","Interval":"5min","Figi":"BBG001KHJM17"}
{"o":154.66,"c":154.66,"h":154.66,"l":154.66,"v":11.0,"Time":"2020-12-02T18:20:00Z","Interval":"5min","Figi":"BBG001KHJM17"}
{"o":154.66,"c":154.51,"h":154.66,"l":154.5,"v":32.0,"Time":"2020-12-02T18:20:00Z","Interval":"5min","Figi":"BBG001KHJM17"}
{"o":154.66,"c":154.4,"h":154.66,"l":154.4,"v":131.0,"Time":"2020-12-02T18:20:00Z","Interval":"5min","Figi":"BBG001KHJM17"}
{"o":154.66,"c":154.65,"h":154.66,"l":154.4,"v":132.0,"Time":"2020-12-02T18:20:00Z","Interval":"5min","Figi":"BBG001KHJM17"}
{"o":154.66,"c":154.75,"h":154.75,"l":154.4,"v":365.0,"Time":"2020-12-02T18:20:00Z","Interval":"5min","Figi":"BBG001KHJM17"}
{"o":154.66,"c":154.77,"h":154.77,"l":154.4,"v":428.0,"Time":"2020-12-02T18:20:00Z","Interval":"5min","Figi":"BBG001KHJM17"}
{"o":154.66,"c":154.8,"h":154.8,"l":154.4,"v":464.0,"Time":"2020-12-02T18:20:00Z","Interval":"5min","Figi":"BBG001KHJM17"}
{"o":154.66,"c":154.8,"h":154.8,"l":154.4,"v":465.0,"Time":"2020-12-02T18:20:00Z","Interval":"5min","Figi":"BBG001KHJM17"}
{"o":154.66,"c":154.8,"h":154.8,"l":154.4,"v":466.0,"Time":"2020-12-02T18:20:00Z","Interval":"5min","Figi":"BBG001KHJM17"}
{"o":154.66,"c":154.8,"h":154.8,"l":154.4,"v":468.0,"Time":"2020-12-02T18:20:00Z","Interval":"5min","Figi":"BBG001KHJM17"}
{"o":154.66,"c":154.91,"h":154.91,"l":154.4,"v":497.0,"Time":"2020-12-02T18:20:00Z","Interval":"5min","Figi":"BBG001KHJM17"}
{"o":154.66,"c":154.95,"h":154.95,"l":154.4,"v":535.0,"Time":"2020-12-02T18:20:00Z","Interval":"5min","Figi":"BBG001KHJM17"}
{"o":154.66,"c":154.96,"h":154.96,"l":154.4,"v":536.0,"Time":"2020-12-02T18:20:00Z","Interval":"5min","Figi":"BBG001KHJM17"}
{"o":154.66,"c":154.96,"h":154.96,"l":154.4,"v":541.0,"Time":"2020-12-02T18:20:00Z","Interval":"5min","Figi":"BBG001KHJM17"}
{"o":154.66,"c":154.96,"h":154.96,"l":154.4,"v":543.0,"Time":"2020-12-02T18:20:00Z","Interval":"5min","Figi":"BBG001KHJM17"}
{"o":154.66,"c":154.83,"h":154.96,"l":154.4,"v":544.0,"Time":"2020-12-02T18:20:00Z","Interval":"5min","Figi":"BBG001KHJM17"}
{"o":154.78,"c":154.78,"h":154.78,"l":154.78,"v":2.0,"Time":"2020-12-02T18:25:00Z","Interval":"5min","Figi":"BBG001KHJM17"}
{"o":154.78,"c":154.62,"h":154.78,"l":154.62,"v":202.0,"Time":"2020-12-02T18:25:00Z","Interval":"5min","Figi":"BBG001KHJM17"}
{"o":154.78,"c":154.62,"h":154.78,"l":154.62,"v":257.0,"Time":"2020-12-02T18:25:00Z","Interval":"5min","Figi":"BBG001KHJM17"}
{"o":154.78,"c":154.62,"h":154.78,"l":154.62,"v":285.0,"Time":"2020-12-02T18:25:00Z","Interval":"5min","Figi":"BBG001KHJM17"}
{"o":154.78,"c":154.77,"h":154.78,"l":154.62,"v":600.0,"Time":"2020-12-02T18:25:00Z","Interval":"5min","Figi":"BBG001KHJM17"}
{"o":154.78,"c":154.77,"h":154.78,"l":154.62,"v":701.0,"Time":"2020-12-02T18:25:00Z","Interval":"5min","Figi":"BBG001KHJM17"}
{"o":154.78,"c":154.88,"h":154.88,"l":154.62,"v":706.0,"Time":"2020-12-02T18:25:00Z","Interval":"5min","Figi":"BBG001KHJM17"}
{"o":154.78,"c":154.73,"h":154.88,"l":154.62,"v":707.0,"Time":"2020-12-02T18:25:00Z","Interval":"5min","Figi":"BBG001KHJM17"}
{"o":154.7,"c":154.7,"h":154.7,"l":154.7,"v":1.0,"Time":"2020-12-02T18:30:00Z","Interval":"5min","Figi":"BBG001KHJM17"}
{"o":154.7,"c":154.59,"h":154.7,"l":154.59,"v":4.0,"Time":"2020-12-02T18:30:00Z","Interval":"5min","Figi":"BBG001KHJM17"}
{"o":154.7,"c":154.58,"h":154.7,"l":154.58,"v":71.0,"Time":"2020-12-02T18:30:00Z","Interval":"5min","Figi":"BBG001KHJM17"}
{"o":154.7,"c":154.71,"h":154.71,"l":154.58,"v":91.0,"Time":"2020-12-02T18:30:00Z","Interval":"5min","Figi":"BBG001KHJM17"}
{"o":154.7,"c":154.61,"h":154.71,"l":154.58,"v":92.0,"Time":"2020-12-02T18:30:00Z","Interval":"5min","Figi":"BBG001KHJM17"}
{"o":154.7,"c":154.7,"h":154.71,"l":154.58,"v":182.0,"Time":"2020-12-02T18:30:00Z","Interval":"5min","Figi":"BBG001KHJM17"}
{"o":154.7,"c":154.71,"h":154.71,"l":154.58,"v":375.0,"Time":"2020-12-02T18:30:00Z","Interval":"5min","Figi":"BBG001KHJM17"}
{"o":154.7,"c":154.72,"h":154.72,"l":154.58,"v":461.0,"Time":"2020-12-02T18:30:00Z","Interval":"5min","Figi":"BBG001KHJM17"}
{"o":154.7,"c":154.61,"h":154.72,"l":154.58,"v":529.0,"Time":"2020-12-02T18:30:00Z","Interval":"5min","Figi":"BBG001KHJM17"}
{"o":154.7,"c":154.61,"h":154.72,"l":154.58,"v":629.0,"Time":"2020-12-02T18:30:00Z","Interval":"5min","Figi":"BBG001KHJM17"}
{"o":154.7,"c":154.6,"h":154.72,"l":154.58,"v":694.0,"Time":"2020-12-02T18:30:00Z","Interval":"5min","Figi":"BBG001KHJM17"}
{"o":154.7,"c":154.59,"h":154.72,"l":154.58,"v":704.0,"Time":"2020-12-02T18:30:00Z","Interval":"5min","Figi":"BBG001KHJM17"}
{"o":154.7,"c":154.6,"h":154.72,"l":154.58,"v":804.0,"Time":"2020-12-02T18:30:00Z","Interval":"5min","Figi":"BBG001KHJM17"}
{"o":154.7,"c":154.54,"h":154.72,"l":154.54,"v":805.0,"Time":"2020-12-02T18:30:00Z","Interval":"5min","Figi":"BBG001KHJM17"}
{"o":154.7,"c":154.61,"h":154.72,"l":154.54,"v":825.0,"Time":"2020-12-02T18:30:00Z","Interval":"5min","Figi":"BBG001KHJM17"}
{"o":154.7,"c":154.72,"h":154.72,"l":154.54,"v":914.0,"Time":"2020-12-02T18:30:00Z","Interval":"5min","Figi":"BBG001KHJM17"}
{"o":154.7,"c":154.74,"h":154.74,"l":154.54,"v":920.0,"Time":"2020-12-02T18:30:00Z","Interval":"5min","Figi":"BBG001KHJM17"}
{"o":154.7,"c":154.78,"h":154.78,"l":154.54,"v":921.0,"Time":"2020-12-02T18:30:00Z","Interval":"5min","Figi":"BBG001KHJM17"}
{"o":154.79,"c":154.79,"h":154.79,"l":154.79,"v":2.0,"Time":"2020-12-02T18:35:00Z","Interval":"5min","Figi":"BBG001KHJM17"}
{"o":154.79,"c":154.81,"h":154.81,"l":154.79,"v":4.0,"Time":"2020-12-02T18:35:00Z","Interval":"5min","Figi":"BBG001KHJM17"}
{"o":154.79,"c":154.81,"h":154.81,"l":154.79,"v":7.0,"Time":"2020-12-02T18:35:00Z","Interval":"5min","Figi":"BBG001KHJM17"}
{"o":154.79,"c":154.79,"h":154.81,"l":154.79,"v":9.0,"Time":"2020-12-02T18:35:00Z","Interval":"5min","Figi":"BBG001KHJM17"}
{"o":154.79,"c":154.84,"h":154.84,"l":154.79,"v":95.0,"Time":"2020-12-02T18:35:00Z","Interval":"5min","Figi":"BBG001KHJM17"}
{"o":154.79,"c":154.86,"h":154.86,"l":154.79,"v":99.0,"Time":"2020-12-02T18:35:00Z","Interval":"5min","Figi":"BBG001KHJM17"}
{"o":154.79,"c":154.86,"h":154.86,"l":154.79,"v":100.0,"Time":"2020-12-02T18:35:00Z","Interval":"5min","Figi":"BBG001KHJM17"}
{"o":154.79,"c":154.87,"h":154.87,"l":154.79,"v":183.0,"Time":"2020-12-02T18:35:00Z","Interval":"5min","Figi":"BBG001KHJM17"}
{"o":154.79,"c":154.87,"h":154.87,"l":154.79,"v":184.0,"Time":"2020-12-02T18:35:00Z","Interval":"5min","Figi":"BBG001KHJM17"}
{"o":154.79,"c":154.89,"h":154.89,"l":154.79,"v":186.0,"Time":"2020-12-02T18:35:00Z","Interval":"5min","Figi":"BBG001KHJM17"}
{"o":154.79,"c":154.89,"h":154.89,"l":154.79,"v":186.0,"Time":"2020-12-02T18:35:00Z","Interval":"5min","Figi":"BBG001KHJM17"}
{"o":154.79,"c":154.82,"h":154.89,"l":154.79,"v":187.0,"Time":"2020-12-02T18:35:00Z","Interval":"5min","Figi":"BBG001KHJM17"}
{"o":154.79,"c":154.83,"h":154.89,"l":154.79,"v":197.0,"Time":"2020-12-02T18:35:00Z","Interval":"5min","Figi":"BBG001KHJM17"}
{"o":154.79,"c":154.83,"h":154.89,"l":154.79,"v":207.0,"Time":"2020-12-02T18:35:00Z","Interval":"5min","Figi":"BBG001KHJM17"}
{"o":154.79,"c":154.85,"h":154.89,"l":154.79,"v":209.0,"Time":"2020-12-02T18:35:00Z","Interval":"5min","Figi":"BBG001KHJM17"}
{"o":154.73,"c":154.73,"h":154.73,"l":154.73,"v":100.0,"Time":"2020-12-02T18:40:00Z","Interval":"5min","Figi":"BBG001KHJM17"}
{"o":154.73,"c":154.65,"h":154.73,"l":154.65,"v":101.0,"Time":"2020-12-02T18:40:00Z","Interval":"5min","Figi":"BBG001KHJM17"}
{"o":154.73,"c":154.78,"h":154.78,"l":154.65,"v":121.0,"Time":"2020-12-02T18:40:00Z","Interval":"5min","Figi":"BBG001KHJM17"}
{"o":154.73,"c":154.7,"h":154.78,"l":154.65,"v":124.0,"Time":"2020-12-02T18:40:00Z","Interval":"5min","Figi":"BBG001KHJM17"}
{"o":154.73,"c":154.7,"h":154.78,"l":154.65,"v":127.0,"Time":"2020-12-02T18:40:00Z","Interval":"5min","Figi":"BBG001KHJM17"}
{"o":154.73,"c":154.67,"h":154.78,"l":154.65,"v":254.0,"Time":"2020-12-02T18:40:00Z","Interval":"5min","Figi":"BBG001KHJM17"}
{"o":154.73,"c":154.67,"h":154.78,"l":154.65,"v":259.0,"Time":"2020-12-02T18:40:00Z","Interval":"5min","Figi":"BBG001KHJM17"}
{"o":154.73,"c":154.64,"h":154.78,"l":154.64,"v":265.0,"Time":"2020-12-02T18:40:00Z","Interval":"5min","Figi":"BBG001KHJM17"}
{"o":154.73,"c":154.69,"h":154.78,"l":154.64,"v":291.0,"Time":"2020-12-02T18:40:00Z","Interval":"5min","Figi":"BBG001KHJM17"}
{"o":154.73,"c":154.69,"h":154.78,"l":154.64,"v":530.0,"Time":"2020-12-02T18:40:00Z","Interval":"5min","Figi":"BBG001KHJM17"}
{"o":154.73,"c":154.69,"h":154.78,"l":154.64,"v":536.0,"Time":"2020-12-02T18:40:00Z","Interval":"5min","Figi":"BBG001KHJM17"}
{"o":154.73,"c":154.7,"h":154.78,"l":154.64,"v":706.0,"Time":"2020-12-02T18:40:00Z","Interval":"5min","Figi":"BBG001KHJM17"}
{"o":154.73,"c":154.66,"h":154.78,"l":154.64,"v":808.0,"Time":"2020-12-02T18:40:00Z","Interval":"5min","Figi":"BBG001KHJM17"}
{"o":154.73,"c":154.61,"h":154.78,"l":154.61,"v":878.0,"Time":"2020-12-02T18:40:00Z","Interval":"5min","Figi":"BBG001KHJM17"}
{"o":154.73,"c":154.66,"h":154.78,"l":154.61,"v":880.0,"Time":"2020-12-02T18:40:00Z","Interval":"5min","Figi":"BBG001KHJM17"}
{"o":154.73,"c":154.75,"h":154.78,"l":154.61,"v":979.0,"Time":"2020-12-02T18:40:00Z","Interval":"5min","Figi":"BBG001KHJM17"}
{"o":154.73,"c":154.76,"h":154.78,"l":154.61,"v":1079.0,"Time":"2020-12-02T18:40:00Z","Interval":"5min","Figi":"BBG001KHJM17"}
{"o":154.73,"c":154.76,"h":154.78,"l":154.61,"v":1091.0,"Time":"2020-12-02T18:40:00Z","Interval":"5min","Figi":"BBG001KHJM17"}
{"o":154.74,"c":154.74,"h":154.74,"l":154.74,"v":1.0,"Time":"2020-12-02T18:45:00Z","Interval":"5min","Figi":"BBG001KHJM17"}
{"o":154.74,"c":154.7,"h":154.74,"l":154.7,"v":171.0,"Time":"2020-12-02T18:45:00Z","Interval":"5min","Figi":"BBG001KHJM17"}
{"o":154.74,"c":154.72,"h":154.74,"l":154.7,"v":173.0,"Time":"2020-12-02T18:45:00Z","Interval":"5min","Figi":"BBG001KHJM17"}
{"o":154.74,"c":154.69,"h":154.74,"l":154.69,"v":174.0,"Time":"2020-12-02T18:45:00Z","Interval":"5min","Figi":"BBG001KHJM17"}
{"o":154.74,"c":154.78,"h":154.78,"l":154.69,"v":612.0,"Time":"2020-12-02T18:45:00Z","Interval":"5min","Figi":"BBG001KHJM17"}
{"o":154.74,"c":154.78,"h":154.78,"l":154.69,"v":682.0,"Time":"2020-12-02T18:45:00Z","Interval":"5min","Figi":"BBG001KHJM17"}
{"o":154.74,"c":154.72,"h":154.78,"l":154.69,"v":693.0,"Time":"2020-12-02T18:45:00Z","Interval":"5min","Figi":"BBG001KHJM17"}
{"o":154.74,"c":154.66,"h":154.78,"l":154.66,"v":700.0,"Time":"2020-12-02T18:45:00Z","Interval":"5min","Figi":"BBG001KHJM17"}
{"o":154.74,"c":154.72,"h":154.79,"l":154.66,"v":736.0,"Time":"2020-12-02T18:45:00Z","Interval":"5min","Figi":"BBG001KHJM17"}
{"o":154.74,"c":154.8,"h":154.8,"l":154.66,"v":761.0,"Time":"2020-12-02T18:45:00Z","Interval":"5min","Figi":"BBG001KHJM17"}
{"o":154.74,"c":154.82,"h":154.84,"l":154.66,"v":1069.0,"Time":"2020-12-02T18:45:00Z","Interval":"5min","Figi":"BBG001KHJM17"}
{"o":154.74,"c":154.8,"h":154.84,"l":154.66,"v":1172.0,"Time":"2020-12-02T18:45:00Z","Interval":"5min","Figi":"BBG001KHJM17"}
{"o":154.74,"c":154.85,"h":154.85,"l":154.66,"v":1175.0,"Time":"2020-12-02T18:45:00Z","Interval":"5min","Figi":"BBG001KHJM17"}
{"o":154.74,"c":154.85,"h":154.85,"l":154.66,"v":1175.0,"Time":"2020-12-02T18:45:00Z","Interval":"5min","Figi":"BBG001KHJM17"}
{"o":154.74,"c":154.74,"h":154.74,"l":154.74,"v":1.0,"Time":"2020-12-02T18:50:00Z","Interval":"5min","Figi":"BBG001KHJM17"}
{"o":154.74,"c":154.74,"h":154.74,"l":154.74,"v":2.0,"Time":"2020-12-02T18:50:00Z","Interval":"5min","Figi":"BBG001KHJM17"}
{"o":154.74,"c":154.77,"h":154.77,"l":154.74,"v":112.0,"Time":"2020-12-02T18:50:00Z","Interval":"5min","Figi":"BBG001KHJM17"}
{"o":154.74,"c":154.77,"h":154.77,"l":154.74,"v":155.0,"Time":"2020-12-02T18:50:00Z","Interval":"5min","Figi":"BBG001KHJM17"}
{"o":154.74,"c":154.79,"h":154.79,"l":154.74,"v":162.0,"Time":"2020-12-02T18:50:00Z","Interval":"5min","Figi":"BBG001KHJM17"}
{"o":154.74,"c":154.82,"h":154.82,"l":154.74,"v":166.0,"Time":"2020-12-02T18:50:00Z","Interval":"5min","Figi":"BBG001KHJM17"}
{"o":154.74,"c":154.82,"h":154.82,"l":154.74,"v":173.0,"Time":"2020-12-02T18:50:00Z","Interval":"5min","Figi":"BBG001KHJM17"}
{"o":154.74,"c":154.82,"h":154.82,"l":154.74,"v":174.0,"Time":"2020-12-02T18:50:00Z","Interval":"5min","Figi":"BBG001KHJM17"}
{"o":154.74,"c":154.67,"h":154.82,"l":154.67,"v":176.0,"Time":"2020-12-02T18:50:00Z","Interval":"5min","Figi":"BBG001KHJM17"}
{"o":154.74,"c":154.6,"h":154.82,"l":154.6,"v":336.0,"Time":"2020-12-02T18:50:00Z","Interval":"5min","Figi":"BBG001KHJM17"}
{"o":154.49,"c":154.49,"h":154.49,"l":154.49,"v":1.0,"Time":"2020-12-02T18:55:00Z","Interval":"5min","Figi":"BBG001KHJM17"}
{"o":154.49,"c":154.61,"h":154.61,"l":154.49,"v":2.0,"Time":"2020-12-02T18:55:00Z","Interval":"5min","Figi":"BBG001KHJM17"}
{"o":154.49,"c":154.45,"h":154.61,"l":154.45,"v":4.0,"Time":"2020-12-02T18:55:00Z","Interval":"5min","Figi":"BBG001KHJM17"}
{"o":154.49,"c":154.58,"h":154.61,"l":154.45,"v":47.0,"Time":"2020-12-02T18:55:00Z","Interval":"5min","Figi":"BBG001KHJM17"}
{"o":154.49,"c":154.12,"h":154.61,"l":154.12,"v":80.0,"Time":"2020-12-02T18:55:00Z","Interval":"5min","Figi":"BBG001KHJM17"}
{"o":154.49,"c":154.42,"h":154.61,"l":154.12,"v":81.0,"Time":"2020-12-02T18:55:00Z","Interval":"5min","Figi":"BBG001KHJM17"}
{"o":154.49,"c":154.56,"h":154.61,"l":154.12,"v":181.0,"Time":"2020-12-02T18:55:00Z","Interval":"5min","Figi":"BBG001KHJM17"}
{"o":154.49,"c":154.45,"h":154.61,"l":154.12,"v":183.0,"Time":"2020-12-02T18:55:00Z","Interval":"5min","Figi":"BBG001KHJM17"}
{"o":154.49,"c":154.54,"h":154.61,"l":154.12,"v":203.0,"Time":"2020-12-02T18:55:00Z","Interval":"5min","Figi":"BBG001KHJM17"}
{"o":154.49,"c":154.54,"h":154.61,"l":154.12,"v":303.0,"Time":"2020-12-02T18:55:00Z","Interval":"5min","Figi":"BBG001KHJM17"}
{"o":154.49,"c":154.39,"h":154.61,"l":154.12,"v":309.0,"Time":"2020-12-02T18:55:00Z","Interval":"5min","Figi":"BBG001KHJM17"}
{"o":154.49,"c":154.33,"h":154.61,"l":154.12,"v":411.0,"Time":"2020-12-02T18:55:00Z","Interval":"5min","Figi":"BBG001KHJM17"}
{"o":154.49,"c":154.06,"h":154.61,"l":154.06,"v":412.0,"Time":"2020-12-02T18:55:00Z","Interval":"5min","Figi":"BBG001KHJM17"}
{"o":154.49,"c":154.2,"h":154.61,"l":154.06,"v":413.0,"Time":"2020-12-02T18:55:00Z","Interval":"5min","Figi":"BBG001KHJM17"}
{"o":154.49,"c":154.13,"h":154.61,"l":154.06,"v":415.0,"Time":"2020-12-02T18:55:00Z","Interval":"5min","Figi":"BBG001KHJM17"}
{"o":154.49,"c":154.26,"h":154.61,"l":154.06,"v":422.0,"Time":"2020-12-02T18:55:00Z","Interval":"5min","Figi":"BBG001KHJM17"}
{"o":154.49,"c":154.12,"h":154.61,"l":154.06,"v":469.0,"Time":"2020-12-02T18:55:00Z","Interval":"5min","Figi":"BBG001KHJM17"}
{"o":154.49,"c":153.99,"h":154.61,"l":153.99,"v":473.0,"Time":"2020-12-02T18:55:00Z","Interval":"5min","Figi":"BBG001KHJM17"}
{"o":153.83,"c":153.83,"h":153.83,"l":153.83,"v":3.0,"Time":"2020-12-02T19:00:00Z","Interval":"5min","Figi":"BBG001KHJM17"}
{"o":153.83,"c":154.15,"h":154.15,"l":153.83,"v":91.0,"Time":"2020-12-02T19:00:00Z","Interval":"5min","Figi":"BBG001KHJM17"}
{"o":153.83,"c":154.15,"h":154.15,"l":153.83,"v":182.0,"Time":"2020-12-02T19:00:00Z","Interval":"5min","Figi":"BBG001KHJM17"}
{"o":153.83,"c":154.26,"h":154.26,"l":153.83,"v":321.0,"Time":"2020-12-02T19:00:00Z","Interval":"5min","Figi":"BBG001KHJM17"}
{"o":153.83,"c":154.24,"h":154.26,"l":153.83,"v":362.0,"Time":"2020-12-02T19:00:00Z","Interval":"5min","Figi":"BBG001KHJM17"}
{"o":153.83,"c":153.88,"h":154.26,"l":153.83,"v":363.0,"Time":"2020-12-02T19:00:00Z","Interval":"5min","Figi":"BBG001KHJM17"}
{"o":153.83,"c":153.88,"h":154.26,"l":153.83,"v":364.0,"Time":"2020-12-02T19:00:00Z","Interval":"5min","Figi":"BBG001KHJM17"}
{"o":153.83,"c":153.88,"h":154.26,"l":153.83,"v":364.0,"Time":"2020-12-02T19:00:00Z","Interval":"5min","Figi":"BBG001KHJM17"}
{"o":153.83,"c":154.26,"h":154.26,"l":153.83,"v":374.0,"Time":"2020-12-02T19:00:00Z","Interval":"5min","Figi":"BBG001KHJM17"}
{"o":153.83,"c":154.26,"h":154.26,"l":153.83,"v":376.0,"Time":"2020-12-02T19:00:00Z","Interval":"5min","Figi":"BBG001KHJM17"}
{"o":153.83,"c":154.38,"h":154.38,"l":153.83,"v":453.0,"Time":"2020-12-02T19:00:00Z","Interval":"5min","Figi":"BBG001KHJM17"}
{"o":153.83,"c":154.26,"h":154.38,"l":153.83,"v":455.0,"Time":"2020-12-02T19:00:00Z","Interval":"5min","Figi":"BBG001KHJM17"}
{"o":153.83,"c":154.17,"h":154.38,"l":153.83,"v":456.0,"Time":"2020-12-02T19:00:00Z","Interval":"5min","Figi":"BBG001KHJM17"}
{"o":153.83,"c":154.37,"h":154.38,"l":153.83,"v":556.0,"Time":"2020-12-02T19:00:00Z","Interval":"5min","Figi":"BBG001KHJM17"}
{"o":153.83,"c":154.39,"h":154.39,"l":153.83,"v":558.0,"Time":"2020-12-02T19:00:00Z","Interval":"5min","Figi":"BBG001KHJM17"}
{"o":153.83,"c":154.41,"h":154.41,"l":153.83,"v":584.0,"Time":"2020-12-02T19:00:00Z","Interval":"5min","Figi":"BBG001KHJM17"}
{"o":153.83,"c":154.45,"h":154.45,"l":153.83,"v":589.0,"Time":"2020-12-02T19:00:00Z","Interval":"5min","Figi":"BBG001KHJM17"}
{"o":153.83,"c":154.45,"h":154.45,"l":153.83,"v":594.0,"Time":"2020-12-02T19:00:00Z","Interval":"5min","Figi":"BBG001KHJM17"}
{"o":154.33,"c":154.33,"h":154.33,"l":154.33,"v":10.0,"Time":"2020-12-02T19:05:00Z","Interval":"5min","Figi":"BBG001KHJM17"}
{"o":154.33,"c":154.28,"h":154.33,"l":154.28,"v":11.0,"Time":"2020-12-02T19:05:00Z","Interval":"5min","Figi":"BBG001KHJM17"}
{"o":154.33,"c":154.44,"h":154.44,"l":154.28,"v":100.0,"Time":"2020-12-02T19:05:00Z","Interval":"5min","Figi":"BBG001KHJM17"}
{"o":154.33,"c":154.29,"h":154.44,"l":154.28,"v":102.0,"Time":"2020-12-02T19:05:00Z","Interval":"5min","Figi":"BBG001KHJM17"}
{"o":154.33,"c":154.51,"h":154.51,"l":154.28,"v":158.0,"Time":"2020-12-02T19:05:00Z","Interval":"5min","Figi":"BBG001KHJM17"}
{"o":154.33,"c":154.46,"h":154.46,"l":154.28,"v":105.0,"Time":"2020-12-02T19:05:00Z","Interval":"5min","Figi":"BBG001KHJM17"}
{"o":154.33,"c":154.56,"h":154.56,"l":154.28,"v":245.0,"Time":"2020-12-02T19:05:00Z","Interval":"5min","Figi":"BBG001KHJM17"}
{"o":154.33,"c":154.64,"h":154.64,"l":154.28,"v":255.0,"Time":"2020-12-02T19:05:00Z","Interval":"5min","Figi":"BBG001KHJM17"}
{"o":154.33,"c":154.36,"h":154.64,"l":154.28,"v":321.0,"Time":"2020-12-02T19:05:00Z","Interval":"5min","Figi":"BBG001KHJM17"}
{"o":154.33,"c":154.65,"h":154.65,"l":154.28,"v":421.0,"Time":"2020-12-02T19:05:00Z","Interval":"5min","Figi":"BBG001KHJM17"}
{"o":154.33,"c":154.66,"h":154.66,"l":154.28,"v":445.0,"Time":"2020-12-02T19:05:00Z","Interval":"5min","Figi":"BBG001KHJM17"}
{"o":154.33,"c":154.76,"h":154.76,"l":154.28,"v":456.0,"Time":"2020-12-02T19:05:00Z","Interval":"5min","Figi":"BBG001KHJM17"}
{"o":154.33,"c":154.61,"h":154.77,"l":154.28,"v":459.0,"Time":"2020-12-02T19:05:00Z","Interval":"5min","Figi":"BBG001KHJM17"}
{"o":154.33,"c":154.66,"h":154.77,"l":154.28,"v":463.0,"Time":"2020-12-02T19:05:00Z","Interval":"5min","Figi":"BBG001KHJM17"}
{"o":154.33,"c":154.75,"h":154.77,"l":154.28,"v":481.0,"Time":"2020-12-02T19:05:00Z","Interval":"5min","Figi":"BBG001KHJM17"}
{"o":154.33,"c":154.61,"h":154.77,"l":154.28,"v":482.0,"Time":"2020-12-02T19:05:00Z","Interval":"5min","Figi":"BBG001KHJM17"}
{"o":154.33,"c":154.76,"h":154.77,"l":154.28,"v":485.0,"Time":"2020-12-02T19:05:00Z","Interval":"5min","Figi":"BBG001KHJM17"}
{"o":154.33,"c":154.78,"h":154.78,"l":154.28,"v":517.0,"Time":"2020-12-02T19:05:00Z","Interval":"5min","Figi":"BBG001KHJM17"}
{"o":154.33,"c":154.8,"h":154.8,"l":154.28,"v":520.0,"Time":"2020-12-02T19:05:00Z","Interval":"5min","Figi":"BBG001KHJM17"}
{"o":154.33,"c":154.81,"h":154.81,"l":154.28,"v":617.0,"Time":"2020-12-02T19:05:00Z","Interval":"5min","Figi":"BBG001KHJM17"}
{"o":154.33,"c":154.64,"h":154.81,"l":154.28,"v":627.0,"Time":"2020-12-02T19:05:00Z","Interval":"5min","Figi":"BBG001KHJM17"}
{"o":154.33,"c":154.62,"h":154.81,"l":154.28,"v":650.0,"Time":"2020-12-02T19:05:00Z","Interval":"5min","Figi":"BBG001KHJM17"}
{"o":154.33,"c":154.6,"h":154.81,"l":154.28,"v":719.0,"Time":"2020-12-02T19:05:00Z","Interval":"5min","Figi":"BBG001KHJM17"}
{"o":154.33,"c":154.49,"h":154.81,"l":154.28,"v":764.0,"Time":"2020-12-02T19:05:00Z","Interval":"5min","Figi":"BBG001KHJM17"}
{"o":154.33,"c":154.42,"h":154.81,"l":154.28,"v":1064.0,"Time":"2020-12-02T19:05:00Z","Interval":"5min","Figi":"BBG001KHJM17"}
{"o":154.33,"c":154.4,"h":154.81,"l":154.28,"v":1164.0,"Time":"2020-12-02T19:05:00Z","Interval":"5min","Figi":"BBG001KHJM17"}
{"o":154.33,"c":154.34,"h":154.81,"l":154.28,"v":1165.0,"Time":"2020-12-02T19:05:00Z","Interval":"5min","Figi":"BBG001KHJM17"}
{"o":154.38,"c":154.38,"h":154.38,"l":154.38,"v":1.0,"Time":"2020-12-02T19:10:00Z","Interval":"5min","Figi":"BBG001KHJM17"}
{"o":154.38,"c":154.56,"h":154.56,"l":154.38,"v":125.0,"Time":"2020-12-02T19:10:00Z","Interval":"5min","Figi":"BBG001KHJM17"}
{"o":154.38,"c":154.56,"h":154.56,"l":154.38,"v":152.0,"Time":"2020-12-02T19:10:00Z","Interval":"5min","Figi":"BBG001KHJM17"}
{"o":154.38,"c":154.63,"h":154.63,"l":154.38,"v":189.0,"Time":"2020-12-02T19:10:00Z","Interval":"5min","Figi":"BBG001KHJM17"}
{"o":154.38,"c":154.64,"h":154.64,"l":154.38,"v":292.0,"Time":"2020-12-02T19:10:00Z","Interval":"5min","Figi":"BBG001KHJM17"}
{"o":154.38,"c":154.69,"h":154.69,"l":154.38,"v":392.0,"Time":"2020-12-02T19:10:00Z","Interval":"5min","Figi":"BBG001KHJM17"}
{"o":154.38,"c":154.8,"h":154.8,"l":154.38,"v":394.0,"Time":"2020-12-02T19:10:00Z","Interval":"5min","Figi":"BBG001KHJM17"}
{"o":154.38,"c":154.81,"h":154.81,"l":154.38,"v":404.0,"Time":"2020-12-02T19:10:00Z","Interval":"5min","Figi":"BBG001KHJM17"}
{"o":154.38,"c":154.81,"h":154.81,"l":154.38,"v":405.0,"Time":"2020-12-02T19:10:00Z","Interval":"5min","Figi":"BBG001KHJM17"}
{"o":154.38,"c":154.82,"h":154.82,"l":154.38,"v":445.0,"Time":"2020-12-02T19:10:00Z","Interval":"5min","Figi":"BBG001KHJM17"}
{"o":154.38,"c":154.82,"h":154.82,"l":154.38,"v":467.0,"Time":"2020-12-02T19:10:00Z","Interval":"5min","Figi":"BBG001KHJM17"}
{"o":154.7,"c":154.7,"h":154.7,"l":154.7,"v":10.0,"Time":"2020-12-02T19:15:00Z","Interval":"5min","Figi":"BBG001KHJM17"}
{"o":154.7,"c":154.78,"h":154.78,"l":154.7,"v":20.0,"Time":"2020-12-02T19:15:00Z","Interval":"5min","Figi":"BBG001KHJM17"}
{"o":154.7,"c":154.85,"h":154.85,"l":154.7,"v":24.0,"Time":"2020-12-02T19:15:00Z","Interval":"5min","Figi":"BBG001KHJM17"}
{"o":154.7,"c":154.88,"h":154.88,"l":154.7,"v":29.0,"Time":"2020-12-02T19:15:00Z","Interval":"5min","Figi":"BBG001KHJM17"}
{"o":154.7,"c":154.95,"h":154.95,"l":154.7,"v":140.0,"Time":"2020-12-02T19:15:00Z","Interval":"5min","Figi":"BBG001KHJM17"}
{"o":154.7,"c":154.95,"h":154.95,"l":154.7,"v":224.0,"Time":"2020-12-02T19:15:00Z","Interval":"5min","Figi":"BBG001KHJM17"}
{"o":154.7,"c":154.95,"h":154.95,"l":154.7,"v":240.0,"Time":"2020-12-02T19:15:00Z","Interval":"5min","Figi":"BBG001KHJM17"}
{"o":154.7,"c":154.95,"h":154.95,"l":154.7,"v":315.0,"Time":"2020-12-02T19:15:00Z","Interval":"5min","Figi":"BBG001KHJM17"}
{"o":154.7,"c":154.95,"h":154.95,"l":154.7,"v":415.0,"Time":"2020-12-02T19:15:00Z","Interval":"5min","Figi":"BBG001KHJM17"}
{"o":154.7,"c":154.84,"h":154.95,"l":154.7,"v":416.0,"Time":"2020-12-02T19:15:00Z","Interval":"5min","Figi":"BBG001KHJM17"}
{"o":154.7,"c":154.73,"h":154.95,"l":154.7,"v":418.0,"Time":"2020-12-02T19:15:00Z","Interval":"5min","Figi":"BBG001KHJM17"}
{"o":154.7,"c":154.72,"h":154.95,"l":154.7,"v":419.0,"Time":"2020-12-02T19:15:00Z","Interval":"5min","Figi":"BBG001KHJM17"}
{"o":154.7,"c":154.88,"h":154.95,"l":154.7,"v":423.0,"Time":"2020-12-02T19:15:00Z","Interval":"5min","Figi":"BBG001KHJM17"}
