{"o":20.54,"c":20.49,"h":20.54,"l":20.47,"v":32.0,"Time":"2020-12-02T15:00:00Z","Interval":"5min","Figi":"BBG000MXH9C1"}
{"o":20.36,"c":20.46,"h":20.46,"l":20.36,"v":1002.0,"Time":"2020-12-02T15:05:00Z","Interval":"5min","Figi":"BBG000MXH9C1"}
{"o":20.36,"c":20.49,"h":20.49,"l":20.36,"v":1012.0,"Time":"2020-12-02T15:05:00Z","Interval":"5min","Figi":"BBG000MXH9C1"}
{"o":20.36,"c":20.49,"h":20.49,"l":20.36,"v":1013.0,"Time":"2020-12-02T15:05:00Z","Interval":"5min","Figi":"BBG000MXH9C1"}
{"o":20.36,"c":20.49,"h":20.49,"l":20.33,"v":1122.0,"Time":"2020-12-02T15:05:00Z","Interval":"5min","Figi":"BBG000MXH9C1"}
{"o":20.36,"c":20.3,"h":20.49,"l":20.3,"v":1227.0,"Time":"2020-12-02T15:05:00Z","Interval":"5min","Figi":"BBG000MXH9C1"}
{"o":20.36,"c":20.42,"h":20.49,"l":20.3,"v":1232.0,"Time":"2020-12-02T15:05:00Z","Interval":"5min","Figi":"BBG000MXH9C1"}
{"o":20.36,"c":20.3,"h":20.49,"l":20.3,"v":1235.0,"Time":"2020-12-02T15:05:00Z","Interval":"5min","Figi":"BBG000MXH9C1"}
{"o":20.36,"c":20.36,"h":20.36,"l":20.36,"v":4.0,"Time":"2020-12-02T15:10:00Z","Interval":"5min","Figi":"BBG000MXH9C1"}
{"o":20.36,"c":20.17,"h":20.36,"l":20.17,"v":29.0,"Time":"2020-12-02T15:10:00Z","Interval":"5min","Figi":"BBG000MXH9C1"}
{"o":20.36,"c":20.26,"h":20.36,"l":20.17,"v":31.0,"Time":"2020-12-02T15:10:00Z","Interval":"5min","Figi":"BBG000MXH9C1"}
{"o":20.26,"c":20.26,"h":20.26,"l":20.26,"v":1.0,"Time":"2020-12-02T15:15:00Z","Interval":"5min","Figi":"BBG000MXH9C1"}
{"o":20.26,"c":20.33,"h":20.33,"l":20.26,"v":3.0,"Time":"2020-12-02T15:15:00Z","Interval":"5min","Figi":"BBG000MXH9C1"}
{"o":20.26,"c":20.32,"h":20.33,"l":20.26,"v":303.0,"Time":"2020-12-02T15:15:00Z","Interval":"5min","Figi":"BBG000MXH9C1"}
{"o":20.26,"c":20.35,"h":20.35,"l":20.26,"v":353.0,"Time":"2020-12-02T15:15:00Z","Interval":"5min","Figi":"BBG000MXH9C1"}
{"o":20.26,"c":20.44,"h":20.44,"l":20.26,"v":354.0,"Time":"2020-12-02T15:15:00Z","Interval":"5min","Figi":"BBG000MXH9C1"}
{"o":20.37,"c":20.37,"h":20.37,"l":20.37,"v":200.0,"Time":"2020-12-02T15:20:00Z","Interval":"5min","Figi":"BBG000MXH9C1"}
{"o":20.37,"c":20.29,"h":20.4,"l":20.29,"v":363.0,"Time":"2020-12-02T15:20:00Z","Interval":"5min","Figi":"BBG000MXH9C1"}
{"o":20.37,"c":20.42,"h":20.42,"l":20.29,"v":364.0,"Time":"2020-12-02T15:20:00Z","Interval":"5min","Figi":"BBG000MXH9C1"}
{"o":20.37,"c":20.42,"h":20.42,"l":20.29,"v":464.0,"Time":"2020-12-02T15:20:00Z","Interval":"5min","Figi":"BBG000MXH9C1"}
{"o":20.37,"c":20.43,"h":20.43,"l":20.29,"v":564.0,"Time":"2020-12-02T15:20:00Z","Interval":"5min","Figi":"BBG000MXH9C1"}
{"o":20.37,"c":20.43,"h":20.43,"l":20.29,"v":764.0,"Time":"2020-12-02T15:20:00Z","Interval":"5min","Figi":"BBG000MXH9C1"}
{"o":20.37,"c":20.34,"h":20.43,"l":20.29,"v":999.0,"Time":"2020-12-02T15:20:00Z","Interval":"5min","Figi":"BBG000MXH9C1"}
{"o":20.37,"c":20.3,"h":20.43,"l":20.29,"v":1171.0,"Time":"2020-12-02T15:20:00Z","Interval":"5min","Figi":"BBG000MXH9C1"}
{"o":20.37,"c":20.16,"h":20.43,"l":20.16,"v":1315.0,"Time":"2020-12-02T15:20:00Z","Interval":"5min","Figi":"BBG000MXH9C1"}
{"o":20.37,"c":20.25,"h":20.43,"l":20.16,"v":1320.0,"Time":"2020-12-02T15:20:00Z","Interval":"5min","Figi":"BBG000MXH9C1"}
{"o":20.37,"c":20.25,"h":20.43,"l":20.16,"v":1320.0,"Time":"2020-12-02T15:20:00Z","Interval":"5min","Figi":"BBG000MXH9C1"}
{"o":20.37,"c":20.2,"h":20.43,"l":20.16,"v":1321.0,"Time":"2020-12-02T15:20:00Z","Interval":"5min","Figi":"BBG000MXH9C1"}
{"o":20.37,"c":20.23,"h":20.43,"l":20.16,"v":1326.0,"Time":"2020-12-02T15:20:00Z","Interval":"5min","Figi":"BBG000MXH9C1"}
{"o":20.37,"c":20.23,"h":20.43,"l":20.16,"v":1331.0,"Time":"2020-12-02T15:20:00Z","Interval":"5min","Figi":"BBG000MXH9C1"}
{"o":20.23,"c":20.24,"h":20.25,"l":20.23,"v":357.0,"Time":"2020-12-02T15:25:00Z","Interval":"5min","Figi":"BBG000MXH9C1"}
{"o":20.23,"c":20.33,"h":20.33,"l":20.23,"v":358.0,"Time":"2020-12-02T15:25:00Z","Interval":"5min","Figi":"BBG000MXH9C1"}
{"o":20.31,"c":20.3,"h":20.31,"l":20.3,"v":256.0,"Time":"2020-12-02T15:35:00Z","Interval":"5min","Figi":"BBG000MXH9C1"}
{"o":20.31,"c":20.3,"h":20.31,"l":20.25,"v":258.0,"Time":"2020-12-02T15:35:00Z","Interval":"5min","Figi":"BBG000MXH9C1"}
{"o":20.31,"c":20.28,"h":20.31,"l":20.25,"v":358.0,"Time":"2020-12-02T15:35:00Z","Interval":"5min","Figi":"BBG000MXH9C1"}
{"o":20.31,"c":20.29,"h":20.31,"l":20.25,"v":693.0,"Time":"2020-12-02T15:35:00Z","Interval":"5min","Figi":"BBG000MXH9C1"}
{"o":20.31,"c":20.29,"h":20.31,"l":20.25,"v":693.0,"Time":"2020-12-02T15:35:00Z","Interval":"5min","Figi":"BBG000MXH9C1"}
{"o":20.28,"c":20.28,"h":20.28,"l":20.28,"v":100.0,"Time":"2020-12-02T15:45:00Z","Interval":"5min","Figi":"BBG000MXH9C1"}
{"o":20.28,"c":20.28,"h":20.28,"l":20.28,"v":1000.0,"Time":"2020-12-02T15:45:00Z","Interval":"5min","Figi":"BBG000MXH9C1"}
{"o":20.28,"c":20.28,"h":20.28,"l":20.28,"v":1242.0,"Time":"2020-12-02T15:45:00Z","Interval":"5min","Figi":"BBG000MXH9C1"}
{"o":20.28,"c":20.28,"h":20.28,"l":20.28,"v":1300.0,"Time":"2020-12-02T15:45:00Z","Interval":"5min","Figi":"BBG000MXH9C1"}
{"o":20.28,"c":20.26,"h":20.28,"l":20.26,"v":1400.0,"Time":"2020-12-02T15:45:00Z","Interval":"5min","Figi":"BBG000MXH9C1"}
{"o":20.28,"c":20.24,"h":20.28,"l":20.24,"v":1700.0,"Time":"2020-12-02T15:45:00Z","Interval":"5min","Figi":"BBG000MXH9C1"}
{"o":20.27,"c":20.27,"h":20.27,"l":20.27,"v":200.0,"Time":"2020-12-02T15:50:00Z","Interval":"5min","Figi":"BBG000MXH9C1"}
{"o":20.27,"c":20.27,"h":20.27,"l":20.27,"v":610.0,"Time":"2020-12-02T15:50:00Z","Interval":"5min","Figi":"BBG000MXH9C1"}
{"o":20.27,"c":20.2,"h":20.27,"l":20.16,"v":844.0,"Time":"2020-12-02T15:50:00Z","Interval":"5min","Figi":"BBG000MXH9C1"}
{"o":20.16,"c":20.19,"h":20.19,"l":20.16,"v":173.0,"Time":"2020-12-02T15:55:00Z","Interval":"5min","Figi":"BBG000MXH9C1"}
{"o":20.16,"c":20.2,"h":20.2,"l":20.16,"v":273.0,"Time":"2020-12-02T15:55:00Z","Interval":"5min","Figi":"BBG000MXH9C1"}
{"o":20.16,"c":20.19,"h":20.2,"l":20.16,"v":383.0,"Time":"2020-12-02T15:55:00Z","Interval":"5min","Figi":"BBG000MXH9C1"}
{"o":20.16,"c":20.16,"h":20.2,"l":20.16,"v":483.0,"Time":"2020-12-02T15:55:00Z","Interval":"5min","Figi":"BBG000MXH9C1"}
{"o":20.16,"c":20.16,"h":20.2,"l":20.16,"v":485.0,"Time":"2020-12-02T15:55:00Z","Interval":"5min","Figi":"BBG000MXH9C1"}
{"o":20.16,"c":20.1,"h":20.2,"l":20.1,"v":490.0,"Time":"2020-12-02T15:55:00Z","Interval":"5min","Figi":"BBG000MXH9C1"}
{"o":20.16,"c":20.09,"h":20.2,"l":20.09,"v":709.0,"Time":"2020-12-02T15:55:00Z","Interval":"5min","Figi":"BBG000MXH9C1"}
{"o":20.16,"c":20.08,"h":20.2,"l":20.08,"v":834.0,"Time":"2020-12-02T15:55:00Z","Interval":"5min","Figi":"BBG000MXH9C1"}
{"o":20.16,"c":20.08,"h":20.2,"l":20.08,"v":834.0,"Time":"2020-12-02T15:55:00Z","Interval":"5min","Figi":"BBG000MXH9C1"}
{"o":20.12,"c":20.12,"h":20.12,"l":20.12,"v":335.0,"Time":"2020-12-02T16:00:00Z","Interval":"5min","Figi":"BBG000MXH9C1"}
{"o":20.12,"c":20.12,"h":20.12,"l":20.12,"v":336.0,"Time":"2020-12-02T16:00:00Z","Interval":"5min","Figi":"BBG000MXH9C1"}
{"o":20.12,"c":20.21,"h":20.21,"l":20.12,"v":337.0,"Time":"2020-12-02T16:00:00Z","Interval":"5min","Figi":"BBG000MXH9C1"}
{"o":20.12,"c":20.12,"h":20.12,"l":20.12,"v":1.0,"Time":"2020-12-02T16:05:00Z","Interval":"5min","Figi":"BBG000MXH9C1"}
{"o":20.12,"c":20.21,"h":20.21,"l":20.12,"v":2.0,"Time":"2020-12-02T16:05:00Z","Interval":"5min","Figi":"BBG000MXH9C1"}
{"o":20.12,"c":20.21,"h":20.21,"l":20.12,"v":22.0,"Time":"2020-12-02T16:05:00Z","Interval":"5min","Figi":"BBG000MXH9C1"}
{"o":20.12,"c":20.11,"h":20.21,"l":20.11,"v":122.0,"Time":"2020-12-02T16:05:00Z","Interval":"5min","Figi":"BBG000MXH9C1"}
{"o":20.12,"c":20.08,"h":20.21,"l":20.08,"v":172.0,"Time":"2020-12-02T16:05:00Z","Interval":"5min","Figi":"BBG000MXH9C1"}
{"o":20.16,"c":20.16,"h":20.16,"l":20.16,"v":3.0,"Time":"2020-12-02T16:10:00Z","Interval":"5min","Figi":"BBG000MXH9C1"}
{"o":20.16,"c":20.13,"h":20.16,"l":20.13,"v":18.0,"Time":"2020-12-02T16:10:00Z","Interval":"5min","Figi":"BBG000MXH9C1"}
{"o":20.16,"c":20.08,"h":20.16,"l":20.08,"v":20.0,"Time":"2020-12-02T16:10:00Z","Interval":"5min","Figi":"BBG000MXH9C1"}
{"o":20.16,"c":20.13,"h":20.16,"l":20.08,"v":55.0,"Time":"2020-12-02T16:10:00Z","Interval":"5min","Figi":"BBG000MXH9C1"}
{"o":20.16,"c":20.15,"h":20.16,"l":20.08,"v":56.0,"Time":"2020-12-02T16:10:00Z","Interval":"5min","Figi":"BBG000MXH9C1"}
{"o":20.15,"c":20.15,"h":20.15,"l":20.15,"v":1.0,"Time":"2020-12-02T16:15:00Z","Interval":"5min","Figi":"BBG000MXH9C1"}
{"o":20.15,"c":20.12,"h":20.15,"l":20.07,"v":704.0,"Time":"2020-12-02T16:15:00Z","Interval":"5min","Figi":"BBG000MXH9C1"}
{"o":20.15,"c":20.06,"h":20.15,"l":20.06,"v":1484.0,"Time":"2020-12-02T16:15:00Z","Interval":"5min","Figi":"BBG000MXH9C1"}
{"o":20.15,"c":20.06,"h":20.15,"l":20.06,"v":1584.0,"Time":"2020-12-02T16:15:00Z","Interval":"5min","Figi":"BBG000MXH9C1"}
{"o":20.15,"c":20.09,"h":20.15,"l":20.06,"v":1586.0,"Time":"2020-12-02T16:15:00Z","Interval":"5min","Figi":"BBG000MXH9C1"}
{"o":20.15,"c":20.05,"h":20.15,"l":20.05,"v":5905.0,"Time":"2020-12-02T16:15:00Z","Interval":"5min","Figi":"BBG000MXH9C1"}
{"o":20.15,"c":20.08,"h":20.15,"l":20.05,"v":5927.0,"Time":"2020-12-02T16:15:00Z","Interval":"5min","Figi":"BBG000MXH9C1"}
{"o":20.15,"c":20.07,"h":20.15,"l":20.05,"v":5937.0,"Time":"2020-12-02T16:15:00Z","Interval":"5min","Figi":"BBG000MXH9C1"}
{"o":20.15,"c":20.04,"h":20.15,"l":20.0,"v":5984.0,"Time":"2020-12-02T16:15:00Z","Interval":"5min","Figi":"BBG000MXH9C1"}
{"o":20.15,"c":20.04,"h":20.15,"l":20.0,"v":6249.0,"Time":"2020-12-02T16:15:00Z","Interval":"5min","Figi":"BBG000MXH9C1"}
{"o":20.15,"c":20.03,"h":20.15,"l":20.0,"v":6349.0,"Time":"2020-12-02T16:15:00Z","Interval":"5min","Figi":"BBG000MXH9C1"}
{"o":20.15,"c":20.04,"h":20.15,"l":20.0,"v":6508.0,"Time":"2020-12-02T16:15:00Z","Interval":"5min","Figi":"BBG000MXH9C1"}
{"o":20.15,"c":20.08,"h":20.15,"l":20.0,"v":6510.0,"Time":"2020-12-02T16:15:00Z","Interval":"5min","Figi":"BBG000MXH9C1"}
{"o":20.15,"c":20.08,"h":20.15,"l":20.0,"v":6513.0,"Time":"2020-12-02T16:15:00Z","Interval":"5min","Figi":"BBG000MXH9C1"}
{"o":20.15,"c":20.08,"h":20.15,"l":20.0,"v":6643.0,"Time":"2020-12-02T16:15:00Z","Interval":"5min","Figi":"BBG000MXH9C1"}
{"o":20.23,"c":20.23,"h":20.23,"l":20.23,"v":2.0,"Time":"2020-12-02T16:20:00Z","Interval":"5min","Figi":"BBG000MXH9C1"}
{"o":20.23,"c":20.23,"h":20.23,"l":20.23,"v":10.0,"Time":"2020-12-02T16:20:00Z","Interval":"5min","Figi":"BBG000MXH9C1"}
{"o":20.23,"c":20.23,"h":20.23,"l":20.23,"v":18.0,"Time":"2020-12-02T16:20:00Z","Interval":"5min","Figi":"BBG000MXH9C1"}
{"o":20.23,"c":20.23,"h":20.23,"l":20.23,"v":33.0,"Time":"2020-12-02T16:20:00Z","Interval":"5min","Figi":"BBG000MXH9C1"}
{"o":20.23,"c":20.22,"h":20.23,"l":20.22,"v":34.0,"Time":"2020-12-02T16:20:00Z","Interval":"5min","Figi":"BBG000MXH9C1"}
{"o":20.23,"c":20.22,"h":20.23,"l":20.22,"v":34.0,"Time":"2020-12-02T16:20:00Z","Interval":"5min","Figi":"BBG000MXH9C1"}
{"o":20.15,"c":20.15,"h":20.15,"l":20.15,"v":100.0,"Time":"2020-12-02T16:25:00Z","Interval":"5min","Figi":"BBG000MXH9C1"}
{"o":20.15,"c":20.15,"h":20.15,"l":20.15,"v":108.0,"Time":"2020-12-02T16:25:00Z","Interval":"5min","Figi":"BBG000MXH9C1"}
{"o":20.15,"c":20.15,"h":20.15,"l":20.15,"v":175.0,"Time":"2020-12-02T16:25:00Z","Interval":"5min","Figi":"BBG000MXH9C1"}
{"o":20.15,"c":20.2,"h":20.2,"l":20.15,"v":181.0,"Time":"2020-12-02T16:25:00Z","Interval":"5min","Figi":"BBG000MXH9C1"}
{"o":20.15,"c":20.2,"h":20.2,"l":20.15,"v":191.0,"Time":"2020-12-02T16:25:00Z","Interval":"5min","Figi":"BBG000MXH9C1"}
{"o":20.15,"c":20.2,"h":20.2,"l":20.15,"v":192.0,"Time":"2020-12-02T16:25:00Z","Interval":"5min","Figi":"BBG000MXH9C1"}
{"o":20.15,"c":20.15,"h":20.2,"l":20.15,"v":252.0,"Time":"2020-12-02T16:25:00Z","Interval":"5min","Figi":"BBG000MXH9C1"}
{"o":20.15,"c":20.14,"h":20.2,"l":20.14,"v":383.0,"Time":"2020-12-02T16:25:00Z","Interval":"5min","Figi":"BBG000MXH9C1"}
{"o":20.15,"c":20.09,"h":20.2,"l":20.09,"v":913.0,"Time":"2020-12-02T16:25:00Z","Interval":"5min","Figi":"BBG000MXH9C1"}
{"o":20.15,"c":20.06,"h":20.2,"l":20.06,"v":1013.0,"Time":"2020-12-02T16:25:00Z","Interval":"5min","Figi":"BBG000MXH9C1"}
{"o":20.15,"c":20.13,"h":20.2,"l":20.06,"v":1022.0,"Time":"2020-12-02T16:25:00Z","Interval":"5min","Figi":"BBG000MXH9C1"}
{"o":20.15,"c":20.1,"h":20.2,"l":20.06,"v":1122.0,"Time":"2020-12-02T16:25:00Z","Interval":"5min","Figi":"BBG000MXH9C1"}
{"o":20.15,"c":20.12,"h":20.2,"l":20.06,"v":1123.0,"Time":"2020-12-02T16:25:00Z","Interval":"5min","Figi":"BBG000MXH9C1"}
{"o":19.99,"c":19.99,"h":19.99,"l":19.99,"v":8.0,"Time":"2020-12-02T16:30:00Z","Interval":"5min","Figi":"BBG000MXH9C1"}
{"o":19.99,"c":20.06,"h":20.06,"l":19.97,"v":381.0,"Time":"2020-12-02T16:30:00Z","Interval":"5min","Figi":"BBG000MXH9C1"}
{"o":19.99,"c":19.97,"h":20.06,"l":19.97,"v":393.0,"Time":"2020-12-02T16:30:00Z","Interval":"5min","Figi":"BBG000MXH9C1"}
{"o":19.99,"c":20.01,"h":20.06,"l":19.97,"v":482.0,"Time":"2020-12-02T16:30:00Z","Interval":"5min","Figi":"BBG000MXH9C1"}
{"o":19.99,"c":20.01,"h":20.06,"l":19.97,"v":602.0,"Time":"2020-12-02T16:30:00Z","Interval":"5min","Figi":"BBG000MXH9C1"}
{"o":19.99,"c":20.0,"h":20.06,"l":19.95,"v":698.0,"Time":"2020-12-02T16:30:00Z","Interval":"5min","Figi":"BBG000MXH9C1"}
{"o":19.99,"c":20.0,"h":20.06,"l":19.95,"v":916.0,"Time":"2020-12-02T16:30:00Z","Interval":"5min","Figi":"BBG000MXH9C1"}
{"o":19.99,"c":19.99,"h":20.06,"l":19.94,"v":1056.0,"Time":"2020-12-02T16:30:00Z","Interval":"5min","Figi":"BBG000MXH9C1"}
{"o":19.99,"c":19.93,"h":20.06,"l":19.93,"v":1156.0,"Time":"2020-12-02T16:30:00Z","Interval":"5min","Figi":"BBG000MXH9C1"}
{"o":19.99,"c":19.99,"h":20.06,"l":19.93,"v":1456.0,"Time":"2020-12-02T16:30:00Z","Interval":"5min","Figi":"BBG000MXH9C1"}
{"o":19.99,"c":19.98,"h":20.06,"l":19.93,"v":1459.0,"Time":"2020-12-02T16:30:00Z","Interval":"5min","Figi":"BBG000MXH9C1"}
{"o":19.99,"c":20.04,"h":20.06,"l":19.93,"v":1559.0,"Time":"2020-12-02T16:30:00Z","Interval":"5min","Figi":"BBG000MXH9C1"}
{"o":19.99,"c":19.97,"h":20.06,"l":19.93,"v":1579.0,"Time":"2020-12-02T16:30:00Z","Interval":"5min","Figi":"BBG000MXH9C1"}
{"o":19.99,"c":19.97,"h":20.06,"l":19.93,"v":1659.0,"Time":"2020-12-02T16:30:00Z","Interval":"5min","Figi":"BBG000MXH9C1"}
{"o":19.99,"c":20.01,"h":20.06,"l":19.93,"v":1669.0,"Time":"2020-12-02T16:30:00Z","Interval":"5min","Figi":"BBG000MXH9C1"}
{"o":20.01,"c":20.01,"h":20.01,"l":20.01,"v":5.0,"Time":"2020-12-02T16:35:00Z","Interval":"5min","Figi":"BBG000MXH9C1"}
{"o":20.01,"c":19.99,"h":20.01,"l":19.99,"v":6.0,"Time":"2020-12-02T16:35:00Z","Interval":"5min","Figi":"BBG000MXH9C1"}
{"o":20.01,"c":19.99,"h":20.01,"l":19.99,"v":16.0,"Time":"2020-12-02T16:35:00Z","Interval":"5min","Figi":"BBG000MXH9C1"}
{"o":20.01,"c":19.99,"h":20.01,"l":19.99,"v":35.0,"Time":"2020-12-02T16:35:00Z","Interval":"5min","Figi":"BBG000MXH9C1"}
{"o":20.01,"c":19.98,"h":20.01,"l":19.98,"v":140.0,"Time":"2020-12-02T16:35:00Z","Interval":"5min","Figi":"BBG000MXH9C1"}
{"o":20.01,"c":19.98,"h":20.01,"l":19.98,"v":639.0,"Time":"2020-12-02T16:35:00Z","Interval":"5min","Figi":"BBG000MXH9C1"}
{"o":20.01,"c":19.87,"h":20.01,"l":19.87,"v":676.0,"Time":"2020-12-02T16:35:00Z","Interval":"5min","Figi":"BBG000MXH9C1"}
{"o":20.01,"c":19.97,"h":20.01,"l":19.87,"v":677.0,"Time":"2020-12-02T16:35:00Z","Interval":"5min","Figi":"BBG000MXH9C1"}
{"o":20.01,"c":19.97,"h":20.01,"l":19.87,"v":802.0,"Time":"2020-12-02T16:35:00Z","Interval":"5min","Figi":"BBG000MXH9C1"}
{"o":20.01,"c":19.97,"h":20.01,"l":19.87,"v":1302.0,"Time":"2020-12-02T16:35:00Z","Interval":"5min","Figi":"BBG000MXH9C1"}
{"o":20.01,"c":19.97,"h":20.01,"l":19.87,"v":1303.0,"Time":"2020-12-02T16:35:00Z","Interval":"5min","Figi":"BBG000MXH9C1"}
{"o":20.01,"c":19.97,"h":20.01,"l":19.87,"v":1305.0,"Time":"2020-12-02T16:35:00Z","Interval":"5min","Figi":"BBG000MXH9C1"}
{"o":20.01,"c":19.97,"h":20.01,"l":19.87,"v":1540.0,"Time":"2020-12-02T16:35:00Z","Interval":"5min","Figi":"BBG000MXH9C1"}
{"o":20.01,"c":19.97,"h":20.01,"l":19.87,"v":1872.0,"Time":"2020-12-02T16:35:00Z","Interval":"5min","Figi":"BBG000MXH9C1"}
{"o":20.01,"c":19.98,"h":20.01,"l":19.87,"v":3692.0,"Time":"2020-12-02T16:35:00Z","Interval":"5min","Figi":"BBG000MXH9C1"}
{"o":20.01,"c":19.98,"h":20.01,"l":19.87,"v":3693.0,"Time":"2020-12-02T16:35:00Z","Interval":"5min","Figi":"BBG000MXH9C1"}
{"o":19.97,"c":19.95,"h":19.97,"l":19.95,"v":5.0,"Time":"2020-12-02T16:40:00Z","Interval":"5min","Figi":"BBG000MXH9C1"}
{"o":19.97,"c":19.94,"h":19.97,"l":19.94,"v":6.0,"Time":"2020-12-02T16:40:00Z","Interval":"5min","Figi":"BBG000MXH9C1"}
{"o":19.97,"c":19.91,"h":19.97,"l":19.91,"v":26.0,"Time":"2020-12-02T16:40:00Z","Interval":"5min","Figi":"BBG000MXH9C1"}
{"o":19.97,"c":19.89,"h":19.97,"l":19.89,"v":91.0,"Time":"2020-12-02T16:40:00Z","Interval":"5min","Figi":"BBG000MXH9C1"}
{"o":19.97,"c":19.88,"h":19.97,"l":19.88,"v":515.0,"Time":"2020-12-02T16:40:00Z","Interval":"5min","Figi":"BBG000MXH9C1"}
{"o":19.97,"c":19.96,"h":19.97,"l":19.88,"v":552.0,"Time":"2020-12-02T16:40:00Z","Interval":"5min","Figi":"BBG000MXH9C1"}
{"o":19.97,"c":19.94,"h":19.97,"l":19.88,"v":562.0,"Time":"2020-12-02T16:40:00Z","Interval":"5min","Figi":"BBG000MXH9C1"}
{"o":19.97,"c":19.86,"h":19.97,"l":19.86,"v":567.0,"Time":"2020-12-02T16:40:00Z","Interval":"5min","Figi":"BBG000MXH9C1"}
{"o":19.97,"c":19.85,"h":19.97,"l":19.85,"v":877.0,"Time":"2020-12-02T16:40:00Z","Interval":"5min","Figi":"BBG000MXH9C1"}
{"o":19.97,"c":19.88,"h":19.97,"l":19.85,"v":1077.0,"Time":"2020-12-02T16:40:00Z","Interval":"5min","Figi":"BBG000MXH9C1"}
{"o":19.97,"c":19.88,"h":19.97,"l":19.85,"v":1177.0,"Time":"2020-12-02T16:40:00Z","Interval":"5min","Figi":"BBG000MXH9C1"}
{"o":19.97,"c":19.91,"h":19.97,"l":19.85,"v":1187.0,"Time":"2020-12-02T16:40:00Z","Interval":"5min","Figi":"BBG000MXH9C1"}
{"o":19.97,"c":19.92,"h":19.97,"l":19.85,"v":1207.0,"Time":"2020-12-02T16:40:00Z","Interval":"5min","Figi":"BBG000MXH9C1"}
{"o":19.9,"c":19.89,"h":19.9,"l":19.89,"v":155.0,"Time":"2020-12-02T16:45:00Z","Interval":"5min","Figi":"BBG000MXH9C1"}
{"o":19.9,"c":19.91,"h":19.91,"l":19.89,"v":159.0,"Time":"2020-12-02T16:45:00Z","Interval":"5min","Figi":"BBG000MXH9C1"}
{"o":19.9,"c":20.03,"h":20.03,"l":19.89,"v":160.0,"Time":"2020-12-02T16:45:00Z","Interval":"5min","Figi":"BBG000MXH9C1"}
{"o":20.04,"c":20.04,"h":20.04,"l":20.04,"v":50.0,"Time":"2020-12-02T16:50:00Z","Interval":"5min","Figi":"BBG000MXH9C1"}
{"o":20.04,"c":20.04,"h":20.04,"l":20.04,"v":150.0,"Time":"2020-12-02T16:50:00Z","Interval":"5min","Figi":"BBG000MXH9C1"}
{"o":20.04,"c":20.04,"h":20.04,"l":20.04,"v":152.0,"Time":"2020-12-02T16:50:00Z","Interval":"5min","Figi":"BBG000MXH9C1"}
{"o":20.04,"c":19.97,"h":20.04,"l":19.97,"v":402.0,"Time":"2020-12-02T16:50:00Z","Interval":"5min","Figi":"BBG000MXH9C1"}
{"o":20.04,"c":20.04,"h":20.04,"l":19.97,"v":602.0,"Time":"2020-12-02T16:50:00Z","Interval":"5min","Figi":"BBG000MXH9C1"}
{"o":20.04,"c":20.04,"h":20.04,"l":19.97,"v":666.0,"Time":"2020-12-02T16:50:00Z","Interval":"5min","Figi":"BBG000MXH9C1"}
{"o":20.04,"c":20.04,"h":20.04,"l":19.97,"v":703.0,"Time":"2020-12-02T16:50:00Z","Interval":"5min","Figi":"BBG000MXH9C1"}
{"o":20.04,"c":20.09,"h":20.09,"l":19.97,"v":713.0,"Time":"2020-12-02T16:50:00Z","Interval":"5min","Figi":"BBG000MXH9C1"}
{"o":20.04,"c":20.05,"h":20.09,"l":19.97,"v":926.0,"Time":"2020-12-02T16:50:00Z","Interval":"5min","Figi":"BBG000MXH9C1"}
{"o":20.01,"c":20.01,"h":20.01,"l":20.01,"v":1.0,"Time":"2020-12-02T16:55:00Z","Interval":"5min","Figi":"BBG000MXH9C1"}
{"o":20.01,"c":20.07,"h":20.07,"l":20.01,"v":9.0,"Time":"2020-12-02T16:55:00Z","Interval":"5min","Figi":"BBG000MXH9C1"}
{"o":20.01,"c":20.09,"h":20.09,"l":20.01,"v":11.0,"Time":"2020-12-02T16:55:00Z","Interval":"5min","Figi":"BBG000MXH9C1"}
{"o":20.01,"c":20.09,"h":20.09,"l":20.01,"v":12.0,"Time":"2020-12-02T16:55:00Z","Interval":"5min","Figi":"BBG000MXH9C1"}
{"o":20.01,"c":20.03,"h":20.09,"l":20.01,"v":112.0,"Time":"2020-12-02T16:55:00Z","Interval":"5min","Figi":"BBG000MXH9C1"}
{"o":20.01,"c":20.01,"h":20.09,"l":20.01,"v":212.0,"Time":"2020-12-02T16:55:00Z","Interval":"5min","Figi":"BBG000MXH9C1"}
{"o":20.01,"c":20.09,"h":20.09,"l":20.01,"v":232.0,"Time":"2020-12-02T16:55:00Z","Interval":"5min","Figi":"BBG000MXH9C1"}
{"o":20.01,"c":19.96,"h":20.09,"l":19.96,"v":261.0,"Time":"2020-12-02T16:55:00Z","Interval":"5min","Figi":"BBG000MXH9C1"}
{"o":20.01,"c":20.13,"h":20.13,"l":19.96,"v":766.0,"Time":"2020-12-02T16:55:00Z","Interval":"5min","Figi":"BBG000MXH9C1"}
{"o":20.01,"c":20.13,"h":20.13,"l":19.96,"v":973.0,"Time":"2020-12-02T16:55:00Z","Interval":"5min","Figi":"BBG000MXH9C1"}
{"o":20.01,"c":20.13,"h":20.13,"l":19.96,"v":1073.0,"Time":"2020-12-02T16:55:00Z","Interval":"5min","Figi":"BBG000MXH9C1"}
{"o":20.09,"c":20.09,"h":20.09,"l":20.09,"v":1.0,"Time":"2020-12-02T17:00:00Z","Interval":"5min","Figi":"BBG000MXH9C1"}
{"o":20.09,"c":20.05,"h":20.09,"l":20.05,"v":11.0,"Time":"2020-12-02T17:00:00Z","Interval":"5min","Figi":"BBG000MXH9C1"}
{"o":20.09,"c":20.04,"h":20.09,"l":20.04,"v":251.0,"Time":"2020-12-02T17:00:00Z","Interval":"5min","Figi":"BBG000MXH9C1"}
{"o":20.04,"c":20.03,"h":20.04,"l":20.03,"v":252.0,"Time":"2020-12-02T17:05:00Z","Interval":"5min","Figi":"BBG000MXH9C1"}
{"o":20.04,"c":20.03,"h":20.04,"l":20.03,"v":352.0,"Time":"2020-12-02T17:05:00Z","Interval":"5min","Figi":"BBG000MXH9C1"}
{"o":20.04,"c":20.03,"h":20.04,"l":20.03,"v":402.0,"Time":"2020-12-02T17:05:00Z","Interval":"5min","Figi":"BBG000MXH9C1"}
{"o":20.04,"c":19.99,"h":20.04,"l":19.99,"v":458.0,"Time":"2020-12-02T17:05:00Z","Interval":"5min","Figi":"BBG000MXH9C1"}
{"o":20.04,"c":19.98,"h":20.04,"l":19.98,"v":4458.0,"Time":"2020-12-02T17:05:00Z","Interval":"5min","Figi":"BBG000MXH9C1"}
{"o":20.04,"c":19.99,"h":20.04,"l":19.98,"v":4566.0,"Time":"2020-12-02T17:05:00Z","Interval":"5min","Figi":"BBG000MXH9C1"}
{"o":20.04,"c":20.0,"h":20.04,"l":19.98,"v":4734.0,"Time":"2020-12-02T17:05:00Z","Interval":"5min","Figi":"BBG000MXH9C1"}
{"o":20.04,"c":19.99,"h":20.04,"l":19.98,"v":4735.0,"Time":"2020-12-02T17:05:00Z","Interval":"5min","Figi":"BBG000MXH9C1"}
{"o":20.04,"c":20.01,"h":20.04,"l":19.98,"v":4736.0,"Time":"2020-12-02T17:05:00Z","Interval":"5min","Figi":"BBG000MXH9C1"}
{"o":20.04,"c":20.01,"h":20.04,"l":19.98,"v":4811.0,"Time":"2020-12-02T17:05:00Z","Interval":"5min","Figi":"BBG000MXH9C1"}
{"o":20.04,"c":20.01,"h":20.04,"l":19.98,"v":4886.0,"Time":"2020-12-02T17:05:00Z","Interval":"5min","Figi":"BBG000MXH9C1"}
{"o":20.04,"c":20.01,"h":20.04,"l":19.98,"v":4887.0,"Time":"2020-12-02T17:05:00Z","Interval":"5min","Figi":"BBG000MXH9C1"}
{"o":20.04,"c":20.02,"h":20.04,"l":19.98,"v":4888.0,"Time":"2020-12-02T17:05:00Z","Interval":"5min","Figi":"BBG000MXH9C1"}
{"o":20.09,"c":20.09,"h":20.09,"l":20.09,"v":2.0,"Time":"2020-12-02T17:10:00Z","Interval":"5min","Figi":"BBG000MXH9C1"}
{"o":20.09,"c":20.09,"h":20.09,"l":20.09,"v":4.0,"Time":"2020-12-02T17:10:00Z","Interval":"5min","Figi":"BBG000MXH9C1"}
{"o":20.09,"c":20.03,"h":20.09,"l":20.03,"v":304.0,"Time":"2020-12-02T17:10:00Z","Interval":"5min","Figi":"BBG000MXH9C1"}
{"o":20.09,"c":20.09,"h":20.09,"l":20.03,"v":306.0,"Time":"2020-12-02T17:10:00Z","Interval":"5min","Figi":"BBG000MXH9C1"}
{"o":20.09,"c":19.99,"h":20.09,"l":19.99,"v":437.0,"Time":"2020-12-02T17:10:00Z","Interval":"5min","Figi":"BBG000MXH9C1"}
{"o":20.09,"c":19.99,"h":20.09,"l":19.99,"v":437.0,"Time":"2020-12-02T17:10:00Z","Interval":"5min","Figi":"BBG000MXH9C1"}
{"o":19.99,"c":19.99,"h":19.99,"l":19.99,"v":1.0,"Time":"2020-12-02T17:15:00Z","Interval":"5min","Figi":"BBG000MXH9C1"}
{"o":19.99,"c":20.05,"h":20.05,"l":19.99,"v":21.0,"Time":"2020-12-02T17:15:00Z","Interval":"5min","Figi":"BBG000MXH9C1"}
{"o":19.99,"c":20.06,"h":20.06,"l":19.99,"v":24.0,"Time":"2020-12-02T17:15:00Z","Interval":"5min","Figi":"BBG000MXH9C1"}
{"o":19.99,"c":20.06,"h":20.06,"l":19.99,"v":31.0,"Time":"2020-12-02T17:15:00Z","Interval":"5min","Figi":"BBG000MXH9C1"}
{"o":19.99,"c":20.05,"h":20.06,"l":19.99,"v":32.0,"Time":"2020-12-02T17:15:00Z","Interval":"5min","Figi":"BBG000MXH9C1"}
{"o":19.99,"c":20.06,"h":20.06,"l":19.99,"v":232.0,"Time":"2020-12-02T17:15:00Z","Interval":"5min","Figi":"BBG000MXH9C1"}
{"o":19.99,"c":20.07,"h":20.07,"l":19.99,"v":332.0,"Time":"2020-12-02T17:15:00Z","Interval":"5min","Figi":"BBG000MXH9C1"}
{"o":19.99,"c":20.02,"h":20.07,"l":19.99,"v":341.0,"Time":"2020-12-02T17:15:00Z","Interval":"5min","Figi":"BBG000MXH9C1"}
{"o":20.02,"c":20.02,"h":20.02,"l":20.02,"v":78.0,"Time":"2020-12-02T17:20:00Z","Interval":"5min","Figi":"BBG000MXH9C1"}
{"o":20.02,"c":20.04,"h":20.04,"l":20.02,"v":200.0,"Time":"2020-12-02T17:20:00Z","Interval":"5min","Figi":"BBG000MXH9C1"}
{"o":20.02,"c":20.04,"h":20.04,"l":20.02,"v":300.0,"Time":"2020-12-02T17:20:00Z","Interval":"5min","Figi":"BBG000MXH9C1"}
{"o":20.02,"c":20.03,"h":20.04,"l":20.02,"v":301.0,"Time":"2020-12-02T17:20:00Z","Interval":"5min","Figi":"BBG000MXH9C1"}
{"o":20.02,"c":20.11,"h":20.11,"l":20.02,"v":302.0,"Time":"2020-12-02T17:20:00Z","Interval":"5min","Figi":"BBG000MXH9C1"}
{"o":20.02,"c":20.04,"h":20.11,"l":20.02,"v":402.0,"Time":"2020-12-02T17:20:00Z","Interval":"5min","Figi":"BBG000MXH9C1"}
{"o":20.02,"c":20.04,"h":20.11,"l":20.02,"v":404.0,"Time":"2020-12-02T17:20:00Z","Interval":"5min","Figi":"BBG000MXH9C1"}
{"o":20.02,"c":20.08,"h":20.11,"l":20.02,"v":405.0,"Time":"2020-12-02T17:20:00Z","Interval":"5min","Figi":"BBG000MXH9C1"}
{"o":20.02,"c":20.09,"h":20.11,"l":20.02,"v":407.0,"Time":"2020-12-02T17:20:00Z","Interval":"5min","Figi":"BBG000MXH9C1"}
{"o":20.02,"c":20.03,"h":20.11,"l":20.02,"v":457.0,"Time":"2020-12-02T17:20:00Z","Interval":"5min","Figi":"BBG000MXH9C1"}
{"o":20.02,"c":20.03,"h":20.11,"l":20.02,"v":707.0,"Time":"2020-12-02T17:20:00Z","Interval":"5min","Figi":"BBG000MXH9C1"}
{"o":20.02,"c":20.0,"h":20.11,"l":20.0,"v":807.0,"Time":"2020-12-02T17:20:00Z","Interval":"5min","Figi":"BBG000MXH9C1"}
{"o":20.02,"c":20.03,"h":20.11,"l":20.0,"v":916.0,"Time":"2020-12-02T17:20:00Z","Interval":"5min","Figi":"BBG000MXH9C1"}
{"o":19.95,"c":19.99,"h":20.02,"l":19.95,"v":204.0,"Time":"2020-12-02T17:25:00Z","Interval":"5min","Figi":"BBG000MXH9C1"}
{"o":19.95,"c":19.98,"h":20.02,"l":19.95,"v":304.0,"Time":"2020-12-02T17:25:00Z","Interval":"5min","Figi":"BBG000MXH9C1"}
{"o":19.95,"c":19.99,"h":20.02,"l":19.95,"v":404.0,"Time":"2020-12-02T17:25:00Z","Interval":"5min","Figi":"BBG000MXH9C1"}
{"o":19.95,"c":20.0,"h":20.02,"l":19.95,"v":406.0,"Time":"2020-12-02T17:25:00Z","Interval":"5min","Figi":"BBG000MXH9C1"}
{"o":20.02,"c":20.02,"h":20.02,"l":20.02,"v":2.0,"Time":"2020-12-02T17:30:00Z","Interval":"5min","Figi":"BBG000MXH9C1"}
{"o":20.02,"c":19.99,"h":20.02,"l":19.99,"v":102.0,"Time":"2020-12-02T17:30:00Z","Interval":"5min","Figi":"BBG000MXH9C1"}
{"o":20.02,"c":20.02,"h":20.02,"l":19.99,"v":202.0,"Time":"2020-12-02T17:30:00Z","Interval":"5min","Figi":"BBG000MXH9C1"}
{"o":20.02,"c":20.02,"h":20.02,"l":19.99,"v":249.0,"Time":"2020-12-02T17:30:00Z","Interval":"5min","Figi":"BBG000MXH9C1"}
{"o":20.03,"c":20.03,"h":20.03,"l":20.03,"v":15.0,"Time":"2020-12-02T17:35:00Z","Interval":"5min","Figi":"BBG000MXH9C1"}
{"o":20.03,"c":20.03,"h":20.03,"l":20.03,"v":17.0,"Time":"2020-12-02T17:35:00Z","Interval":"5min","Figi":"BBG000MXH9C1"}
{"o":20.03,"c":20.03,"h":20.03,"l":20.03,"v":18.0,"Time":"2020-12-02T17:35:00Z","Interval":"5min","Figi":"BBG000MXH9C1"}
{"o":20.03,"c":20.03,"h":20.03,"l":20.03,"v":48.0,"Time":"2020-12-02T17:35:00Z","Interval":"5min","Figi":"BBG000MXH9C1"}
{"o":20.03,"c":20.0,"h":20.03,"l":19.96,"v":153.0,"Time":"2020-12-02T17:35:00Z","Interval":"5min","Figi":"BBG000MXH9C1"}
{"o":20.03,"c":19.98,"h":20.03,"l":19.93,"v":254.0,"Time":"2020-12-02T17:35:00Z","Interval":"5min","Figi":"BBG000MXH9C1"}
{"o":20.03,"c":19.96,"h":20.03,"l":19.93,"v":354.0,"Time":"2020-12-02T17:35:00Z","Interval":"5min","Figi":"BBG000MXH9C1"}
{"o":19.96,"c":19.97,"h":19.97,"l":19.96,"v":200.0,"Time":"2020-12-02T17:40:00Z","Interval":"5min","Figi":"BBG000MXH9C1"}
{"o":19.96,"c":19.97,"h":19.97,"l":19.96,"v":400.0,"Time":"2020-12-02T17:40:00Z","Interval":"5min","Figi":"BBG000MXH9C1"}
{"o":19.96,"c":20.06,"h":20.06,"l":19.96,"v":401.0,"Time":"2020-12-02T17:40:00Z","Interval":"5min","Figi":"BBG000MXH9C1"}
{"o":19.96,"c":20.06,"h":20.06,"l":19.96,"v":406.0,"Time":"2020-12-02T17:40:00Z","Interval":"5min","Figi":"BBG000MXH9C1"}
{"o":19.96,"c":20.03,"h":20.06,"l":19.96,"v":496.0,"Time":"2020-12-02T17:40:00Z","Interval":"5min","Figi":"BBG000MXH9C1"}
{"o":19.96,"c":19.95,"h":20.06,"l":19.95,"v":538.0,"Time":"2020-12-02T17:40:00Z","Interval":"5min","Figi":"BBG000MXH9C1"}
{"o":19.96,"c":19.95,"h":20.06,"l":19.95,"v":593.0,"Time":"2020-12-02T17:40:00Z","Interval":"5min","Figi":"BBG000MXH9C1"}
{"o":19.95,"c":19.94,"h":19.95,"l":19.94,"v":103.0,"Time":"2020-12-02T17:45:00Z","Interval":"5min","Figi":"BBG000MXH9C1"}
{"o":19.95,"c":19.94,"h":19.95,"l":19.94,"v":109.0,"Time":"2020-12-02T17:45:00Z","Interval":"5min","Figi":"BBG000MXH9C1"}
{"o":19.95,"c":19.95,"h":19.95,"l":19.94,"v":110.0,"Time":"2020-12-02T17:45:00Z","Interval":"5min","Figi":"BBG000MXH9C1"}
{"o":19.95,"c":19.94,"h":19.95,"l":19.94,"v":111.0,"Time":"2020-12-02T17:45:00Z","Interval":"5min","Figi":"BBG000MXH9C1"}
{"o":19.95,"c":19.94,"h":19.95,"l":19.94,"v":112.0,"Time":"2020-12-02T17:45:00Z","Interval":"5min","Figi":"BBG000MXH9C1"}
{"o":19.95,"c":19.94,"h":19.95,"l":19.94,"v":113.0,"Time":"2020-12-02T17:45:00Z","Interval":"5min","Figi":"BBG000MXH9C1"}
{"o":19.95,"c":19.95,"h":19.95,"l":19.95,"v":1.0,"Time":"2020-12-02T17:50:00Z","Interval":"5min","Figi":"BBG000MXH9C1"}
{"o":19.95,"c":19.95,"h":19.95,"l":19.95,"v":2.0,"Time":"2020-12-02T17:50:00Z","Interval":"5min","Figi":"BBG000MXH9C1"}
{"o":19.95,"c":19.96,"h":19.96,"l":19.95,"v":102.0,"Time":"2020-12-02T17:50:00Z","Interval":"5min","Figi":"BBG000MXH9C1"}
{"o":19.95,"c":19.93,"h":19.96,"l":19.93,"v":148.0,"Time":"2020-12-02T17:50:00Z","Interval":"5min","Figi":"BBG000MXH9C1"}
{"o":19.95,"c":19.93,"h":19.96,"l":19.93,"v":152.0,"Time":"2020-12-02T17:50:00Z","Interval":"5min","Figi":"BBG000MXH9C1"}
{"o":19.95,"c":19.97,"h":19.97,"l":19.93,"v":202.0,"Time":"2020-12-02T17:50:00Z","Interval":"5min","Figi":"BBG000MXH9C1"}
{"o":19.95,"c":19.98,"h":19.98,"l":19.93,"v":302.0,"Time":"2020-12-02T17:50:00Z","Interval":"5min","Figi":"BBG000MXH9C1"}
{"o":19.95,"c":19.98,"h":19.98,"l":19.93,"v":402.0,"Time":"2020-12-02T17:50:00Z","Interval":"5min","Figi":"BBG000MXH9C1"}
{"o":20.01,"c":20.01,"h":20.01,"l":20.01,"v":1.0,"Time":"2020-12-02T17:55:00Z","Interval":"5min","Figi":"BBG000MXH9C1"}
{"o":20.01,"c":20.02,"h":20.02,"l":20.01,"v":146.0,"Time":"2020-12-02T17:55:00Z","Interval":"5min","Figi":"BBG000MXH9C1"}
{"o":20.01,"c":20.03,"h":20.03,"l":20.01,"v":247.0,"Time":"2020-12-02T17:55:00Z","Interval":"5min","Figi":"BBG000MXH9C1"}
{"o":19.95,"c":19.95,"h":19.95,"l":19.95,"v":1.0,"Time":"2020-12-02T18:00:00Z","Interval":"5min","Figi":"BBG000MXH9C1"}
{"o":19.95,"c":19.92,"h":19.95,"l":19.92,"v":201.0,"Time":"2020-12-02T18:00:00Z","Interval":"5min","Figi":"BBG000MXH9C1"}
{"o":19.95,"c":19.94,"h":19.95,"l":19.92,"v":202.0,"Time":"2020-12-02T18:00:00Z","Interval":"5min","Figi":"BBG000MXH9C1"}
{"o":19.95,"c":19.91,"h":19.95,"l":19.91,"v":207.0,"Time":"2020-12-02T18:00:00Z","Interval":"5min","Figi":"BBG000MXH9C1"}
{"o":19.95,"c":19.96,"h":19.96,"l":19.91,"v":379.0,"Time":"2020-12-02T18:00:00Z","Interval":"5min","Figi":"BBG000MXH9C1"}
{"o":19.98,"c":19.98,"h":19.98,"l":19.98,"v":100.0,"Time":"2020-12-02T18:05:00Z","Interval":"5min","Figi":"BBG000MXH9C1"}
{"o":19.98,"c":19.95,"h":19.98,"l":19.95,"v":120.0,"Time":"2020-12-02T18:05:00Z","Interval":"5min","Figi":"BBG000MXH9C1"}
{"o":19.98,"c":19.97,"h":19.98,"l":19.95,"v":124.0,"Time":"2020-12-02T18:05:00Z","Interval":"5min","Figi":"BBG000MXH9C1"}
{"o":19.98,"c":19.97,"h":19.98,"l":19.95,"v":125.0,"Time":"2020-12-02T18:05:00Z","Interval":"5min","Figi":"BBG000MXH9C1"}
{"o":19.98,"c":19.98,"h":19.98,"l":19.95,"v":132.0,"Time":"2020-12-02T18:05:00Z","Interval":"5min","Figi":"BBG000MXH9C1"}
{"o":19.98,"c":20.02,"h":20.02,"l":19.95,"v":142.0,"Time":"2020-12-02T18:05:00Z","Interval":"5min","Figi":"BBG000MXH9C1"}
{"o":19.98,"c":20.02,"h":20.02,"l":19.95,"v":152.0,"Time":"2020-12-02T18:05:00Z","Interval":"5min","Figi":"BBG000MXH9C1"}
{"o":19.98,"c":20.02,"h":20.02,"l":19.95,"v":172.0,"Time":"2020-12-02T18:05:00Z","Interval":"5min","Figi":"BBG000MXH9C1"}
{"o":20.02,"c":20.02,"h":20.02,"l":20.02,"v":10.0,"Time":"2020-12-02T18:10:00Z","Interval":"5min","Figi":"BBG000MXH9C1"}
{"o":20.02,"c":20.02,"h":20.02,"l":20.02,"v":110.0,"Time":"2020-12-02T18:10:00Z","Interval":"5min","Figi":"BBG000MXH9C1"}
{"o":20.02,"c":20.03,"h":20.03,"l":20.02,"v":120.0,"Time":"2020-12-02T18:10:00Z","Interval":"5min","Figi":"BBG000MXH9C1"}
{"o":20.02,"c":20.03,"h":20.03,"l":20.02,"v":320.0,"Time":"2020-12-02T18:10:00Z","Interval":"5min","Figi":"BBG000MXH9C1"}
{"o":20.02,"c":20.04,"h":20.04,"l":20.02,"v":420.0,"Time":"2020-12-02T18:10:00Z","Interval":"5min","Figi":"BBG000MXH9C1"}
{"o":20.02,"c":20.11,"h":20.11,"l":20.02,"v":520.0,"Time":"2020-12-02T18:10:00Z","Interval":"5min","Figi":"BBG000MXH9C1"}
{"o":20.02,"c":20.12,"h":20.12,"l":20.02,"v":720.0,"Time":"2020-12-02T18:10:00Z","Interval":"5min","Figi":"BBG000MXH9C1"}
{"o":20.02,"c":20.09,"h":20.12,"l":20.02,"v":730.0,"Time":"2020-12-02T18:10:00Z","Interval":"5min","Figi":"BBG000MXH9C1"}
{"o":20.02,"c":20.09,"h":20.12,"l":20.02,"v":731.0,"Time":"2020-12-02T18:10:00Z","Interval":"5min","Figi":"BBG000MXH9C1"}
{"o":20.02,"c":20.09,"h":20.12,"l":20.02,"v":751.0,"Time":"2020-12-02T18:10:00Z","Interval":"5min","Figi":"BBG000MXH9C1"}
{"o":20.02,"c":20.09,"h":20.12,"l":20.02,"v":761.0,"Time":"2020-12-02T18:10:00Z","Interval":"5min","Figi":"BBG000MXH9C1"}
{"o":20.02,"c":20.09,"h":20.14,"l":20.02,"v":1323.0,"Time":"2020-12-02T18:10:00Z","Interval":"5min","Figi":"BBG000MXH9C1"}
{"o":20.02,"c":20.18,"h":20.18,"l":20.02,"v":1324.0,"Time":"2020-12-02T18:10:00Z","Interval":"5min","Figi":"BBG000MXH9C1"}
{"o":20.02,"c":20.18,"h":20.18,"l":20.02,"v":1424.0,"Time":"2020-12-02T18:10:00Z","Interval":"5min","Figi":"BBG000MXH9C1"}
{"o":20.02,"c":20.19,"h":20.19,"l":20.02,"v":1434.0,"Time":"2020-12-02T18:10:00Z","Interval":"5min","Figi":"BBG000MXH9C1"}
{"o":20.19,"c":20.19,"h":20.19,"l":20.19,"v":100.0,"Time":"2020-12-02T18:15:00Z","Interval":"5min","Figi":"BBG000MXH9C1"}
{"o":20.19,"c":20.19,"h":20.19,"l":20.19,"v":200.0,"Time":"2020-12-02T18:15:00Z","Interval":"5min","Figi":"BBG000MXH9C1"}
{"o":20.19,"c":20.19,"h":20.19,"l":20.19,"v":300.0,"Time":"2020-12-02T18:15:00Z","Interval":"5min","Figi":"BBG000MXH9C1"}
{"o":20.19,"c":20.19,"h":20.19,"l":20.19,"v":400.0,"Time":"2020-12-02T18:15:00Z","Interval":"5min","Figi":"BBG000MXH9C1"}
{"o":20.19,"c":20.23,"h":20.23,"l":20.19,"v":608.0,"Time":"2020-12-02T18:15:00Z","Interval":"5min","Figi":"BBG000MXH9C1"}
{"o":20.2,"c":20.2,"h":20.2,"l":20.2,"v":10.0,"Time":"2020-12-02T18:20:00Z","Interval":"5min","Figi":"BBG000MXH9C1"}
{"o":20.2,"c":20.17,"h":20.2,"l":20.17,"v":210.0,"Time":"2020-12-02T18:20:00Z","Interval":"5min","Figi":"BBG000MXH9C1"}
{"o":20.2,"c":20.17,"h":20.2,"l":20.15,"v":520.0,"Time":"2020-12-02T18:20:00Z","Interval":"5min","Figi":"BBG000MXH9C1"}
{"o":20.2,"c":20.14,"h":20.2,"l":20.14,"v":639.0,"Time":"2020-12-02T18:20:00Z","Interval":"5min","Figi":"BBG000MXH9C1"}
{"o":20.2,"c":20.2,"h":20.2,"l":20.14,"v":640.0,"Time":"2020-12-02T18:20:00Z","Interval":"5min","Figi":"BBG000MXH9C1"}
{"o":20.22,"c":20.23,"h":20.23,"l":20.22,"v":320.0,"Time":"2020-12-02T18:25:00Z","Interval":"5min","Figi":"BBG000MXH9C1"}
{"o":20.22,"c":20.19,"h":20.23,"l":20.19,"v":420.0,"Time":"2020-12-02T18:25:00Z","Interval":"5min","Figi":"BBG000MXH9C1"}
{"o":20.22,"c":20.19,"h":20.23,"l":20.19,"v":520.0,"Time":"2020-12-02T18:25:00Z","Interval":"5min","Figi":"BBG000MXH9C1"}
{"o":20.22,"c":20.14,"h":20.23,"l":20.14,"v":521.0,"Time":"2020-12-02T18:25:00Z","Interval":"5min","Figi":"BBG000MXH9C1"}
{"o":20.13,"c":20.13,"h":20.13,"l":20.13,"v":6.0,"Time":"2020-12-02T18:30:00Z","Interval":"5min","Figi":"BBG000MXH9C1"}
{"o":20.13,"c":20.15,"h":20.16,"l":20.13,"v":606.0,"Time":"2020-12-02T18:30:00Z","Interval":"5min","Figi":"BBG000MXH9C1"}
{"o":20.13,"c":20.21,"h":20.21,"l":20.13,"v":706.0,"Time":"2020-12-02T18:30:00Z","Interval":"5min","Figi":"BBG000MXH9C1"}
{"o":20.13,"c":20.17,"h":20.21,"l":20.13,"v":712.0,"Time":"2020-12-02T18:30:00Z","Interval":"5min","Figi":"BBG000MXH9C1"}
{"o":20.13,"c":20.17,"h":20.21,"l":20.13,"v":718.0,"Time":"2020-12-02T18:30:00Z","Interval":"5min","Figi":"BBG000MXH9C1"}
{"o":20.13,"c":20.17,"h":20.21,"l":20.13,"v":724.0,"Time":"2020-12-02T18:30:00Z","Interval":"5min","Figi":"BBG000MXH9C1"}
{"o":20.13,"c":20.16,"h":20.21,"l":20.13,"v":730.0,"Time":"2020-12-02T18:30:00Z","Interval":"5min","Figi":"BBG000MXH9C1"}
{"o":20.13,"c":20.2,"h":20.21,"l":20.13,"v":1368.0,"Time":"2020-12-02T18:30:00Z","Interval":"5min","Figi":"BBG000MXH9C1"}
{"o":20.13,"c":20.23,"h":20.23,"l":20.13,"v":1373.0,"Time":"2020-12-02T18:30:00Z","Interval":"5min","Figi":"BBG000MXH9C1"}
{"o":20.13,"c":20.2,"h":20.23,"l":20.13,"v":1467.0,"Time":"2020-12-02T18:30:00Z","Interval":"5min","Figi":"BBG000MXH9C1"}
{"o":20.13,"c":20.19,"h":20.23,"l":20.13,"v":1473.0,"Time":"2020-12-02T18:30:00Z","Interval":"5min","Figi":"BBG000MXH9C1"}
{"o":20.13,"c":20.16,"h":20.23,"l":20.13,"v":1573.0,"Time":"2020-12-02T18:30:00Z","Interval":"5min","Figi":"BBG000MXH9C1"}
{"o":20.13,"c":20.2,"h":20.23,"l":20.13,"v":1873.0,"Time":"2020-12-02T18:30:00Z","Interval":"5min","Figi":"BBG000MXH9C1"}
{"o":20.13,"c":20.24,"h":20.24,"l":20.13,"v":1875.0,"Time":"2020-12-02T18:30:00Z","Interval":"5min","Figi":"BBG000MXH9C1"}
{"o":20.13,"c":20.24,"h":20.24,"l":20.13,"v":1979.0,"Time":"2020-12-02T18:30:00Z","Interval":"5min","Figi":"BBG000MXH9C1"}
{"o":20.24,"c":20.24,"h":20.24,"l":20.24,"v":10.0,"Time":"2020-12-02T18:35:00Z","Interval":"5min","Figi":"BBG000MXH9C1"}
{"o":20.24,"c":20.25,"h":20.25,"l":20.24,"v":14.0,"Time":"2020-12-02T18:35:00Z","Interval":"5min","Figi":"BBG000MXH9C1"}
{"o":20.24,"c":20.3,"h":20.3,"l":20.24,"v":29.0,"Time":"2020-12-02T18:35:00Z","Interval":"5min","Figi":"BBG000MXH9C1"}
{"o":20.24,"c":20.32,"h":20.32,"l":20.24,"v":47.0,"Time":"2020-12-02T18:35:00Z","Interval":"5min","Figi":"BBG000MXH9C1"}
{"o":20.24,"c":20.37,"h":20.37,"l":20.24,"v":48.0,"Time":"2020-12-02T18:35:00Z","Interval":"5min","Figi":"BBG000MXH9C1"}
{"o":20.24,"c":20.37,"h":20.37,"l":20.24,"v":378.0,"Time":"2020-12-02T18:35:00Z","Interval":"5min","Figi":"BBG000MXH9C1"}
{"o":20.24,"c":20.37,"h":20.37,"l":20.24,"v":378.0,"Time":"2020-12-02T18:35:00Z","Interval":"5min","Figi":"BBG000MXH9C1"}
{"o":20.24,"c":20.38,"h":20.38,"l":20.24,"v":411.0,"Time":"2020-12-02T18:35:00Z","Interval":"5min","Figi":"BBG000MXH9C1"}
{"o":20.39,"c":20.39,"h":20.39,"l":20.39,"v":500.0,"Time":"2020-12-02T18:40:00Z","Interval":"5min","Figi":"BBG000MXH9C1"}
{"o":20.39,"c":20.43,"h":20.45,"l":20.39,"v":696.0,"Time":"2020-12-02T18:40:00Z","Interval":"5min","Figi":"BBG000MXH9C1"}
{"o":20.39,"c":20.45,"h":20.45,"l":20.39,"v":900.0,"Time":"2020-12-02T18:40:00Z","Interval":"5min","Figi":"BBG000MXH9C1"}
{"o":20.39,"c":20.42,"h":20.45,"l":20.39,"v":905.0,"Time":"2020-12-02T18:40:00Z","Interval":"5min","Figi":"BBG000MXH9C1"}
{"o":20.39,"c":20.42,"h":20.45,"l":20.39,"v":1035.0,"Time":"2020-12-02T18:40:00Z","Interval":"5min","Figi":"BBG000MXH9C1"}
{"o":20.39,"c":20.42,"h":20.45,"l":20.39,"v":1135.0,"Time":"2020-12-02T18:40:00Z","Interval":"5min","Figi":"BBG000MXH9C1"}
{"o":20.39,"c":20.42,"h":20.45,"l":20.39,"v":1405.0,"Time":"2020-12-02T18:40:00Z","Interval":"5min","Figi":"BBG000MXH9C1"}
{"o":20.39,"c":20.4,"h":20.45,"l":20.39,"v":1418.0,"Time":"2020-12-02T18:40:00Z","Interval":"5min","Figi":"BBG000MXH9C1"}
{"o":20.39,"c":20.37,"h":20.45,"l":20.37,"v":1420.0,"Time":"2020-12-02T18:40:00Z","Interval":"5min","Figi":"BBG000MXH9C1"}
{"o":20.39,"c":20.37,"h":20.45,"l":20.37,"v":1515.0,"Time":"2020-12-02T18:40:00Z","Interval":"5min","Figi":"BBG000MXH9C1"}
{"o":20.39,"c":20.4,"h":20.45,"l":20.37,"v":1520.0,"Time":"2020-12-02T18:40:00Z","Interval":"5min","Figi":"BBG000MXH9C1"}
{"o":20.35,"c":20.35,"h":20.35,"l":20.35,"v":86.0,"Time":"2020-12-02T18:45:00Z","Interval":"5min","Figi":"BBG000MXH9C1"}
{"o":20.35,"c":20.34,"h":20.35,"l":20.34,"v":100.0,"Time":"2020-12-02T18:45:00Z","Interval":"5min","Figi":"BBG000MXH9C1"}
{"o":20.35,"c":20.37,"h":20.37,"l":20.34,"v":103.0,"Time":"2020-12-02T18:45:00Z","Interval":"5min","Figi":"BBG000MXH9C1"}
{"o":20.35,"c":20.37,"h":20.37,"l":20.34,"v":113.0,"Time":"2020-12-02T18:45:00Z","Interval":"5min","Figi":"BBG000MXH9C1"}
{"o":20.35,"c":20.34,"h":20.37,"l":20.34,"v":133.0,"Time":"2020-12-02T18:45:00Z","Interval":"5min","Figi":"BBG000MXH9C1"}
{"o":20.35,"c":20.34,"h":20.37,"l":20.34,"v":153.0,"Time":"2020-12-02T18:45:00Z","Interval":"5min","Figi":"BBG000MXH9C1"}
{"o":20.35,"c":20.34,"h":20.37,"l":20.34,"v":239.0,"Time":"2020-12-02T18:45:00Z","Interval":"5min","Figi":"BBG000MXH9C1"}
{"o":20.35,"c":20.32,"h":20.37,"l":20.32,"v":269.0,"Time":"2020-12-02T18:45:00Z","Interval":"5min","Figi":"BBG000MXH9C1"}
{"o":20.35,"c":20.31,"h":20.37,"l":20.31,"v":337.0,"Time":"2020-12-02T18:45:00Z","Interval":"5min","Figi":"BBG000MXH9C1"}
{"o":20.35,"c":20.25,"h":20.37,"l":20.25,"v":362.0,"Time":"2020-12-02T18:45:00Z","Interval":"5min","Figi":"BBG000MXH9C1"}
{"o":20.35,"c":20.25,"h":20.37,"l":20.25,"v":382.0,"Time":"2020-12-02T18:45:00Z","Interval":"5min","Figi":"BBG000MXH9C1"}
{"o":20.35,"c":20.33,"h":20.37,"l":20.25,"v":482.0,"Time":"2020-12-02T18:45:00Z","Interval":"5min","Figi":"BBG000MXH9C1"}
{"o":20.35,"c":20.34,"h":20.37,"l":20.25,"v":586.0,"Time":"2020-12-02T18:45:00Z","Interval":"5min","Figi":"BBG000MXH9C1"}
{"o":20.35,"c":20.34,"h":20.37,"l":20.25,"v":586.0,"Time":"2020-12-02T18:45:00Z","Interval":"5min","Figi":"BBG000MXH9C1"}
{"o":20.3,"c":20.3,"h":20.3,"l":20.3,"v":10.0,"Time":"2020-12-02T18:55:00Z","Interval":"5min","Figi":"BBG000MXH9C1"}
{"o":20.3,"c":20.33,"h":20.33,"l":20.3,"v":40.0,"Time":"2020-12-02T18:55:00Z","Interval":"5min","Figi":"BBG000MXH9C1"}
{"o":20.3,"c":20.32,"h":20.33,"l":20.3,"v":240.0,"Time":"2020-12-02T18:55:00Z","Interval":"5min","Figi":"BBG000MXH9C1"}
{"o":20.3,"c":20.32,"h":20.33,"l":20.3,"v":340.0,"Time":"2020-12-02T18:55:00Z","Interval":"5min","Figi":"BBG000MXH9C1"}
{"o":20.29,"c":20.29,"h":20.29,"l":20.29,"v":101.0,"Time":"2020-12-02T19:00:00Z","Interval":"5min","Figi":"BBG000MXH9C1"}
{"o":20.29,"c":20.17,"h":20.29,"l":20.17,"v":1531.0,"Time":"2020-12-02T19:00:00Z","Interval":"5min","Figi":"BBG000MXH9C1"}
{"o":20.29,"c":20.25,"h":20.29,"l":20.17,"v":1933.0,"Time":"2020-12-02T19:00:00Z","Interval":"5min","Figi":"BBG000MXH9C1"}
{"o":20.29,"c":20.25,"h":20.29,"l":20.17,"v":1933.0,"Time":"2020-12-02T19:00:00Z","Interval":"5min","Figi":"BBG000MXH9C1"}
{"o":20.29,"c":20.22,"h":20.29,"l":20.17,"v":1934.0,"Time":"2020-12-02T19:00:00Z","Interval":"5min","Figi":"BBG000MXH9C1"}
{"o":20.29,"c":20.22,"h":20.29,"l":20.17,"v":2034.0,"Time":"2020-12-02T19:00:00Z","Interval":"5min","Figi":"BBG000MXH9C1"}
{"o":20.2,"c":20.2,"h":20.2,"l":20.2,"v":100.0,"Time":"2020-12-02T19:05:00Z","Interval":"5min","Figi":"BBG000MXH9C1"}
{"o":20.12,"c":20.12,"h":20.12,"l":20.12,"v":4.0,"Time":"2020-12-02T19:10:00Z","Interval":"5min","Figi":"BBG000MXH9C1"}
{"o":20.12,"c":20.12,"h":20.12,"l":20.12,"v":7.0,"Time":"2020-12-02T19:10:00Z","Interval":"5min","Figi":"BBG000MXH9C1"}
{"o":20.12,"c":20.24,"h":20.24,"l":20.12,"v":17.0,"Time":"2020-12-02T19:10:00Z","Interval":"5min","Figi":"BBG000MXH9C1"}
