{"o":32.43,"c":32.4,"h":32.45,"l":32.38,"v":1334.0,"Time":"2020-12-02T15:05:00Z","Interval":"5min","Figi":"BBG00C6H6D40"}
{"o":32.43,"c":32.42,"h":32.45,"l":32.38,"v":1344.0,"Time":"2020-12-02T15:05:00Z","Interval":"5min","Figi":"BBG00C6H6D40"}
{"o":32.43,"c":32.46,"h":32.46,"l":32.38,"v":1744.0,"Time":"2020-12-02T15:05:00Z","Interval":"5min","Figi":"BBG00C6H6D40"}
{"o":32.43,"c":32.5,"h":32.5,"l":32.38,"v":2177.0,"Time":"2020-12-02T15:05:00Z","Interval":"5min","Figi":"BBG00C6H6D40"}
{"o":32.43,"c":32.51,"h":32.51,"l":32.38,"v":2377.0,"Time":"2020-12-02T15:05:00Z","Interval":"5min","Figi":"BBG00C6H6D40"}
{"o":32.43,"c":32.5,"h":32.51,"l":32.38,"v":2477.0,"Time":"2020-12-02T15:05:00Z","Interval":"5min","Figi":"BBG00C6H6D40"}
{"o":32.43,"c":32.49,"h":32.51,"l":32.38,"v":2482.0,"Time":"2020-12-02T15:05:00Z","Interval":"5min","Figi":"BBG00C6H6D40"}
{"o":32.43,"c":32.5,"h":32.51,"l":32.38,"v":2521.0,"Time":"2020-12-02T15:05:00Z","Interval":"5min","Figi":"BBG00C6H6D40"}
{"o":32.43,"c":32.49,"h":32.51,"l":32.38,"v":2655.0,"Time":"2020-12-02T15:05:00Z","Interval":"5min","Figi":"BBG00C6H6D40"}
{"o":32.43,"c":32.49,"h":32.51,"l":32.38,"v":2716.0,"Time":"2020-12-02T15:05:00Z","Interval":"5min","Figi":"BBG00C6H6D40"}
{"o":32.43,"c":32.47,"h":32.51,"l":32.38,"v":3081.0,"Time":"2020-12-02T15:05:00Z","Interval":"5min","Figi":"BBG00C6H6D40"}
{"o":32.43,"c":32.47,"h":32.51,"l":32.38,"v":3181.0,"Time":"2020-12-02T15:05:00Z","Interval":"5min","Figi":"BBG00C6H6D40"}
{"o":32.43,"c":32.44,"h":32.51,"l":32.38,"v":3191.0,"Time":"2020-12-02T15:05:00Z","Interval":"5min","Figi":"BBG00C6H6D40"}
{"o":32.43,"c":32.45,"h":32.51,"l":32.38,"v":3291.0,"Time":"2020-12-02T15:05:00Z","Interval":"5min","Figi":"BBG00C6H6D40"}
{"o":32.43,"c":32.45,"h":32.51,"l":32.38,"v":3391.0,"Time":"2020-12-02T15:05:00Z","Interval":"5min","Figi":"BBG00C6H6D40"}
{"o":32.43,"c":32.45,"h":32.51,"l":32.38,"v":4205.0,"Time":"2020-12-02T15:05:00Z","Interval":"5min","Figi":"BBG00C6H6D40"}
{"o":32.43,"c":32.42,"h":32.51,"l":32.38,"v":4211.0,"Time":"2020-12-02T15:05:00Z","Interval":"5min","Figi":"BBG00C6H6D40"}
{"o":32.43,"c":32.46,"h":32.51,"l":32.38,"v":4311.0,"Time":"2020-12-02T15:05:00Z","Interval":"5min","Figi":"BBG00C6H6D40"}
{"o":32.43,"c":32.45,"h":32.51,"l":32.38,"v":4411.0,"Time":"2020-12-02T15:05:00Z","Interval":"5min","Figi":"BBG00C6H6D40"}
{"o":32.43,"c":32.4,"h":32.51,"l":32.38,"v":4416.0,"Time":"2020-12-02T15:05:00Z","Interval":"5min","Figi":"BBG00C6H6D40"}
{"o":32.43,"c":32.44,"h":32.51,"l":32.38,"v":4516.0,"Time":"2020-12-02T15:05:00Z","Interval":"5min","Figi":"BBG00C6H6D40"}
{"o":32.43,"c":32.43,"h":32.51,"l":32.38,"v":4616.0,"Time":"2020-12-02T15:05:00Z","Interval":"5min","Figi":"BBG00C6H6D40"}
{"o":32.43,"c":32.44,"h":32.51,"l":32.38,"v":4923.0,"Time":"2020-12-02T15:05:00Z","Interval":"5min","Figi":"BBG00C6H6D40"}
{"o":32.43,"c":32.48,"h":32.51,"l":32.38,"v":5023.0,"Time":"2020-12-02T15:05:00Z","Interval":"5min","Figi":"BBG00C6H6D40"}
{"o":32.42,"c":32.42,"h":32.42,"l":32.42,"v":62.0,"Time":"2020-12-02T15:10:00Z","Interval":"5min","Figi":"BBG00C6H6D40"}
{"o":32.42,"c":32.48,"h":32.48,"l":32.42,"v":199.0,"Time":"2020-12-02T15:10:00Z","Interval":"5min","Figi":"BBG00C6H6D40"}
{"o":32.42,"c":32.52,"h":32.52,"l":32.42,"v":399.0,"Time":"2020-12-02T15:10:00Z","Interval":"5min","Figi":"BBG00C6H6D40"}
{"o":32.42,"c":32.48,"h":32.52,"l":32.42,"v":449.0,"Time":"2020-12-02T15:10:00Z","Interval":"5min","Figi":"BBG00C6H6D40"}
{"o":32.42,"c":32.44,"h":32.52,"l":32.42,"v":457.0,"Time":"2020-12-02T15:10:00Z","Interval":"5min","Figi":"BBG00C6H6D40"}
{"o":32.42,"c":32.44,"h":32.52,"l":32.42,"v":549.0,"Time":"2020-12-02T15:10:00Z","Interval":"5min","Figi":"BBG00C6H6D40"}
{"o":32.42,"c":32.44,"h":32.52,"l":32.42,"v":649.0,"Time":"2020-12-02T15:10:00Z","Interval":"5min","Figi":"BBG00C6H6D40"}
{"o":32.42,"c":32.43,"h":32.52,"l":32.42,"v":650.0,"Time":"2020-12-02T15:10:00Z","Interval":"5min","Figi":"BBG00C6H6D40"}
{"o":32.42,"c":32.39,"h":32.52,"l":32.39,"v":660.0,"Time":"2020-12-02T15:10:00Z","Interval":"5min","Figi":"BBG00C6H6D40"}
{"o":32.42,"c":32.39,"h":32.52,"l":32.39,"v":661.0,"Time":"2020-12-02T15:10:00Z","Interval":"5min","Figi":"BBG00C6H6D40"}
{"o":32.43,"c":32.43,"h":32.43,"l":32.43,"v":7.0,"Time":"2020-12-02T15:15:00Z","Interval":"5min","Figi":"BBG00C6H6D40"}
{"o":32.43,"c":32.46,"h":32.46,"l":32.43,"v":369.0,"Time":"2020-12-02T15:15:00Z","Interval":"5min","Figi":"BBG00C6H6D40"}
{"o":32.43,"c":32.46,"h":32.46,"l":32.43,"v":398.0,"Time":"2020-12-02T15:15:00Z","Interval":"5min","Figi":"BBG00C6H6D40"}
{"o":32.43,"c":32.45,"h":32.46,"l":32.43,"v":498.0,"Time":"2020-12-02T15:15:00Z","Interval":"5min","Figi":"BBG00C6H6D40"}
{"o":32.43,"c":32.45,"h":32.46,"l":32.43,"v":598.0,"Time":"2020-12-02T15:15:00Z","Interval":"5min","Figi":"BBG00C6H6D40"}
{"o":32.43,"c":32.46,"h":32.46,"l":32.43,"v":614.0,"Time":"2020-12-02T15:15:00Z","Interval":"5min","Figi":"BBG00C6H6D40"}
{"o":32.43,"c":32.49,"h":32.49,"l":32.43,"v":621.0,"Time":"2020-12-02T15:15:00Z","Interval":"5min","Figi":"BBG00C6H6D40"}
{"o":32.43,"c":32.5,"h":32.5,"l":32.43,"v":628.0,"Time":"2020-12-02T15:15:00Z","Interval":"5min","Figi":"BBG00C6H6D40"}
{"o":32.53,"c":32.53,"h":32.53,"l":32.53,"v":7.0,"Time":"2020-12-02T15:20:00Z","Interval":"5min","Figi":"BBG00C6H6D40"}
{"o":32.53,"c":32.54,"h":32.54,"l":32.53,"v":316.0,"Time":"2020-12-02T15:20:00Z","Interval":"5min","Figi":"BBG00C6H6D40"}
{"o":32.53,"c":32.52,"h":32.54,"l":32.52,"v":375.0,"Time":"2020-12-02T15:20:00Z","Interval":"5min","Figi":"BBG00C6H6D40"}
{"o":32.53,"c":32.53,"h":32.54,"l":32.52,"v":385.0,"Time":"2020-12-02T15:20:00Z","Interval":"5min","Figi":"BBG00C6H6D40"}
{"o":32.53,"c":32.55,"h":32.55,"l":32.52,"v":392.0,"Time":"2020-12-02T15:20:00Z","Interval":"5min","Figi":"BBG00C6H6D40"}
{"o":32.53,"c":32.55,"h":32.55,"l":32.52,"v":395.0,"Time":"2020-12-02T15:20:00Z","Interval":"5min","Figi":"BBG00C6H6D40"}
{"o":32.53,"c":32.57,"h":32.57,"l":32.52,"v":495.0,"Time":"2020-12-02T15:20:00Z","Interval":"5min","Figi":"BBG00C6H6D40"}
{"o":32.53,"c":32.57,"h":32.57,"l":32.52,"v":495.0,"Time":"2020-12-02T15:20:00Z","Interval":"5min","Figi":"BBG00C6H6D40"}
{"o":32.53,"c":32.59,"h":32.59,"l":32.52,"v":1577.0,"Time":"2020-12-02T15:20:00Z","Interval":"5min","Figi":"BBG00C6H6D40"}
{"o":32.53,"c":32.6,"h":32.6,"l":32.52,"v":1677.0,"Time":"2020-12-02T15:20:00Z","Interval":"5min","Figi":"BBG00C6H6D40"}
{"o":32.53,"c":32.61,"h":32.61,"l":32.52,"v":1777.0,"Time":"2020-12-02T15:20:00Z","Interval":"5min","Figi":"BBG00C6H6D40"}
{"o":32.53,"c":32.63,"h":32.63,"l":32.52,"v":1877.0,"Time":"2020-12-02T15:20:00Z","Interval":"5min","Figi":"BBG00C6H6D40"}
{"o":32.53,"c":32.63,"h":32.63,"l":32.52,"v":1917.0,"Time":"2020-12-02T15:20:00Z","Interval":"5min","Figi":"BBG00C6H6D40"}
{"o":32.53,"c":32.63,"h":32.63,"l":32.52,"v":1977.0,"Time":"2020-12-02T15:20:00Z","Interval":"5min","Figi":"BBG00C6H6D40"}
{"o":32.53,"c":32.63,"h":32.63,"l":32.52,"v":2077.0,"Time":"2020-12-02T15:20:00Z","Interval":"5min","Figi":"BBG00C6H6D40"}
{"o":32.6,"c":32.6,"h":32.6,"l":32.6,"v":200.0,"Time":"2020-12-02T15:25:00Z","Interval":"5min","Figi":"BBG00C6H6D40"}
{"o":32.6,"c":32.58,"h":32.6,"l":32.58,"v":210.0,"Time":"2020-12-02T15:25:00Z","Interval":"5min","Figi":"BBG00C6H6D40"}
{"o":32.6,"c":32.6,"h":32.6,"l":32.58,"v":330.0,"Time":"2020-12-02T15:25:00Z","Interval":"5min","Figi":"BBG00C6H6D40"}
{"o":32.6,"c":32.6,"h":32.6,"l":32.58,"v":349.0,"Time":"2020-12-02T15:25:00Z","Interval":"5min","Figi":"BBG00C6H6D40"}
{"o":32.6,"c":32.6,"h":32.6,"l":32.58,"v":420.0,"Time":"2020-12-02T15:25:00Z","Interval":"5min","Figi":"BBG00C6H6D40"}
{"o":32.6,"c":32.59,"h":32.6,"l":32.58,"v":520.0,"Time":"2020-12-02T15:25:00Z","Interval":"5min","Figi":"BBG00C6H6D40"}
{"o":32.6,"c":32.62,"h":32.62,"l":32.58,"v":527.0,"Time":"2020-12-02T15:25:00Z","Interval":"5min","Figi":"BBG00C6H6D40"}
{"o":32.6,"c":32.64,"h":32.64,"l":32.58,"v":541.0,"Time":"2020-12-02T15:25:00Z","Interval":"5min","Figi":"BBG00C6H6D40"}
{"o":32.6,"c":32.65,"h":32.65,"l":32.58,"v":544.0,"Time":"2020-12-02T15:25:00Z","Interval":"5min","Figi":"BBG00C6H6D40"}
{"o":32.6,"c":32.65,"h":32.65,"l":32.58,"v":660.0,"Time":"2020-12-02T15:25:00Z","Interval":"5min","Figi":"BBG00C6H6D40"}
{"o":32.67,"c":32.67,"h":32.67,"l":32.67,"v":19.0,"Time":"2020-12-02T15:30:00Z","Interval":"5min","Figi":"BBG00C6H6D40"}
{"o":32.67,"c":32.69,"h":32.69,"l":32.67,"v":26.0,"Time":"2020-12-02T15:30:00Z","Interval":"5min","Figi":"BBG00C6H6D40"}
{"o":32.67,"c":32.68,"h":32.69,"l":32.67,"v":60.0,"Time":"2020-12-02T15:30:00Z","Interval":"5min","Figi":"BBG00C6H6D40"}
{"o":32.67,"c":32.68,"h":32.69,"l":32.67,"v":330.0,"Time":"2020-12-02T15:30:00Z","Interval":"5min","Figi":"BBG00C6H6D40"}
{"o":32.67,"c":32.64,"h":32.69,"l":32.64,"v":530.0,"Time":"2020-12-02T15:30:00Z","Interval":"5min","Figi":"BBG00C6H6D40"}
{"o":32.67,"c":32.58,"h":32.69,"l":32.58,"v":630.0,"Time":"2020-12-02T15:30:00Z","Interval":"5min","Figi":"BBG00C6H6D40"}
{"o":32.67,"c":32.61,"h":32.69,"l":32.58,"v":737.0,"Time":"2020-12-02T15:30:00Z","Interval":"5min","Figi":"BBG00C6H6D40"}
{"o":32.67,"c":32.62,"h":32.69,"l":32.58,"v":844.0,"Time":"2020-12-02T15:30:00Z","Interval":"5min","Figi":"BBG00C6H6D40"}
{"o":32.67,"c":32.63,"h":32.69,"l":32.58,"v":1044.0,"Time":"2020-12-02T15:30:00Z","Interval":"5min","Figi":"BBG00C6H6D40"}
{"o":32.67,"c":32.61,"h":32.69,"l":32.58,"v":1116.0,"Time":"2020-12-02T15:30:00Z","Interval":"5min","Figi":"BBG00C6H6D40"}
{"o":32.67,"c":32.63,"h":32.69,"l":32.58,"v":1143.0,"Time":"2020-12-02T15:30:00Z","Interval":"5min","Figi":"BBG00C6H6D40"}
{"o":32.67,"c":32.65,"h":32.69,"l":32.58,"v":1148.0,"Time":"2020-12-02T15:30:00Z","Interval":"5min","Figi":"BBG00C6H6D40"}
{"o":32.67,"c":32.65,"h":32.69,"l":32.58,"v":1150.0,"Time":"2020-12-02T15:30:00Z","Interval":"5min","Figi":"BBG00C6H6D40"}
{"o":32.67,"c":32.63,"h":32.69,"l":32.58,"v":1250.0,"Time":"2020-12-02T15:30:00Z","Interval":"5min","Figi":"BBG00C6H6D40"}
{"o":32.66,"c":32.65,"h":32.66,"l":32.65,"v":107.0,"Time":"2020-12-02T15:35:00Z","Interval":"5min","Figi":"BBG00C6H6D40"}
{"o":32.66,"c":32.65,"h":32.66,"l":32.65,"v":117.0,"Time":"2020-12-02T15:35:00Z","Interval":"5min","Figi":"BBG00C6H6D40"}
{"o":32.66,"c":32.66,"h":32.66,"l":32.65,"v":124.0,"Time":"2020-12-02T15:35:00Z","Interval":"5min","Figi":"BBG00C6H6D40"}
{"o":32.66,"c":32.66,"h":32.66,"l":32.65,"v":342.0,"Time":"2020-12-02T15:35:00Z","Interval":"5min","Figi":"BBG00C6H6D40"}
{"o":32.66,"c":32.68,"h":32.68,"l":32.65,"v":442.0,"Time":"2020-12-02T15:35:00Z","Interval":"5min","Figi":"BBG00C6H6D40"}
{"o":32.66,"c":32.69,"h":32.69,"l":32.65,"v":562.0,"Time":"2020-12-02T15:35:00Z","Interval":"5min","Figi":"BBG00C6H6D40"}
{"o":32.66,"c":32.67,"h":32.69,"l":32.65,"v":662.0,"Time":"2020-12-02T15:35:00Z","Interval":"5min","Figi":"BBG00C6H6D40"}
{"o":32.66,"c":32.67,"h":32.69,"l":32.65,"v":771.0,"Time":"2020-12-02T15:35:00Z","Interval":"5min","Figi":"BBG00C6H6D40"}
{"o":32.66,"c":32.67,"h":32.69,"l":32.65,"v":778.0,"Time":"2020-12-02T15:35:00Z","Interval":"5min","Figi":"BBG00C6H6D40"}
{"o":32.66,"c":32.64,"h":32.69,"l":32.64,"v":846.0,"Time":"2020-12-02T15:35:00Z","Interval":"5min","Figi":"BBG00C6H6D40"}
{"o":32.66,"c":32.64,"h":32.69,"l":32.64,"v":946.0,"Time":"2020-12-02T15:35:00Z","Interval":"5min","Figi":"BBG00C6H6D40"}
{"o":32.66,"c":32.63,"h":32.69,"l":32.63,"v":1030.0,"Time":"2020-12-02T15:35:00Z","Interval":"5min","Figi":"BBG00C6H6D40"}
{"o":32.66,"c":32.65,"h":32.69,"l":32.63,"v":1043.0,"Time":"2020-12-02T15:35:00Z","Interval":"5min","Figi":"BBG00C6H6D40"}
{"o":32.66,"c":32.65,"h":32.69,"l":32.63,"v":1130.0,"Time":"2020-12-02T15:35:00Z","Interval":"5min","Figi":"BBG00C6H6D40"}
{"o":32.66,"c":32.68,"h":32.69,"l":32.63,"v":1239.0,"Time":"2020-12-02T15:35:00Z","Interval":"5min","Figi":"BBG00C6H6D40"}
{"o":32.67,"c":32.67,"h":32.67,"l":32.67,"v":100.0,"Time":"2020-12-02T15:40:00Z","Interval":"5min","Figi":"BBG00C6H6D40"}
{"o":32.67,"c":32.69,"h":32.69,"l":32.67,"v":107.0,"Time":"2020-12-02T15:40:00Z","Interval":"5min","Figi":"BBG00C6H6D40"}
{"o":32.67,"c":32.73,"h":32.73,"l":32.67,"v":639.0,"Time":"2020-12-02T15:40:00Z","Interval":"5min","Figi":"BBG00C6H6D40"}
{"o":32.67,"c":32.68,"h":32.73,"l":32.67,"v":810.0,"Time":"2020-12-02T15:40:00Z","Interval":"5min","Figi":"BBG00C6H6D40"}
{"o":32.67,"c":32.69,"h":32.73,"l":32.67,"v":818.0,"Time":"2020-12-02T15:40:00Z","Interval":"5min","Figi":"BBG00C6H6D40"}
{"o":32.67,"c":32.7,"h":32.73,"l":32.67,"v":825.0,"Time":"2020-12-02T15:40:00Z","Interval":"5min","Figi":"BBG00C6H6D40"}
{"o":32.67,"c":32.7,"h":32.73,"l":32.67,"v":826.0,"Time":"2020-12-02T15:40:00Z","Interval":"5min","Figi":"BBG00C6H6D40"}
{"o":32.67,"c":32.7,"h":32.73,"l":32.67,"v":826.0,"Time":"2020-12-02T15:40:00Z","Interval":"5min","Figi":"BBG00C6H6D40"}
{"o":32.67,"c":32.69,"h":32.73,"l":32.67,"v":833.0,"Time":"2020-12-02T15:40:00Z","Interval":"5min","Figi":"BBG00C6H6D40"}
{"o":32.68,"c":32.68,"h":32.68,"l":32.68,"v":138.0,"Time":"2020-12-02T15:45:00Z","Interval":"5min","Figi":"BBG00C6H6D40"}
{"o":32.68,"c":32.68,"h":32.68,"l":32.68,"v":189.0,"Time":"2020-12-02T15:45:00Z","Interval":"5min","Figi":"BBG00C6H6D40"}
{"o":32.68,"c":32.68,"h":32.68,"l":32.68,"v":196.0,"Time":"2020-12-02T15:45:00Z","Interval":"5min","Figi":"BBG00C6H6D40"}
{"o":32.68,"c":32.66,"h":32.68,"l":32.66,"v":199.0,"Time":"2020-12-02T15:45:00Z","Interval":"5min","Figi":"BBG00C6H6D40"}
{"o":32.68,"c":32.66,"h":32.68,"l":32.66,"v":259.0,"Time":"2020-12-02T15:45:00Z","Interval":"5min","Figi":"BBG00C6H6D40"}
{"o":32.68,"c":32.66,"h":32.68,"l":32.66,"v":306.0,"Time":"2020-12-02T15:45:00Z","Interval":"5min","Figi":"BBG00C6H6D40"}
{"o":32.68,"c":32.67,"h":32.68,"l":32.66,"v":692.0,"Time":"2020-12-02T15:45:00Z","Interval":"5min","Figi":"BBG00C6H6D40"}
{"o":32.64,"c":32.64,"h":32.64,"l":32.64,"v":2.0,"Time":"2020-12-02T15:50:00Z","Interval":"5min","Figi":"BBG00C6H6D40"}
{"o":32.64,"c":32.66,"h":32.66,"l":32.64,"v":102.0,"Time":"2020-12-02T15:50:00Z","Interval":"5min","Figi":"BBG00C6H6D40"}
{"o":32.64,"c":32.66,"h":32.66,"l":32.64,"v":109.0,"Time":"2020-12-02T15:50:00Z","Interval":"5min","Figi":"BBG00C6H6D40"}
{"o":32.64,"c":32.62,"h":32.66,"l":32.62,"v":309.0,"Time":"2020-12-02T15:50:00Z","Interval":"5min","Figi":"BBG00C6H6D40"}
{"o":32.64,"c":32.6,"h":32.66,"l":32.6,"v":409.0,"Time":"2020-12-02T15:50:00Z","Interval":"5min","Figi":"BBG00C6H6D40"}
{"o":32.64,"c":32.58,"h":32.66,"l":32.58,"v":509.0,"Time":"2020-12-02T15:50:00Z","Interval":"5min","Figi":"BBG00C6H6D40"}
{"o":32.64,"c":32.57,"h":32.66,"l":32.57,"v":609.0,"Time":"2020-12-02T15:50:00Z","Interval":"5min","Figi":"BBG00C6H6D40"}
{"o":32.64,"c":32.57,"h":32.66,"l":32.57,"v":709.0,"Time":"2020-12-02T15:50:00Z","Interval":"5min","Figi":"BBG00C6H6D40"}
{"o":32.64,"c":32.57,"h":32.66,"l":32.57,"v":809.0,"Time":"2020-12-02T15:50:00Z","Interval":"5min","Figi":"BBG00C6H6D40"}
{"o":32.57,"c":32.57,"h":32.57,"l":32.57,"v":141.0,"Time":"2020-12-02T15:55:00Z","Interval":"5min","Figi":"BBG00C6H6D40"}
{"o":32.57,"c":32.62,"h":32.62,"l":32.57,"v":248.0,"Time":"2020-12-02T15:55:00Z","Interval":"5min","Figi":"BBG00C6H6D40"}
{"o":32.57,"c":32.62,"h":32.62,"l":32.57,"v":348.0,"Time":"2020-12-02T15:55:00Z","Interval":"5min","Figi":"BBG00C6H6D40"}
{"o":32.57,"c":32.62,"h":32.62,"l":32.57,"v":448.0,"Time":"2020-12-02T15:55:00Z","Interval":"5min","Figi":"BBG00C6H6D40"}
{"o":32.57,"c":32.62,"h":32.62,"l":32.57,"v":548.0,"Time":"2020-12-02T15:55:00Z","Interval":"5min","Figi":"BBG00C6H6D40"}
{"o":32.57,"c":32.65,"h":32.65,"l":32.57,"v":648.0,"Time":"2020-12-02T15:55:00Z","Interval":"5min","Figi":"BBG00C6H6D40"}
{"o":32.57,"c":32.65,"h":32.65,"l":32.57,"v":748.0,"Time":"2020-12-02T15:55:00Z","Interval":"5min","Figi":"BBG00C6H6D40"}
{"o":32.57,"c":32.64,"h":32.65,"l":32.57,"v":848.0,"Time":"2020-12-02T15:55:00Z","Interval":"5min","Figi":"BBG00C6H6D40"}
{"o":32.57,"c":32.63,"h":32.65,"l":32.57,"v":1446.0,"Time":"2020-12-02T15:55:00Z","Interval":"5min","Figi":"BBG00C6H6D40"}
{"o":32.57,"c":32.64,"h":32.65,"l":32.57,"v":1746.0,"Time":"2020-12-02T15:55:00Z","Interval":"5min","Figi":"BBG00C6H6D40"}
{"o":32.57,"c":32.64,"h":32.65,"l":32.57,"v":1846.0,"Time":"2020-12-02T15:55:00Z","Interval":"5min","Figi":"BBG00C6H6D40"}
{"o":32.57,"c":32.62,"h":32.65,"l":32.57,"v":2146.0,"Time":"2020-12-02T15:55:00Z","Interval":"5min","Figi":"BBG00C6H6D40"}
{"o":32.57,"c":32.58,"h":32.65,"l":32.57,"v":2163.0,"Time":"2020-12-02T15:55:00Z","Interval":"5min","Figi":"BBG00C6H6D40"}
{"o":32.57,"c":32.58,"h":32.65,"l":32.57,"v":2163.0,"Time":"2020-12-02T15:55:00Z","Interval":"5min","Figi":"BBG00C6H6D40"}
{"o":32.57,"c":32.55,"h":32.65,"l":32.55,"v":2263.0,"Time":"2020-12-02T15:55:00Z","Interval":"5min","Figi":"BBG00C6H6D40"}
{"o":32.57,"c":32.56,"h":32.65,"l":32.55,"v":2363.0,"Time":"2020-12-02T15:55:00Z","Interval":"5min","Figi":"BBG00C6H6D40"}
{"o":32.57,"c":32.57,"h":32.57,"l":32.57,"v":107.0,"Time":"2020-12-02T16:00:00Z","Interval":"5min","Figi":"BBG00C6H6D40"}
{"o":32.57,"c":32.6,"h":32.6,"l":32.57,"v":307.0,"Time":"2020-12-02T16:00:00Z","Interval":"5min","Figi":"BBG00C6H6D40"}
{"o":32.57,"c":32.6,"h":32.6,"l":32.57,"v":507.0,"Time":"2020-12-02T16:00:00Z","Interval":"5min","Figi":"BBG00C6H6D40"}
{"o":32.57,"c":32.58,"h":32.6,"l":32.57,"v":519.0,"Time":"2020-12-02T16:00:00Z","Interval":"5min","Figi":"BBG00C6H6D40"}
{"o":32.57,"c":32.6,"h":32.6,"l":32.57,"v":526.0,"Time":"2020-12-02T16:00:00Z","Interval":"5min","Figi":"BBG00C6H6D40"}
{"o":32.57,"c":32.59,"h":32.6,"l":32.57,"v":626.0,"Time":"2020-12-02T16:00:00Z","Interval":"5min","Figi":"BBG00C6H6D40"}
{"o":32.57,"c":32.57,"h":32.6,"l":32.57,"v":632.0,"Time":"2020-12-02T16:00:00Z","Interval":"5min","Figi":"BBG00C6H6D40"}
{"o":32.57,"c":32.6,"h":32.6,"l":32.57,"v":739.0,"Time":"2020-12-02T16:00:00Z","Interval":"5min","Figi":"BBG00C6H6D40"}
{"o":32.57,"c":32.6,"h":32.6,"l":32.57,"v":766.0,"Time":"2020-12-02T16:00:00Z","Interval":"5min","Figi":"BBG00C6H6D40"}
{"o":32.57,"c":32.65,"h":32.65,"l":32.57,"v":913.0,"Time":"2020-12-02T16:00:00Z","Interval":"5min","Figi":"BBG00C6H6D40"}
{"o":32.57,"c":32.65,"h":32.65,"l":32.57,"v":966.0,"Time":"2020-12-02T16:00:00Z","Interval":"5min","Figi":"BBG00C6H6D40"}
{"o":32.57,"c":32.66,"h":32.66,"l":32.57,"v":1073.0,"Time":"2020-12-02T16:00:00Z","Interval":"5min","Figi":"BBG00C6H6D40"}
{"o":32.57,"c":32.67,"h":32.67,"l":32.57,"v":1173.0,"Time":"2020-12-02T16:00:00Z","Interval":"5min","Figi":"BBG00C6H6D40"}
{"o":32.57,"c":32.7,"h":32.7,"l":32.57,"v":1807.0,"Time":"2020-12-02T16:00:00Z","Interval":"5min","Figi":"BBG00C6H6D40"}
{"o":32.72,"c":32.72,"h":32.72,"l":32.72,"v":183.0,"Time":"2020-12-02T16:05:00Z","Interval":"5min","Figi":"BBG00C6H6D40"}
{"o":32.72,"c":32.75,"h":32.75,"l":32.72,"v":483.0,"Time":"2020-12-02T16:05:00Z","Interval":"5min","Figi":"BBG00C6H6D40"}
{"o":32.72,"c":32.76,"h":32.76,"l":32.72,"v":583.0,"Time":"2020-12-02T16:05:00Z","Interval":"5min","Figi":"BBG00C6H6D40"}
{"o":32.72,"c":32.79,"h":32.79,"l":32.72,"v":802.0,"Time":"2020-12-02T16:05:00Z","Interval":"5min","Figi":"BBG00C6H6D40"}
{"o":32.72,"c":32.76,"h":32.79,"l":32.72,"v":902.0,"Time":"2020-12-02T16:05:00Z","Interval":"5min","Figi":"BBG00C6H6D40"}
{"o":32.72,"c":32.77,"h":32.79,"l":32.72,"v":1002.0,"Time":"2020-12-02T16:05:00Z","Interval":"5min","Figi":"BBG00C6H6D40"}
{"o":32.72,"c":32.76,"h":32.79,"l":32.72,"v":1102.0,"Time":"2020-12-02T16:05:00Z","Interval":"5min","Figi":"BBG00C6H6D40"}
{"o":32.72,"c":32.8,"h":32.8,"l":32.72,"v":1320.0,"Time":"2020-12-02T16:05:00Z","Interval":"5min","Figi":"BBG00C6H6D40"}
{"o":32.72,"c":32.8,"h":32.8,"l":32.72,"v":1465.0,"Time":"2020-12-02T16:05:00Z","Interval":"5min","Figi":"BBG00C6H6D40"}
{"o":32.82,"c":32.82,"h":32.82,"l":32.81,"v":255.0,"Time":"2020-12-02T16:10:00Z","Interval":"5min","Figi":"BBG00C6H6D40"}
{"o":32.82,"c":32.81,"h":32.82,"l":32.81,"v":352.0,"Time":"2020-12-02T16:10:00Z","Interval":"5min","Figi":"BBG00C6H6D40"}
{"o":32.82,"c":32.81,"h":32.82,"l":32.81,"v":464.0,"Time":"2020-12-02T16:10:00Z","Interval":"5min","Figi":"BBG00C6H6D40"}
{"o":32.82,"c":32.81,"h":32.82,"l":32.81,"v":564.0,"Time":"2020-12-02T16:10:00Z","Interval":"5min","Figi":"BBG00C6H6D40"}
{"o":32.82,"c":32.81,"h":32.82,"l":32.81,"v":579.0,"Time":"2020-12-02T16:10:00Z","Interval":"5min","Figi":"BBG00C6H6D40"}
{"o":32.82,"c":32.84,"h":32.84,"l":32.81,"v":879.0,"Time":"2020-12-02T16:10:00Z","Interval":"5min","Figi":"BBG00C6H6D40"}
{"o":32.82,"c":32.84,"h":32.84,"l":32.81,"v":979.0,"Time":"2020-12-02T16:10:00Z","Interval":"5min","Figi":"BBG00C6H6D40"}
{"o":32.82,"c":32.85,"h":32.85,"l":32.81,"v":1103.0,"Time":"2020-12-02T16:10:00Z","Interval":"5min","Figi":"BBG00C6H6D40"}
{"o":32.82,"c":32.82,"h":32.85,"l":32.81,"v":1303.0,"Time":"2020-12-02T16:10:00Z","Interval":"5min","Figi":"BBG00C6H6D40"}
{"o":32.82,"c":32.79,"h":32.85,"l":32.79,"v":1403.0,"Time":"2020-12-02T16:10:00Z","Interval":"5min","Figi":"BBG00C6H6D40"}
{"o":32.82,"c":32.79,"h":32.85,"l":32.79,"v":1503.0,"Time":"2020-12-02T16:10:00Z","Interval":"5min","Figi":"BBG00C6H6D40"}
{"o":32.82,"c":32.8,"h":32.85,"l":32.79,"v":1603.0,"Time":"2020-12-02T16:10:00Z","Interval":"5min","Figi":"BBG00C6H6D40"}
{"o":32.82,"c":32.81,"h":32.85,"l":32.79,"v":1703.0,"Time":"2020-12-02T16:10:00Z","Interval":"5min","Figi":"BBG00C6H6D40"}
{"o":32.82,"c":32.82,"h":32.85,"l":32.79,"v":1803.0,"Time":"2020-12-02T16:10:00Z","Interval":"5min","Figi":"BBG00C6H6D40"}
{"o":32.82,"c":32.82,"h":32.85,"l":32.79,"v":1903.0,"Time":"2020-12-02T16:10:00Z","Interval":"5min","Figi":"BBG00C6H6D40"}
{"o":32.82,"c":32.82,"h":32.85,"l":32.79,"v":2003.0,"Time":"2020-12-02T16:10:00Z","Interval":"5min","Figi":"BBG00C6H6D40"}
{"o":32.82,"c":32.82,"h":32.82,"l":32.82,"v":1.0,"Time":"2020-12-02T16:15:00Z","Interval":"5min","Figi":"BBG00C6H6D40"}
{"o":32.82,"c":32.82,"h":32.82,"l":32.82,"v":7.0,"Time":"2020-12-02T16:15:00Z","Interval":"5min","Figi":"BBG00C6H6D40"}
{"o":32.82,"c":32.84,"h":32.84,"l":32.82,"v":107.0,"Time":"2020-12-02T16:15:00Z","Interval":"5min","Figi":"BBG00C6H6D40"}
{"o":32.82,"c":32.85,"h":32.85,"l":32.82,"v":347.0,"Time":"2020-12-02T16:15:00Z","Interval":"5min","Figi":"BBG00C6H6D40"}
{"o":32.82,"c":32.85,"h":32.85,"l":32.82,"v":350.0,"Time":"2020-12-02T16:15:00Z","Interval":"5min","Figi":"BBG00C6H6D40"}
{"o":32.82,"c":32.85,"h":32.85,"l":32.82,"v":356.0,"Time":"2020-12-02T16:15:00Z","Interval":"5min","Figi":"BBG00C6H6D40"}
{"o":32.82,"c":32.84,"h":32.85,"l":32.82,"v":668.0,"Time":"2020-12-02T16:15:00Z","Interval":"5min","Figi":"BBG00C6H6D40"}
{"o":32.82,"c":32.86,"h":32.86,"l":32.82,"v":873.0,"Time":"2020-12-02T16:15:00Z","Interval":"5min","Figi":"BBG00C6H6D40"}
{"o":32.82,"c":32.85,"h":32.86,"l":32.82,"v":973.0,"Time":"2020-12-02T16:15:00Z","Interval":"5min","Figi":"BBG00C6H6D40"}
{"o":32.88,"c":32.88,"h":32.88,"l":32.88,"v":100.0,"Time":"2020-12-02T16:20:00Z","Interval":"5min","Figi":"BBG00C6H6D40"}
{"o":32.88,"c":32.88,"h":32.88,"l":32.88,"v":111.0,"Time":"2020-12-02T16:20:00Z","Interval":"5min","Figi":"BBG00C6H6D40"}
{"o":32.88,"c":32.87,"h":32.88,"l":32.87,"v":123.0,"Time":"2020-12-02T16:20:00Z","Interval":"5min","Figi":"BBG00C6H6D40"}
{"o":32.88,"c":32.86,"h":32.88,"l":32.86,"v":223.0,"Time":"2020-12-02T16:20:00Z","Interval":"5min","Figi":"BBG00C6H6D40"}
{"o":32.88,"c":32.83,"h":32.88,"l":32.83,"v":323.0,"Time":"2020-12-02T16:20:00Z","Interval":"5min","Figi":"BBG00C6H6D40"}
{"o":32.88,"c":32.83,"h":32.88,"l":32.83,"v":423.0,"Time":"2020-12-02T16:20:00Z","Interval":"5min","Figi":"BBG00C6H6D40"}
{"o":32.88,"c":32.84,"h":32.88,"l":32.83,"v":723.0,"Time":"2020-12-02T16:20:00Z","Interval":"5min","Figi":"BBG00C6H6D40"}
{"o":32.88,"c":32.84,"h":32.88,"l":32.83,"v":723.0,"Time":"2020-12-02T16:20:00Z","Interval":"5min","Figi":"BBG00C6H6D40"}
{"o":32.86,"c":32.86,"h":32.86,"l":32.86,"v":100.0,"Time":"2020-12-02T16:25:00Z","Interval":"5min","Figi":"BBG00C6H6D40"}
{"o":32.86,"c":32.87,"h":32.87,"l":32.86,"v":240.0,"Time":"2020-12-02T16:25:00Z","Interval":"5min","Figi":"BBG00C6H6D40"}
{"o":32.86,"c":32.9,"h":32.9,"l":32.86,"v":545.0,"Time":"2020-12-02T16:25:00Z","Interval":"5min","Figi":"BBG00C6H6D40"}
{"o":32.86,"c":32.89,"h":32.9,"l":32.86,"v":651.0,"Time":"2020-12-02T16:25:00Z","Interval":"5min","Figi":"BBG00C6H6D40"}
{"o":32.86,"c":32.88,"h":32.9,"l":32.86,"v":663.0,"Time":"2020-12-02T16:25:00Z","Interval":"5min","Figi":"BBG00C6H6D40"}
{"o":32.86,"c":32.87,"h":32.9,"l":32.86,"v":763.0,"Time":"2020-12-02T16:25:00Z","Interval":"5min","Figi":"BBG00C6H6D40"}
{"o":32.86,"c":32.87,"h":32.9,"l":32.86,"v":863.0,"Time":"2020-12-02T16:25:00Z","Interval":"5min","Figi":"BBG00C6H6D40"}
{"o":32.86,"c":32.85,"h":32.9,"l":32.85,"v":869.0,"Time":"2020-12-02T16:25:00Z","Interval":"5min","Figi":"BBG00C6H6D40"}
{"o":32.84,"c":32.84,"h":32.84,"l":32.84,"v":6.0,"Time":"2020-12-02T16:30:00Z","Interval":"5min","Figi":"BBG00C6H6D40"}
{"o":32.84,"c":32.85,"h":32.85,"l":32.84,"v":106.0,"Time":"2020-12-02T16:30:00Z","Interval":"5min","Figi":"BBG00C6H6D40"}
{"o":32.84,"c":32.93,"h":32.93,"l":32.84,"v":156.0,"Time":"2020-12-02T16:30:00Z","Interval":"5min","Figi":"BBG00C6H6D40"}
{"o":32.84,"c":32.93,"h":32.93,"l":32.84,"v":206.0,"Time":"2020-12-02T16:30:00Z","Interval":"5min","Figi":"BBG00C6H6D40"}
{"o":32.84,"c":32.93,"h":32.93,"l":32.84,"v":268.0,"Time":"2020-12-02T16:30:00Z","Interval":"5min","Figi":"BBG00C6H6D40"}
{"o":32.84,"c":32.9,"h":32.93,"l":32.84,"v":368.0,"Time":"2020-12-02T16:30:00Z","Interval":"5min","Figi":"BBG00C6H6D40"}
{"o":32.84,"c":32.89,"h":32.93,"l":32.84,"v":568.0,"Time":"2020-12-02T16:30:00Z","Interval":"5min","Figi":"BBG00C6H6D40"}
{"o":32.85,"c":32.85,"h":32.85,"l":32.85,"v":3.0,"Time":"2020-12-02T16:35:00Z","Interval":"5min","Figi":"BBG00C6H6D40"}
{"o":32.85,"c":32.86,"h":32.86,"l":32.85,"v":15.0,"Time":"2020-12-02T16:35:00Z","Interval":"5min","Figi":"BBG00C6H6D40"}
{"o":32.85,"c":32.84,"h":32.86,"l":32.84,"v":20.0,"Time":"2020-12-02T16:35:00Z","Interval":"5min","Figi":"BBG00C6H6D40"}
{"o":32.85,"c":32.85,"h":32.86,"l":32.84,"v":117.0,"Time":"2020-12-02T16:35:00Z","Interval":"5min","Figi":"BBG00C6H6D40"}
{"o":32.85,"c":32.85,"h":32.86,"l":32.84,"v":278.0,"Time":"2020-12-02T16:35:00Z","Interval":"5min","Figi":"BBG00C6H6D40"}
{"o":32.85,"c":32.88,"h":32.88,"l":32.84,"v":388.0,"Time":"2020-12-02T16:35:00Z","Interval":"5min","Figi":"BBG00C6H6D40"}
{"o":32.85,"c":32.87,"h":32.88,"l":32.84,"v":457.0,"Time":"2020-12-02T16:35:00Z","Interval":"5min","Figi":"BBG00C6H6D40"}
{"o":32.85,"c":32.86,"h":32.88,"l":32.84,"v":468.0,"Time":"2020-12-02T16:35:00Z","Interval":"5min","Figi":"BBG00C6H6D40"}
{"o":32.85,"c":32.86,"h":32.88,"l":32.84,"v":511.0,"Time":"2020-12-02T16:35:00Z","Interval":"5min","Figi":"BBG00C6H6D40"}
{"o":32.86,"c":32.86,"h":32.86,"l":32.86,"v":31.0,"Time":"2020-12-02T16:40:00Z","Interval":"5min","Figi":"BBG00C6H6D40"}
{"o":32.86,"c":32.86,"h":32.86,"l":32.86,"v":100.0,"Time":"2020-12-02T16:40:00Z","Interval":"5min","Figi":"BBG00C6H6D40"}
{"o":32.86,"c":32.84,"h":32.86,"l":32.84,"v":106.0,"Time":"2020-12-02T16:40:00Z","Interval":"5min","Figi":"BBG00C6H6D40"}
{"o":32.86,"c":32.86,"h":32.86,"l":32.84,"v":206.0,"Time":"2020-12-02T16:40:00Z","Interval":"5min","Figi":"BBG00C6H6D40"}
{"o":32.86,"c":32.88,"h":32.88,"l":32.84,"v":306.0,"Time":"2020-12-02T16:40:00Z","Interval":"5min","Figi":"BBG00C6H6D40"}
{"o":32.86,"c":32.87,"h":32.88,"l":32.84,"v":537.0,"Time":"2020-12-02T16:40:00Z","Interval":"5min","Figi":"BBG00C6H6D40"}
{"o":32.86,"c":32.87,"h":32.88,"l":32.84,"v":562.0,"Time":"2020-12-02T16:40:00Z","Interval":"5min","Figi":"BBG00C6H6D40"}
{"o":32.86,"c":32.87,"h":32.88,"l":32.84,"v":762.0,"Time":"2020-12-02T16:40:00Z","Interval":"5min","Figi":"BBG00C6H6D40"}
{"o":32.86,"c":32.87,"h":32.88,"l":32.84,"v":887.0,"Time":"2020-12-02T16:40:00Z","Interval":"5min","Figi":"BBG00C6H6D40"}
{"o":32.86,"c":32.89,"h":32.89,"l":32.84,"v":1196.0,"Time":"2020-12-02T16:40:00Z","Interval":"5min","Figi":"BBG00C6H6D40"}
{"o":32.86,"c":32.9,"h":32.9,"l":32.84,"v":1545.0,"Time":"2020-12-02T16:40:00Z","Interval":"5min","Figi":"BBG00C6H6D40"}
{"o":32.86,"c":32.91,"h":32.91,"l":32.84,"v":1784.0,"Time":"2020-12-02T16:40:00Z","Interval":"5min","Figi":"BBG00C6H6D40"}
{"o":32.86,"c":32.9,"h":32.91,"l":32.84,"v":1869.0,"Time":"2020-12-02T16:40:00Z","Interval":"5min","Figi":"BBG00C6H6D40"}
{"o":32.86,"c":32.87,"h":32.91,"l":32.84,"v":1874.0,"Time":"2020-12-02T16:40:00Z","Interval":"5min","Figi":"BBG00C6H6D40"}
{"o":32.86,"c":32.84,"h":32.91,"l":32.84,"v":1982.0,"Time":"2020-12-02T16:40:00Z","Interval":"5min","Figi":"BBG00C6H6D40"}
{"o":32.83,"c":32.86,"h":32.86,"l":32.83,"v":300.0,"Time":"2020-12-02T16:45:00Z","Interval":"5min","Figi":"BBG00C6H6D40"}
{"o":32.83,"c":32.86,"h":32.86,"l":32.83,"v":310.0,"Time":"2020-12-02T16:45:00Z","Interval":"5min","Figi":"BBG00C6H6D40"}
{"o":32.83,"c":32.88,"h":32.88,"l":32.83,"v":415.0,"Time":"2020-12-02T16:45:00Z","Interval":"5min","Figi":"BBG00C6H6D40"}
{"o":32.83,"c":32.87,"h":32.88,"l":32.83,"v":431.0,"Time":"2020-12-02T16:45:00Z","Interval":"5min","Figi":"BBG00C6H6D40"}
{"o":32.83,"c":32.85,"h":32.88,"l":32.83,"v":437.0,"Time":"2020-12-02T16:45:00Z","Interval":"5min","Figi":"BBG00C6H6D40"}
{"o":32.9,"c":32.91,"h":32.91,"l":32.9,"v":440.0,"Time":"2020-12-02T16:50:00Z","Interval":"5min","Figi":"BBG00C6H6D40"}
{"o":32.9,"c":32.92,"h":32.92,"l":32.9,"v":478.0,"Time":"2020-12-02T16:50:00Z","Interval":"5min","Figi":"BBG00C6H6D40"}
{"o":32.9,"c":32.92,"h":32.92,"l":32.9,"v":494.0,"Time":"2020-12-02T16:50:00Z","Interval":"5min","Figi":"BBG00C6H6D40"}
{"o":32.9,"c":32.91,"h":32.92,"l":32.9,"v":594.0,"Time":"2020-12-02T16:50:00Z","Interval":"5min","Figi":"BBG00C6H6D40"}
{"o":32.9,"c":32.93,"h":32.93,"l":32.9,"v":794.0,"Time":"2020-12-02T16:50:00Z","Interval":"5min","Figi":"BBG00C6H6D40"}
{"o":32.9,"c":32.91,"h":32.93,"l":32.9,"v":800.0,"Time":"2020-12-02T16:50:00Z","Interval":"5min","Figi":"BBG00C6H6D40"}
{"o":32.9,"c":32.94,"h":32.94,"l":32.9,"v":825.0,"Time":"2020-12-02T16:50:00Z","Interval":"5min","Figi":"BBG00C6H6D40"}
{"o":32.9,"c":32.97,"h":32.97,"l":32.9,"v":1115.0,"Time":"2020-12-02T16:50:00Z","Interval":"5min","Figi":"BBG00C6H6D40"}
{"o":32.9,"c":32.97,"h":32.97,"l":32.9,"v":1215.0,"Time":"2020-12-02T16:50:00Z","Interval":"5min","Figi":"BBG00C6H6D40"}
{"o":32.9,"c":32.99,"h":32.99,"l":32.9,"v":1415.0,"Time":"2020-12-02T16:50:00Z","Interval":"5min","Figi":"BBG00C6H6D40"}
{"o":32.9,"c":32.99,"h":32.99,"l":32.9,"v":1815.0,"Time":"2020-12-02T16:50:00Z","Interval":"5min","Figi":"BBG00C6H6D40"}
{"o":32.9,"c":33.0,"h":33.0,"l":32.9,"v":1915.0,"Time":"2020-12-02T16:50:00Z","Interval":"5min","Figi":"BBG00C6H6D40"}
{"o":32.98,"c":32.98,"h":32.98,"l":32.98,"v":16.0,"Time":"2020-12-02T16:55:00Z","Interval":"5min","Figi":"BBG00C6H6D40"}
{"o":32.98,"c":32.96,"h":32.98,"l":32.96,"v":66.0,"Time":"2020-12-02T16:55:00Z","Interval":"5min","Figi":"BBG00C6H6D40"}
{"o":32.98,"c":32.96,"h":32.98,"l":32.96,"v":116.0,"Time":"2020-12-02T16:55:00Z","Interval":"5min","Figi":"BBG00C6H6D40"}
{"o":32.98,"c":32.9,"h":32.98,"l":32.9,"v":126.0,"Time":"2020-12-02T16:55:00Z","Interval":"5min","Figi":"BBG00C6H6D40"}
{"o":32.98,"c":32.93,"h":32.98,"l":32.9,"v":129.0,"Time":"2020-12-02T16:55:00Z","Interval":"5min","Figi":"BBG00C6H6D40"}
{"o":32.98,"c":32.94,"h":32.98,"l":32.9,"v":167.0,"Time":"2020-12-02T16:55:00Z","Interval":"5min","Figi":"BBG00C6H6D40"}
{"o":32.94,"c":32.94,"h":32.94,"l":32.94,"v":6.0,"Time":"2020-12-02T17:00:00Z","Interval":"5min","Figi":"BBG00C6H6D40"}
{"o":32.94,"c":32.93,"h":32.94,"l":32.93,"v":106.0,"Time":"2020-12-02T17:00:00Z","Interval":"5min","Figi":"BBG00C6H6D40"}
{"o":32.94,"c":32.92,"h":32.94,"l":32.92,"v":107.0,"Time":"2020-12-02T17:00:00Z","Interval":"5min","Figi":"BBG00C6H6D40"}
{"o":32.94,"c":32.93,"h":32.94,"l":32.92,"v":307.0,"Time":"2020-12-02T17:00:00Z","Interval":"5min","Figi":"BBG00C6H6D40"}
{"o":32.94,"c":32.93,"h":32.94,"l":32.92,"v":407.0,"Time":"2020-12-02T17:00:00Z","Interval":"5min","Figi":"BBG00C6H6D40"}
{"o":32.94,"c":32.93,"h":32.94,"l":32.92,"v":507.0,"Time":"2020-12-02T17:00:00Z","Interval":"5min","Figi":"BBG00C6H6D40"}
{"o":32.94,"c":32.93,"h":32.94,"l":32.92,"v":560.0,"Time":"2020-12-02T17:00:00Z","Interval":"5min","Figi":"BBG00C6H6D40"}
{"o":32.94,"c":32.96,"h":32.96,"l":32.92,"v":701.0,"Time":"2020-12-02T17:00:00Z","Interval":"5min","Figi":"BBG00C6H6D40"}
{"o":32.94,"c":32.98,"h":32.98,"l":32.92,"v":901.0,"Time":"2020-12-02T17:00:00Z","Interval":"5min","Figi":"BBG00C6H6D40"}
{"o":32.94,"c":32.99,"h":32.99,"l":32.92,"v":991.0,"Time":"2020-12-02T17:00:00Z","Interval":"5min","Figi":"BBG00C6H6D40"}
{"o":32.94,"c":33.0,"h":33.0,"l":32.92,"v":1241.0,"Time":"2020-12-02T17:00:00Z","Interval":"5min","Figi":"BBG00C6H6D40"}
{"o":32.94,"c":33.01,"h":33.01,"l":32.92,"v":1441.0,"Time":"2020-12-02T17:00:00Z","Interval":"5min","Figi":"BBG00C6H6D40"}
{"o":32.94,"c":32.99,"h":33.01,"l":32.92,"v":1541.0,"Time":"2020-12-02T17:00:00Z","Interval":"5min","Figi":"BBG00C6H6D40"}
{"o":32.94,"c":33.01,"h":33.01,"l":32.92,"v":1645.0,"Time":"2020-12-02T17:00:00Z","Interval":"5min","Figi":"BBG00C6H6D40"}
{"o":32.94,"c":33.01,"h":33.01,"l":32.92,"v":1741.0,"Time":"2020-12-02T17:00:00Z","Interval":"5min","Figi":"BBG00C6H6D40"}
{"o":32.94,"c":33.0,"h":33.01,"l":32.92,"v":1843.0,"Time":"2020-12-02T17:00:00Z","Interval":"5min","Figi":"BBG00C6H6D40"}
{"o":32.94,"c":33.0,"h":33.01,"l":32.92,"v":1943.0,"Time":"2020-12-02T17:00:00Z","Interval":"5min","Figi":"BBG00C6H6D40"}
{"o":32.94,"c":33.01,"h":33.01,"l":32.92,"v":2143.0,"Time":"2020-12-02T17:00:00Z","Interval":"5min","Figi":"BBG00C6H6D40"}
{"o":32.94,"c":32.98,"h":33.01,"l":32.92,"v":2148.0,"Time":"2020-12-02T17:00:00Z","Interval":"5min","Figi":"BBG00C6H6D40"}
{"o":32.94,"c":32.98,"h":33.01,"l":32.92,"v":2259.0,"Time":"2020-12-02T17:00:00Z","Interval":"5min","Figi":"BBG00C6H6D40"}
{"o":32.94,"c":32.97,"h":33.01,"l":32.92,"v":2684.0,"Time":"2020-12-02T17:00:00Z","Interval":"5min","Figi":"BBG00C6H6D40"}
{"o":32.94,"c":32.97,"h":33.01,"l":32.92,"v":3209.0,"Time":"2020-12-02T17:00:00Z","Interval":"5min","Figi":"BBG00C6H6D40"}
{"o":32.94,"c":32.98,"h":33.01,"l":32.92,"v":3309.0,"Time":"2020-12-02T17:00:00Z","Interval":"5min","Figi":"BBG00C6H6D40"}
{"o":32.94,"c":32.99,"h":33.01,"l":32.92,"v":3509.0,"Time":"2020-12-02T17:00:00Z","Interval":"5min","Figi":"BBG00C6H6D40"}
{"o":32.94,"c":32.99,"h":33.01,"l":32.92,"v":3589.0,"Time":"2020-12-02T17:00:00Z","Interval":"5min","Figi":"BBG00C6H6D40"}
{"o":32.94,"c":32.98,"h":33.01,"l":32.92,"v":4000.0,"Time":"2020-12-02T17:00:00Z","Interval":"5min","Figi":"BBG00C6H6D40"}
{"o":32.94,"c":32.99,"h":33.01,"l":32.92,"v":4300.0,"Time":"2020-12-02T17:00:00Z","Interval":"5min","Figi":"BBG00C6H6D40"}
{"o":32.98,"c":32.98,"h":32.98,"l":32.98,"v":100.0,"Time":"2020-12-02T17:05:00Z","Interval":"5min","Figi":"BBG00C6H6D40"}
{"o":32.98,"c":32.96,"h":32.98,"l":32.96,"v":117.0,"Time":"2020-12-02T17:05:00Z","Interval":"5min","Figi":"BBG00C6H6D40"}
{"o":32.98,"c":32.95,"h":32.98,"l":32.95,"v":542.0,"Time":"2020-12-02T17:05:00Z","Interval":"5min","Figi":"BBG00C6H6D40"}
{"o":32.98,"c":32.96,"h":32.98,"l":32.95,"v":842.0,"Time":"2020-12-02T17:05:00Z","Interval":"5min","Figi":"BBG00C6H6D40"}
{"o":32.98,"c":32.96,"h":32.98,"l":32.95,"v":942.0,"Time":"2020-12-02T17:05:00Z","Interval":"5min","Figi":"BBG00C6H6D40"}
{"o":32.98,"c":32.97,"h":32.98,"l":32.95,"v":1052.0,"Time":"2020-12-02T17:05:00Z","Interval":"5min","Figi":"BBG00C6H6D40"}
{"o":32.97,"c":32.96,"h":32.97,"l":32.96,"v":425.0,"Time":"2020-12-02T17:10:00Z","Interval":"5min","Figi":"BBG00C6H6D40"}
{"o":32.97,"c":32.94,"h":32.97,"l":32.94,"v":525.0,"Time":"2020-12-02T17:10:00Z","Interval":"5min","Figi":"BBG00C6H6D40"}
{"o":32.97,"c":32.91,"h":32.97,"l":32.91,"v":625.0,"Time":"2020-12-02T17:10:00Z","Interval":"5min","Figi":"BBG00C6H6D40"}
{"o":32.97,"c":32.89,"h":32.97,"l":32.89,"v":725.0,"Time":"2020-12-02T17:10:00Z","Interval":"5min","Figi":"BBG00C6H6D40"}
{"o":32.97,"c":32.89,"h":32.97,"l":32.89,"v":726.0,"Time":"2020-12-02T17:10:00Z","Interval":"5min","Figi":"BBG00C6H6D40"}
{"o":32.97,"c":32.88,"h":32.97,"l":32.88,"v":826.0,"Time":"2020-12-02T17:10:00Z","Interval":"5min","Figi":"BBG00C6H6D40"}
{"o":32.97,"c":32.9,"h":32.97,"l":32.88,"v":1026.0,"Time":"2020-12-02T17:10:00Z","Interval":"5min","Figi":"BBG00C6H6D40"}
{"o":32.97,"c":32.89,"h":32.97,"l":32.88,"v":1031.0,"Time":"2020-12-02T17:10:00Z","Interval":"5min","Figi":"BBG00C6H6D40"}
{"o":32.97,"c":32.88,"h":32.97,"l":32.88,"v":1033.0,"Time":"2020-12-02T17:10:00Z","Interval":"5min","Figi":"BBG00C6H6D40"}
{"o":32.97,"c":32.87,"h":32.97,"l":32.87,"v":1037.0,"Time":"2020-12-02T17:10:00Z","Interval":"5min","Figi":"BBG00C6H6D40"}
{"o":32.87,"c":32.87,"h":32.87,"l":32.87,"v":100.0,"Time":"2020-12-02T17:15:00Z","Interval":"5min","Figi":"BBG00C6H6D40"}
{"o":32.87,"c":32.87,"h":32.87,"l":32.87,"v":101.0,"Time":"2020-12-02T17:15:00Z","Interval":"5min","Figi":"BBG00C6H6D40"}
{"o":32.87,"c":32.87,"h":32.87,"l":32.87,"v":101.0,"Time":"2020-12-02T17:15:00Z","Interval":"5min","Figi":"BBG00C6H6D40"}
{"o":32.87,"c":32.85,"h":32.87,"l":32.85,"v":105.0,"Time":"2020-12-02T17:15:00Z","Interval":"5min","Figi":"BBG00C6H6D40"}
{"o":32.87,"c":32.78,"h":32.87,"l":32.78,"v":205.0,"Time":"2020-12-02T17:15:00Z","Interval":"5min","Figi":"BBG00C6H6D40"}
{"o":32.87,"c":32.78,"h":32.87,"l":32.78,"v":505.0,"Time":"2020-12-02T17:15:00Z","Interval":"5min","Figi":"BBG00C6H6D40"}
{"o":32.87,"c":32.78,"h":32.87,"l":32.78,"v":506.0,"Time":"2020-12-02T17:15:00Z","Interval":"5min","Figi":"BBG00C6H6D40"}
{"o":32.87,"c":32.78,"h":32.87,"l":32.78,"v":606.0,"Time":"2020-12-02T17:15:00Z","Interval":"5min","Figi":"BBG00C6H6D40"}
{"o":32.78,"c":32.78,"h":32.78,"l":32.78,"v":100.0,"Time":"2020-12-02T17:20:00Z","Interval":"5min","Figi":"BBG00C6H6D40"}
{"o":32.78,"c":32.77,"h":32.78,"l":32.77,"v":101.0,"Time":"2020-12-02T17:20:00Z","Interval":"5min","Figi":"BBG00C6H6D40"}
{"o":32.78,"c":32.71,"h":32.78,"l":32.71,"v":201.0,"Time":"2020-12-02T17:20:00Z","Interval":"5min","Figi":"BBG00C6H6D40"}
{"o":32.78,"c":32.75,"h":32.78,"l":32.71,"v":206.0,"Time":"2020-12-02T17:20:00Z","Interval":"5min","Figi":"BBG00C6H6D40"}
{"o":32.78,"c":32.67,"h":32.78,"l":32.67,"v":358.0,"Time":"2020-12-02T17:20:00Z","Interval":"5min","Figi":"BBG00C6H6D40"}
{"o":32.78,"c":32.66,"h":32.78,"l":32.66,"v":458.0,"Time":"2020-12-02T17:20:00Z","Interval":"5min","Figi":"BBG00C6H6D40"}
{"o":32.78,"c":32.67,"h":32.78,"l":32.66,"v":862.0,"Time":"2020-12-02T17:20:00Z","Interval":"5min","Figi":"BBG00C6H6D40"}
{"o":32.78,"c":32.7,"h":32.78,"l":32.66,"v":970.0,"Time":"2020-12-02T17:20:00Z","Interval":"5min","Figi":"BBG00C6H6D40"}
{"o":32.78,"c":32.67,"h":32.78,"l":32.66,"v":973.0,"Time":"2020-12-02T17:20:00Z","Interval":"5min","Figi":"BBG00C6H6D40"}
{"o":32.78,"c":32.65,"h":32.78,"l":32.65,"v":1070.0,"Time":"2020-12-02T17:20:00Z","Interval":"5min","Figi":"BBG00C6H6D40"}
{"o":32.78,"c":32.62,"h":32.78,"l":32.61,"v":1270.0,"Time":"2020-12-02T17:20:00Z","Interval":"5min","Figi":"BBG00C6H6D40"}
{"o":32.78,"c":32.6,"h":32.78,"l":32.6,"v":1370.0,"Time":"2020-12-02T17:20:00Z","Interval":"5min","Figi":"BBG00C6H6D40"}
{"o":32.63,"c":32.63,"h":32.63,"l":32.63,"v":2.0,"Time":"2020-12-02T17:25:00Z","Interval":"5min","Figi":"BBG00C6H6D40"}
{"o":32.63,"c":32.64,"h":32.64,"l":32.63,"v":102.0,"Time":"2020-12-02T17:25:00Z","Interval":"5min","Figi":"BBG00C6H6D40"}
{"o":32.63,"c":32.64,"h":32.64,"l":32.63,"v":202.0,"Time":"2020-12-02T17:25:00Z","Interval":"5min","Figi":"BBG00C6H6D40"}
{"o":32.63,"c":32.62,"h":32.64,"l":32.62,"v":402.0,"Time":"2020-12-02T17:25:00Z","Interval":"5min","Figi":"BBG00C6H6D40"}
{"o":32.63,"c":32.61,"h":32.64,"l":32.61,"v":502.0,"Time":"2020-12-02T17:25:00Z","Interval":"5min","Figi":"BBG00C6H6D40"}
{"o":32.63,"c":32.6,"h":32.64,"l":32.6,"v":509.0,"Time":"2020-12-02T17:25:00Z","Interval":"5min","Figi":"BBG00C6H6D40"}
{"o":32.63,"c":32.65,"h":32.65,"l":32.6,"v":1209.0,"Time":"2020-12-02T17:25:00Z","Interval":"5min","Figi":"BBG00C6H6D40"}
{"o":32.63,"c":32.65,"h":32.65,"l":32.6,"v":1509.0,"Time":"2020-12-02T17:25:00Z","Interval":"5min","Figi":"BBG00C6H6D40"}
{"o":32.63,"c":32.65,"h":32.65,"l":32.6,"v":1609.0,"Time":"2020-12-02T17:25:00Z","Interval":"5min","Figi":"BBG00C6H6D40"}
{"o":32.63,"c":32.64,"h":32.65,"l":32.6,"v":1809.0,"Time":"2020-12-02T17:25:00Z","Interval":"5min","Figi":"BBG00C6H6D40"}
{"o":32.63,"c":32.69,"h":32.69,"l":32.6,"v":1909.0,"Time":"2020-12-02T17:25:00Z","Interval":"5min","Figi":"BBG00C6H6D40"}
{"o":32.63,"c":32.68,"h":32.69,"l":32.6,"v":1916.0,"Time":"2020-12-02T17:25:00Z","Interval":"5min","Figi":"BBG00C6H6D40"}
{"o":32.64,"c":32.67,"h":32.67,"l":32.64,"v":205.0,"Time":"2020-12-02T17:30:00Z","Interval":"5min","Figi":"BBG00C6H6D40"}
{"o":32.64,"c":32.72,"h":32.72,"l":32.64,"v":1105.0,"Time":"2020-12-02T17:30:00Z","Interval":"5min","Figi":"BBG00C6H6D40"}
{"o":32.64,"c":32.7,"h":32.72,"l":32.64,"v":1205.0,"Time":"2020-12-02T17:30:00Z","Interval":"5min","Figi":"BBG00C6H6D40"}
{"o":32.64,"c":32.7,"h":32.72,"l":32.64,"v":2605.0,"Time":"2020-12-02T17:30:00Z","Interval":"5min","Figi":"BBG00C6H6D40"}
{"o":32.64,"c":32.68,"h":32.72,"l":32.64,"v":6005.0,"Time":"2020-12-02T17:30:00Z","Interval":"5min","Figi":"BBG00C6H6D40"}
{"o":32.64,"c":32.67,"h":32.72,"l":32.64,"v":6506.0,"Time":"2020-12-02T17:30:00Z","Interval":"5min","Figi":"BBG00C6H6D40"}
{"o":32.64,"c":32.64,"h":32.72,"l":32.64,"v":6606.0,"Time":"2020-12-02T17:30:00Z","Interval":"5min","Figi":"BBG00C6H6D40"}
{"o":32.64,"c":32.65,"h":32.72,"l":32.64,"v":6706.0,"Time":"2020-12-02T17:30:00Z","Interval":"5min","Figi":"BBG00C6H6D40"}
{"o":32.64,"c":32.66,"h":32.72,"l":32.64,"v":6806.0,"Time":"2020-12-02T17:30:00Z","Interval":"5min","Figi":"BBG00C6H6D40"}
{"o":32.64,"c":32.68,"h":32.72,"l":32.64,"v":7106.0,"Time":"2020-12-02T17:30:00Z","Interval":"5min","Figi":"BBG00C6H6D40"}
{"o":32.64,"c":32.66,"h":32.72,"l":32.64,"v":8106.0,"Time":"2020-12-02T17:30:00Z","Interval":"5min","Figi":"BBG00C6H6D40"}
{"o":32.64,"c":32.64,"h":32.72,"l":32.64,"v":8206.0,"Time":"2020-12-02T17:30:00Z","Interval":"5min","Figi":"BBG00C6H6D40"}
{"o":32.64,"c":32.62,"h":32.72,"l":32.62,"v":8906.0,"Time":"2020-12-02T17:30:00Z","Interval":"5min","Figi":"BBG00C6H6D40"}
{"o":32.64,"c":32.63,"h":32.72,"l":32.6,"v":9306.0,"Time":"2020-12-02T17:30:00Z","Interval":"5min","Figi":"BBG00C6H6D40"}
{"o":32.64,"c":32.59,"h":32.72,"l":32.59,"v":9406.0,"Time":"2020-12-02T17:30:00Z","Interval":"5min","Figi":"BBG00C6H6D40"}
{"o":32.64,"c":32.59,"h":32.72,"l":32.59,"v":9506.0,"Time":"2020-12-02T17:30:00Z","Interval":"5min","Figi":"BBG00C6H6D40"}
{"o":32.64,"c":32.58,"h":32.72,"l":32.58,"v":10506.0,"Time":"2020-12-02T17:30:00Z","Interval":"5min","Figi":"BBG00C6H6D40"}
{"o":32.64,"c":32.56,"h":32.72,"l":32.56,"v":12006.0,"Time":"2020-12-02T17:30:00Z","Interval":"5min","Figi":"BBG00C6H6D40"}
{"o":32.64,"c":32.57,"h":32.72,"l":32.56,"v":12106.0,"Time":"2020-12-02T17:30:00Z","Interval":"5min","Figi":"BBG00C6H6D40"}
{"o":32.64,"c":32.57,"h":32.72,"l":32.56,"v":12206.0,"Time":"2020-12-02T17:30:00Z","Interval":"5min","Figi":"BBG00C6H6D40"}
{"o":32.64,"c":32.57,"h":32.72,"l":32.56,"v":12306.0,"Time":"2020-12-02T17:30:00Z","Interval":"5min","Figi":"BBG00C6H6D40"}
{"o":32.64,"c":32.59,"h":32.72,"l":32.56,"v":12636.0,"Time":"2020-12-02T17:30:00Z","Interval":"5min","Figi":"BBG00C6H6D40"}
{"o":32.64,"c":32.58,"h":32.72,"l":32.56,"v":12936.0,"Time":"2020-12-02T17:30:00Z","Interval":"5min","Figi":"BBG00C6H6D40"}
{"o":32.64,"c":32.53,"h":32.72,"l":32.52,"v":14236.0,"Time":"2020-12-02T17:30:00Z","Interval":"5min","Figi":"BBG00C6H6D40"}
{"o":32.64,"c":32.52,"h":32.72,"l":32.52,"v":15494.0,"Time":"2020-12-02T17:30:00Z","Interval":"5min","Figi":"BBG00C6H6D40"}
{"o":32.64,"c":32.52,"h":32.72,"l":32.52,"v":16003.0,"Time":"2020-12-02T17:30:00Z","Interval":"5min","Figi":"BBG00C6H6D40"}
{"o":32.64,"c":32.52,"h":32.72,"l":32.52,"v":16115.0,"Time":"2020-12-02T17:30:00Z","Interval":"5min","Figi":"BBG00C6H6D40"}
{"o":32.64,"c":32.51,"h":32.72,"l":32.51,"v":16215.0,"Time":"2020-12-02T17:30:00Z","Interval":"5min","Figi":"BBG00C6H6D40"}
{"o":32.64,"c":32.51,"h":32.72,"l":32.51,"v":16315.0,"Time":"2020-12-02T17:30:00Z","Interval":"5min","Figi":"BBG00C6H6D40"}
{"o":32.64,"c":32.53,"h":32.72,"l":32.51,"v":16691.0,"Time":"2020-12-02T17:30:00Z","Interval":"5min","Figi":"BBG00C6H6D40"}
{"o":32.64,"c":32.53,"h":32.72,"l":32.51,"v":16711.0,"Time":"2020-12-02T17:30:00Z","Interval":"5min","Figi":"BBG00C6H6D40"}
{"o":32.64,"c":32.55,"h":32.72,"l":32.51,"v":16911.0,"Time":"2020-12-02T17:30:00Z","Interval":"5min","Figi":"BBG00C6H6D40"}
{"o":32.64,"c":32.56,"h":32.72,"l":32.51,"v":17011.0,"Time":"2020-12-02T17:30:00Z","Interval":"5min","Figi":"BBG00C6H6D40"}
{"o":32.64,"c":32.58,"h":32.72,"l":32.51,"v":17140.0,"Time":"2020-12-02T17:30:00Z","Interval":"5min","Figi":"BBG00C6H6D40"}
{"o":32.64,"c":32.61,"h":32.72,"l":32.51,"v":17240.0,"Time":"2020-12-02T17:30:00Z","Interval":"5min","Figi":"BBG00C6H6D40"}
{"o":32.61,"c":32.61,"h":32.61,"l":32.61,"v":101.0,"Time":"2020-12-02T17:35:00Z","Interval":"5min","Figi":"BBG00C6H6D40"}
{"o":32.61,"c":32.62,"h":32.62,"l":32.61,"v":301.0,"Time":"2020-12-02T17:35:00Z","Interval":"5min","Figi":"BBG00C6H6D40"}
{"o":32.61,"c":32.63,"h":32.63,"l":32.61,"v":335.0,"Time":"2020-12-02T17:35:00Z","Interval":"5min","Figi":"BBG00C6H6D40"}
{"o":32.61,"c":32.62,"h":32.63,"l":32.61,"v":635.0,"Time":"2020-12-02T17:35:00Z","Interval":"5min","Figi":"BBG00C6H6D40"}
{"o":32.61,"c":32.63,"h":32.63,"l":32.61,"v":658.0,"Time":"2020-12-02T17:35:00Z","Interval":"5min","Figi":"BBG00C6H6D40"}
{"o":32.61,"c":32.64,"h":32.64,"l":32.61,"v":758.0,"Time":"2020-12-02T17:35:00Z","Interval":"5min","Figi":"BBG00C6H6D40"}
{"o":32.61,"c":32.65,"h":32.65,"l":32.61,"v":1054.0,"Time":"2020-12-02T17:35:00Z","Interval":"5min","Figi":"BBG00C6H6D40"}
{"o":32.61,"c":32.66,"h":32.66,"l":32.61,"v":1154.0,"Time":"2020-12-02T17:35:00Z","Interval":"5min","Figi":"BBG00C6H6D40"}
{"o":32.61,"c":32.66,"h":32.66,"l":32.61,"v":1254.0,"Time":"2020-12-02T17:35:00Z","Interval":"5min","Figi":"BBG00C6H6D40"}
{"o":32.61,"c":32.66,"h":32.66,"l":32.61,"v":1258.0,"Time":"2020-12-02T17:35:00Z","Interval":"5min","Figi":"BBG00C6H6D40"}
{"o":32.61,"c":32.64,"h":32.66,"l":32.61,"v":1264.0,"Time":"2020-12-02T17:35:00Z","Interval":"5min","Figi":"BBG00C6H6D40"}
{"o":32.61,"c":32.64,"h":32.66,"l":32.61,"v":1864.0,"Time":"2020-12-02T17:35:00Z","Interval":"5min","Figi":"BBG00C6H6D40"}
{"o":32.7,"c":32.7,"h":32.7,"l":32.7,"v":100.0,"Time":"2020-12-02T17:40:00Z","Interval":"5min","Figi":"BBG00C6H6D40"}
{"o":32.7,"c":32.69,"h":32.7,"l":32.69,"v":200.0,"Time":"2020-12-02T17:40:00Z","Interval":"5min","Figi":"BBG00C6H6D40"}
{"o":32.7,"c":32.69,"h":32.7,"l":32.69,"v":400.0,"Time":"2020-12-02T17:40:00Z","Interval":"5min","Figi":"BBG00C6H6D40"}
{"o":32.7,"c":32.67,"h":32.7,"l":32.67,"v":562.0,"Time":"2020-12-02T17:40:00Z","Interval":"5min","Figi":"BBG00C6H6D40"}
{"o":32.7,"c":32.65,"h":32.7,"l":32.65,"v":564.0,"Time":"2020-12-02T17:40:00Z","Interval":"5min","Figi":"BBG00C6H6D40"}
{"o":32.7,"c":32.65,"h":32.7,"l":32.65,"v":578.0,"Time":"2020-12-02T17:40:00Z","Interval":"5min","Figi":"BBG00C6H6D40"}
{"o":32.7,"c":32.66,"h":32.7,"l":32.65,"v":678.0,"Time":"2020-12-02T17:40:00Z","Interval":"5min","Figi":"BBG00C6H6D40"}
{"o":32.7,"c":32.65,"h":32.7,"l":32.65,"v":702.0,"Time":"2020-12-02T17:40:00Z","Interval":"5min","Figi":"BBG00C6H6D40"}
{"o":32.7,"c":32.65,"h":32.7,"l":32.65,"v":1064.0,"Time":"2020-12-02T17:40:00Z","Interval":"5min","Figi":"BBG00C6H6D40"}
{"o":32.7,"c":32.65,"h":32.7,"l":32.65,"v":1132.0,"Time":"2020-12-02T17:40:00Z","Interval":"5min","Figi":"BBG00C6H6D40"}
{"o":32.7,"c":32.66,"h":32.7,"l":32.65,"v":1232.0,"Time":"2020-12-02T17:40:00Z","Interval":"5min","Figi":"BBG00C6H6D40"}
{"o":32.7,"c":32.63,"h":32.7,"l":32.63,"v":1240.0,"Time":"2020-12-02T17:40:00Z","Interval":"5min","Figi":"BBG00C6H6D40"}
{"o":32.64,"c":32.64,"h":32.64,"l":32.64,"v":5.0,"Time":"2020-12-02T17:45:00Z","Interval":"5min","Figi":"BBG00C6H6D40"}
{"o":32.64,"c":32.63,"h":32.64,"l":32.63,"v":16.0,"Time":"2020-12-02T17:45:00Z","Interval":"5min","Figi":"BBG00C6H6D40"}
{"o":32.64,"c":32.62,"h":32.64,"l":32.62,"v":17.0,"Time":"2020-12-02T17:45:00Z","Interval":"5min","Figi":"BBG00C6H6D40"}
{"o":32.64,"c":32.64,"h":32.64,"l":32.62,"v":18.0,"Time":"2020-12-02T17:45:00Z","Interval":"5min","Figi":"BBG00C6H6D40"}
{"o":32.64,"c":32.64,"h":32.64,"l":32.62,"v":21.0,"Time":"2020-12-02T17:45:00Z","Interval":"5min","Figi":"BBG00C6H6D40"}
{"o":32.64,"c":32.67,"h":32.67,"l":32.62,"v":121.0,"Time":"2020-12-02T17:45:00Z","Interval":"5min","Figi":"BBG00C6H6D40"}
{"o":32.64,"c":32.65,"h":32.67,"l":32.62,"v":221.0,"Time":"2020-12-02T17:45:00Z","Interval":"5min","Figi":"BBG00C6H6D40"}
{"o":32.64,"c":32.66,"h":32.67,"l":32.62,"v":421.0,"Time":"2020-12-02T17:45:00Z","Interval":"5min","Figi":"BBG00C6H6D40"}
{"o":32.64,"c":32.67,"h":32.67,"l":32.62,"v":621.0,"Time":"2020-12-02T17:45:00Z","Interval":"5min","Figi":"BBG00C6H6D40"}
{"o":32.64,"c":32.65,"h":32.67,"l":32.62,"v":643.0,"Time":"2020-12-02T17:45:00Z","Interval":"5min","Figi":"BBG00C6H6D40"}
{"o":32.64,"c":32.65,"h":32.67,"l":32.62,"v":668.0,"Time":"2020-12-02T17:45:00Z","Interval":"5min","Figi":"BBG00C6H6D40"}
{"o":32.64,"c":32.64,"h":32.67,"l":32.62,"v":768.0,"Time":"2020-12-02T17:45:00Z","Interval":"5min","Figi":"BBG00C6H6D40"}
{"o":32.64,"c":32.64,"h":32.67,"l":32.62,"v":1068.0,"Time":"2020-12-02T17:45:00Z","Interval":"5min","Figi":"BBG00C6H6D40"}
{"o":32.64,"c":32.64,"h":32.67,"l":32.62,"v":1668.0,"Time":"2020-12-02T17:45:00Z","Interval":"5min","Figi":"BBG00C6H6D40"}
{"o":32.61,"c":32.62,"h":32.62,"l":32.61,"v":200.0,"Time":"2020-12-02T17:50:00Z","Interval":"5min","Figi":"BBG00C6H6D40"}
{"o":32.61,"c":32.59,"h":32.62,"l":32.59,"v":257.0,"Time":"2020-12-02T17:50:00Z","Interval":"5min","Figi":"BBG00C6H6D40"}
{"o":32.61,"c":32.52,"h":32.62,"l":32.52,"v":857.0,"Time":"2020-12-02T17:50:00Z","Interval":"5min","Figi":"BBG00C6H6D40"}
{"o":32.61,"c":32.53,"h":32.62,"l":32.52,"v":953.0,"Time":"2020-12-02T17:50:00Z","Interval":"5min","Figi":"BBG00C6H6D40"}
{"o":32.61,"c":32.53,"h":32.62,"l":32.52,"v":957.0,"Time":"2020-12-02T17:50:00Z","Interval":"5min","Figi":"BBG00C6H6D40"}
{"o":32.61,"c":32.54,"h":32.62,"l":32.52,"v":1003.0,"Time":"2020-12-02T17:50:00Z","Interval":"5min","Figi":"BBG00C6H6D40"}
{"o":32.61,"c":32.54,"h":32.62,"l":32.52,"v":1022.0,"Time":"2020-12-02T17:50:00Z","Interval":"5min","Figi":"BBG00C6H6D40"}
{"o":32.61,"c":32.54,"h":32.62,"l":32.52,"v":1049.0,"Time":"2020-12-02T17:50:00Z","Interval":"5min","Figi":"BBG00C6H6D40"}
{"o":32.61,"c":32.54,"h":32.62,"l":32.52,"v":1053.0,"Time":"2020-12-02T17:50:00Z","Interval":"5min","Figi":"BBG00C6H6D40"}
{"o":32.61,"c":32.54,"h":32.62,"l":32.52,"v":1153.0,"Time":"2020-12-02T17:50:00Z","Interval":"5min","Figi":"BBG00C6H6D40"}
{"o":32.61,"c":32.54,"h":32.62,"l":32.52,"v":1259.0,"Time":"2020-12-02T17:50:00Z","Interval":"5min","Figi":"BBG00C6H6D40"}
{"o":32.61,"c":32.54,"h":32.62,"l":32.52,"v":1359.0,"Time":"2020-12-02T17:50:00Z","Interval":"5min","Figi":"BBG00C6H6D40"}
{"o":32.61,"c":32.54,"h":32.62,"l":32.52,"v":1459.0,"Time":"2020-12-02T17:50:00Z","Interval":"5min","Figi":"BBG00C6H6D40"}
{"o":32.61,"c":32.54,"h":32.62,"l":32.52,"v":1559.0,"Time":"2020-12-02T17:50:00Z","Interval":"5min","Figi":"BBG00C6H6D40"}
{"o":32.61,"c":32.56,"h":32.62,"l":32.52,"v":1859.0,"Time":"2020-12-02T17:50:00Z","Interval":"5min","Figi":"BBG00C6H6D40"}
{"o":32.61,"c":32.56,"h":32.62,"l":32.52,"v":2059.0,"Time":"2020-12-02T17:50:00Z","Interval":"5min","Figi":"BBG00C6H6D40"}
{"o":32.53,"c":32.53,"h":32.53,"l":32.53,"v":121.0,"Time":"2020-12-02T17:55:00Z","Interval":"5min","Figi":"BBG00C6H6D40"}
{"o":32.53,"c":32.56,"h":32.56,"l":32.53,"v":221.0,"Time":"2020-12-02T17:55:00Z","Interval":"5min","Figi":"BBG00C6H6D40"}
{"o":32.53,"c":32.56,"h":32.56,"l":32.53,"v":323.0,"Time":"2020-12-02T17:55:00Z","Interval":"5min","Figi":"BBG00C6H6D40"}
{"o":32.53,"c":32.56,"h":32.56,"l":32.53,"v":325.0,"Time":"2020-12-02T17:55:00Z","Interval":"5min","Figi":"BBG00C6H6D40"}
{"o":32.53,"c":32.56,"h":32.56,"l":32.53,"v":425.0,"Time":"2020-12-02T17:55:00Z","Interval":"5min","Figi":"BBG00C6H6D40"}
{"o":32.53,"c":32.56,"h":32.56,"l":32.53,"v":525.0,"Time":"2020-12-02T17:55:00Z","Interval":"5min","Figi":"BBG00C6H6D40"}
{"o":32.58,"c":32.58,"h":32.58,"l":32.58,"v":50.0,"Time":"2020-12-02T18:00:00Z","Interval":"5min","Figi":"BBG00C6H6D40"}
{"o":32.58,"c":32.59,"h":32.59,"l":32.58,"v":160.0,"Time":"2020-12-02T18:00:00Z","Interval":"5min","Figi":"BBG00C6H6D40"}
{"o":32.58,"c":32.59,"h":32.59,"l":32.58,"v":165.0,"Time":"2020-12-02T18:00:00Z","Interval":"5min","Figi":"BBG00C6H6D40"}
{"o":32.58,"c":32.59,"h":32.59,"l":32.58,"v":265.0,"Time":"2020-12-02T18:00:00Z","Interval":"5min","Figi":"BBG00C6H6D40"}
{"o":32.58,"c":32.59,"h":32.59,"l":32.58,"v":267.0,"Time":"2020-12-02T18:00:00Z","Interval":"5min","Figi":"BBG00C6H6D40"}
{"o":32.58,"c":32.59,"h":32.59,"l":32.58,"v":348.0,"Time":"2020-12-02T18:00:00Z","Interval":"5min","Figi":"BBG00C6H6D40"}
{"o":32.58,"c":32.59,"h":32.59,"l":32.58,"v":353.0,"Time":"2020-12-02T18:00:00Z","Interval":"5min","Figi":"BBG00C6H6D40"}
{"o":32.58,"c":32.61,"h":32.61,"l":32.58,"v":453.0,"Time":"2020-12-02T18:00:00Z","Interval":"5min","Figi":"BBG00C6H6D40"}
{"o":32.58,"c":32.61,"h":32.61,"l":32.58,"v":462.0,"Time":"2020-12-02T18:00:00Z","Interval":"5min","Figi":"BBG00C6H6D40"}
{"o":32.58,"c":32.62,"h":32.62,"l":32.58,"v":562.0,"Time":"2020-12-02T18:00:00Z","Interval":"5min","Figi":"BBG00C6H6D40"}
{"o":32.58,"c":32.65,"h":32.65,"l":32.58,"v":608.0,"Time":"2020-12-02T18:00:00Z","Interval":"5min","Figi":"BBG00C6H6D40"}
{"o":32.58,"c":32.64,"h":32.65,"l":32.58,"v":708.0,"Time":"2020-12-02T18:00:00Z","Interval":"5min","Figi":"BBG00C6H6D40"}
{"o":32.64,"c":32.65,"h":32.65,"l":32.64,"v":301.0,"Time":"2020-12-02T18:05:00Z","Interval":"5min","Figi":"BBG00C6H6D40"}
{"o":32.64,"c":32.64,"h":32.65,"l":32.64,"v":306.0,"Time":"2020-12-02T18:05:00Z","Interval":"5min","Figi":"BBG00C6H6D40"}
{"o":32.64,"c":32.64,"h":32.65,"l":32.64,"v":325.0,"Time":"2020-12-02T18:05:00Z","Interval":"5min","Figi":"BBG00C6H6D40"}
{"o":32.64,"c":32.65,"h":32.65,"l":32.64,"v":425.0,"Time":"2020-12-02T18:05:00Z","Interval":"5min","Figi":"BBG00C6H6D40"}
{"o":32.66,"c":32.66,"h":32.66,"l":32.66,"v":300.0,"Time":"2020-12-02T18:10:00Z","Interval":"5min","Figi":"BBG00C6H6D40"}
{"o":32.66,"c":32.66,"h":32.66,"l":32.66,"v":304.0,"Time":"2020-12-02T18:10:00Z","Interval":"5min","Figi":"BBG00C6H6D40"}
{"o":32.66,"c":32.65,"h":32.66,"l":32.65,"v":309.0,"Time":"2020-12-02T18:10:00Z","Interval":"5min","Figi":"BBG00C6H6D40"}
{"o":32.66,"c":32.64,"h":32.66,"l":32.64,"v":311.0,"Time":"2020-12-02T18:10:00Z","Interval":"5min","Figi":"BBG00C6H6D40"}
{"o":32.66,"c":32.64,"h":32.66,"l":32.64,"v":323.0,"Time":"2020-12-02T18:10:00Z","Interval":"5min","Figi":"BBG00C6H6D40"}
{"o":32.66,"c":32.61,"h":32.66,"l":32.61,"v":423.0,"Time":"2020-12-02T18:10:00Z","Interval":"5min","Figi":"BBG00C6H6D40"}
{"o":32.66,"c":32.64,"h":32.66,"l":32.61,"v":523.0,"Time":"2020-12-02T18:10:00Z","Interval":"5min","Figi":"BBG00C6H6D40"}
{"o":32.66,"c":32.64,"h":32.66,"l":32.61,"v":623.0,"Time":"2020-12-02T18:10:00Z","Interval":"5min","Figi":"BBG00C6H6D40"}
{"o":32.66,"c":32.65,"h":32.66,"l":32.61,"v":710.0,"Time":"2020-12-02T18:10:00Z","Interval":"5min","Figi":"BBG00C6H6D40"}
{"o":32.66,"c":32.65,"h":32.66,"l":32.61,"v":723.0,"Time":"2020-12-02T18:10:00Z","Interval":"5min","Figi":"BBG00C6H6D40"}
{"o":32.66,"c":32.63,"h":32.66,"l":32.61,"v":728.0,"Time":"2020-12-02T18:10:00Z","Interval":"5min","Figi":"BBG00C6H6D40"}
{"o":32.64,"c":32.64,"h":32.64,"l":32.64,"v":100.0,"Time":"2020-12-02T18:15:00Z","Interval":"5min","Figi":"BBG00C6H6D40"}
{"o":32.64,"c":32.64,"h":32.64,"l":32.64,"v":200.0,"Time":"2020-12-02T18:15:00Z","Interval":"5min","Figi":"BBG00C6H6D40"}
{"o":32.64,"c":32.65,"h":32.65,"l":32.64,"v":400.0,"Time":"2020-12-02T18:15:00Z","Interval":"5min","Figi":"BBG00C6H6D40"}
{"o":32.64,"c":32.64,"h":32.65,"l":32.64,"v":405.0,"Time":"2020-12-02T18:15:00Z","Interval":"5min","Figi":"BBG00C6H6D40"}
{"o":32.64,"c":32.62,"h":32.65,"l":32.62,"v":505.0,"Time":"2020-12-02T18:15:00Z","Interval":"5min","Figi":"BBG00C6H6D40"}
{"o":32.64,"c":32.63,"h":32.65,"l":32.62,"v":605.0,"Time":"2020-12-02T18:15:00Z","Interval":"5min","Figi":"BBG00C6H6D40"}
{"o":32.64,"c":32.64,"h":32.65,"l":32.62,"v":606.0,"Time":"2020-12-02T18:15:00Z","Interval":"5min","Figi":"BBG00C6H6D40"}
{"o":32.64,"c":32.64,"h":32.65,"l":32.62,"v":608.0,"Time":"2020-12-02T18:15:00Z","Interval":"5min","Figi":"BBG00C6H6D40"}
{"o":32.64,"c":32.64,"h":32.65,"l":32.62,"v":708.0,"Time":"2020-12-02T18:15:00Z","Interval":"5min","Figi":"BBG00C6H6D40"}
{"o":32.64,"c":32.64,"h":32.65,"l":32.62,"v":808.0,"Time":"2020-12-02T18:15:00Z","Interval":"5min","Figi":"BBG00C6H6D40"}
{"o":32.64,"c":32.64,"h":32.65,"l":32.62,"v":1399.0,"Time":"2020-12-02T18:15:00Z","Interval":"5min","Figi":"BBG00C6H6D40"}
{"o":32.64,"c":32.65,"h":32.65,"l":32.62,"v":1699.0,"Time":"2020-12-02T18:15:00Z","Interval":"5min","Figi":"BBG00C6H6D40"}
{"o":32.64,"c":32.65,"h":32.65,"l":32.62,"v":1726.0,"Time":"2020-12-02T18:15:00Z","Interval":"5min","Figi":"BBG00C6H6D40"}
{"o":32.64,"c":32.68,"h":32.68,"l":32.62,"v":2054.0,"Time":"2020-12-02T18:15:00Z","Interval":"5min","Figi":"BBG00C6H6D40"}
{"o":32.64,"c":32.68,"h":32.68,"l":32.62,"v":2154.0,"Time":"2020-12-02T18:15:00Z","Interval":"5min","Figi":"BBG00C6H6D40"}
{"o":32.64,"c":32.68,"h":32.68,"l":32.62,"v":2254.0,"Time":"2020-12-02T18:15:00Z","Interval":"5min","Figi":"BBG00C6H6D40"}
{"o":32.64,"c":32.64,"h":32.68,"l":32.62,"v":2564.0,"Time":"2020-12-02T18:15:00Z","Interval":"5min","Figi":"BBG00C6H6D40"}
{"o":32.63,"c":32.63,"h":32.63,"l":32.63,"v":5.0,"Time":"2020-12-02T18:20:00Z","Interval":"5min","Figi":"BBG00C6H6D40"}
{"o":32.63,"c":32.65,"h":32.65,"l":32.63,"v":6.0,"Time":"2020-12-02T18:20:00Z","Interval":"5min","Figi":"BBG00C6H6D40"}
{"o":32.63,"c":32.66,"h":32.66,"l":32.63,"v":206.0,"Time":"2020-12-02T18:20:00Z","Interval":"5min","Figi":"BBG00C6H6D40"}
{"o":32.63,"c":32.66,"h":32.66,"l":32.63,"v":306.0,"Time":"2020-12-02T18:20:00Z","Interval":"5min","Figi":"BBG00C6H6D40"}
{"o":32.63,"c":32.65,"h":32.66,"l":32.63,"v":316.0,"Time":"2020-12-02T18:20:00Z","Interval":"5min","Figi":"BBG00C6H6D40"}
{"o":32.63,"c":32.66,"h":32.66,"l":32.63,"v":416.0,"Time":"2020-12-02T18:20:00Z","Interval":"5min","Figi":"BBG00C6H6D40"}
{"o":32.64,"c":32.64,"h":32.64,"l":32.64,"v":5.0,"Time":"2020-12-02T18:25:00Z","Interval":"5min","Figi":"BBG00C6H6D40"}
{"o":32.64,"c":32.64,"h":32.64,"l":32.64,"v":61.0,"Time":"2020-12-02T18:25:00Z","Interval":"5min","Figi":"BBG00C6H6D40"}
{"o":32.64,"c":32.64,"h":32.64,"l":32.64,"v":161.0,"Time":"2020-12-02T18:25:00Z","Interval":"5min","Figi":"BBG00C6H6D40"}
{"o":32.64,"c":32.6,"h":32.64,"l":32.6,"v":170.0,"Time":"2020-12-02T18:25:00Z","Interval":"5min","Figi":"BBG00C6H6D40"}
{"o":32.64,"c":32.62,"h":32.64,"l":32.6,"v":171.0,"Time":"2020-12-02T18:25:00Z","Interval":"5min","Figi":"BBG00C6H6D40"}
{"o":32.64,"c":32.57,"h":32.64,"l":32.57,"v":176.0,"Time":"2020-12-02T18:25:00Z","Interval":"5min","Figi":"BBG00C6H6D40"}
{"o":32.64,"c":32.55,"h":32.64,"l":32.55,"v":303.0,"Time":"2020-12-02T18:25:00Z","Interval":"5min","Figi":"BBG00C6H6D40"}
{"o":32.64,"c":32.54,"h":32.64,"l":32.54,"v":476.0,"Time":"2020-12-02T18:25:00Z","Interval":"5min","Figi":"BBG00C6H6D40"}
{"o":32.64,"c":32.54,"h":32.64,"l":32.54,"v":576.0,"Time":"2020-12-02T18:25:00Z","Interval":"5min","Figi":"BBG00C6H6D40"}
{"o":32.56,"c":32.56,"h":32.56,"l":32.56,"v":2.0,"Time":"2020-12-02T18:30:00Z","Interval":"5min","Figi":"BBG00C6H6D40"}
{"o":32.56,"c":32.59,"h":32.59,"l":32.56,"v":202.0,"Time":"2020-12-02T18:30:00Z","Interval":"5min","Figi":"BBG00C6H6D40"}
{"o":32.56,"c":32.61,"h":32.61,"l":32.56,"v":457.0,"Time":"2020-12-02T18:30:00Z","Interval":"5min","Figi":"BBG00C6H6D40"}
{"o":32.56,"c":32.61,"h":32.61,"l":32.56,"v":491.0,"Time":"2020-12-02T18:30:00Z","Interval":"5min","Figi":"BBG00C6H6D40"}
{"o":32.56,"c":32.61,"h":32.61,"l":32.56,"v":493.0,"Time":"2020-12-02T18:30:00Z","Interval":"5min","Figi":"BBG00C6H6D40"}
{"o":32.56,"c":32.59,"h":32.61,"l":32.56,"v":595.0,"Time":"2020-12-02T18:30:00Z","Interval":"5min","Figi":"BBG00C6H6D40"}
{"o":32.56,"c":32.61,"h":32.61,"l":32.56,"v":695.0,"Time":"2020-12-02T18:30:00Z","Interval":"5min","Figi":"BBG00C6H6D40"}
{"o":32.56,"c":32.61,"h":32.61,"l":32.56,"v":895.0,"Time":"2020-12-02T18:30:00Z","Interval":"5min","Figi":"BBG00C6H6D40"}
{"o":32.62,"c":32.62,"h":32.62,"l":32.62,"v":52.0,"Time":"2020-12-02T18:35:00Z","Interval":"5min","Figi":"BBG00C6H6D40"}
{"o":32.62,"c":32.63,"h":32.63,"l":32.62,"v":56.0,"Time":"2020-12-02T18:35:00Z","Interval":"5min","Figi":"BBG00C6H6D40"}
{"o":32.62,"c":32.64,"h":32.64,"l":32.62,"v":156.0,"Time":"2020-12-02T18:35:00Z","Interval":"5min","Figi":"BBG00C6H6D40"}
{"o":32.62,"c":32.65,"h":32.65,"l":32.62,"v":174.0,"Time":"2020-12-02T18:35:00Z","Interval":"5min","Figi":"BBG00C6H6D40"}
{"o":32.62,"c":32.66,"h":32.66,"l":32.62,"v":175.0,"Time":"2020-12-02T18:35:00Z","Interval":"5min","Figi":"BBG00C6H6D40"}
{"o":32.62,"c":32.65,"h":32.66,"l":32.62,"v":275.0,"Time":"2020-12-02T18:35:00Z","Interval":"5min","Figi":"BBG00C6H6D40"}
{"o":32.62,"c":32.65,"h":32.66,"l":32.62,"v":475.0,"Time":"2020-12-02T18:35:00Z","Interval":"5min","Figi":"BBG00C6H6D40"}
{"o":32.62,"c":32.65,"h":32.66,"l":32.62,"v":675.0,"Time":"2020-12-02T18:35:00Z","Interval":"5min","Figi":"BBG00C6H6D40"}
{"o":32.62,"c":32.65,"h":32.66,"l":32.62,"v":678.0,"Time":"2020-12-02T18:35:00Z","Interval":"5min","Figi":"BBG00C6H6D40"}
{"o":32.62,"c":32.66,"h":32.66,"l":32.62,"v":778.0,"Time":"2020-12-02T18:35:00Z","Interval":"5min","Figi":"BBG00C6H6D40"}
{"o":32.62,"c":32.69,"h":32.69,"l":32.62,"v":830.0,"Time":"2020-12-02T18:35:00Z","Interval":"5min","Figi":"BBG00C6H6D40"}
{"o":32.69,"c":32.69,"h":32.69,"l":32.69,"v":9.0,"Time":"2020-12-02T18:40:00Z","Interval":"5min","Figi":"BBG00C6H6D40"}
{"o":32.69,"c":32.68,"h":32.69,"l":32.68,"v":209.0,"Time":"2020-12-02T18:40:00Z","Interval":"5min","Figi":"BBG00C6H6D40"}
{"o":32.69,"c":32.67,"h":32.69,"l":32.67,"v":210.0,"Time":"2020-12-02T18:40:00Z","Interval":"5min","Figi":"BBG00C6H6D40"}
{"o":32.69,"c":32.61,"h":32.69,"l":32.61,"v":310.0,"Time":"2020-12-02T18:40:00Z","Interval":"5min","Figi":"BBG00C6H6D40"}
{"o":32.69,"c":32.61,"h":32.69,"l":32.61,"v":315.0,"Time":"2020-12-02T18:40:00Z","Interval":"5min","Figi":"BBG00C6H6D40"}
{"o":32.69,"c":32.6,"h":32.69,"l":32.6,"v":320.0,"Time":"2020-12-02T18:40:00Z","Interval":"5min","Figi":"BBG00C6H6D40"}
{"o":32.6,"c":32.6,"h":32.6,"l":32.6,"v":200.0,"Time":"2020-12-02T18:45:00Z","Interval":"5min","Figi":"BBG00C6H6D40"}
{"o":32.6,"c":32.59,"h":32.6,"l":32.59,"v":211.0,"Time":"2020-12-02T18:45:00Z","Interval":"5min","Figi":"BBG00C6H6D40"}
{"o":32.6,"c":32.54,"h":32.6,"l":32.54,"v":311.0,"Time":"2020-12-02T18:45:00Z","Interval":"5min","Figi":"BBG00C6H6D40"}
{"o":32.6,"c":32.55,"h":32.6,"l":32.54,"v":411.0,"Time":"2020-12-02T18:45:00Z","Interval":"5min","Figi":"BBG00C6H6D40"}
{"o":32.6,"c":32.52,"h":32.6,"l":32.52,"v":511.0,"Time":"2020-12-02T18:45:00Z","Interval":"5min","Figi":"BBG00C6H6D40"}
{"o":32.6,"c":32.51,"h":32.6,"l":32.51,"v":611.0,"Time":"2020-12-02T18:45:00Z","Interval":"5min","Figi":"BBG00C6H6D40"}
{"o":32.6,"c":32.51,"h":32.6,"l":32.51,"v":811.0,"Time":"2020-12-02T18:45:00Z","Interval":"5min","Figi":"BBG00C6H6D40"}
{"o":32.6,"c":32.5,"h":32.6,"l":32.5,"v":911.0,"Time":"2020-12-02T18:45:00Z","Interval":"5min","Figi":"BBG00C6H6D40"}
{"o":32.6,"c":32.51,"h":32.6,"l":32.5,"v":1138.0,"Time":"2020-12-02T18:45:00Z","Interval":"5min","Figi":"BBG00C6H6D40"}
{"o":32.6,"c":32.51,"h":32.6,"l":32.5,"v":1138.0,"Time":"2020-12-02T18:45:00Z","Interval":"5min","Figi":"BBG00C6H6D40"}
{"o":32.53,"c":32.53,"h":32.53,"l":32.53,"v":200.0,"Time":"2020-12-02T18:50:00Z","Interval":"5min","Figi":"BBG00C6H6D40"}
{"o":32.53,"c":32.54,"h":32.54,"l":32.53,"v":300.0,"Time":"2020-12-02T18:50:00Z","Interval":"5min","Figi":"BBG00C6H6D40"}
{"o":32.53,"c":32.54,"h":32.54,"l":32.53,"v":320.0,"Time":"2020-12-02T18:50:00Z","Interval":"5min","Figi":"BBG00C6H6D40"}
{"o":32.53,"c":32.56,"h":32.56,"l":32.53,"v":333.0,"Time":"2020-12-02T18:50:00Z","Interval":"5min","Figi":"BBG00C6H6D40"}
{"o":32.53,"c":32.58,"h":32.58,"l":32.53,"v":334.0,"Time":"2020-12-02T18:50:00Z","Interval":"5min","Figi":"BBG00C6H6D40"}
{"o":32.53,"c":32.58,"h":32.58,"l":32.53,"v":371.0,"Time":"2020-12-02T18:50:00Z","Interval":"5min","Figi":"BBG00C6H6D40"}
{"o":32.61,"c":32.61,"h":32.61,"l":32.61,"v":100.0,"Time":"2020-12-02T18:55:00Z","Interval":"5min","Figi":"BBG00C6H6D40"}
{"o":32.61,"c":32.62,"h":32.62,"l":32.61,"v":200.0,"Time":"2020-12-02T18:55:00Z","Interval":"5min","Figi":"BBG00C6H6D40"}
{"o":32.61,"c":32.61,"h":32.62,"l":32.61,"v":500.0,"Time":"2020-12-02T18:55:00Z","Interval":"5min","Figi":"BBG00C6H6D40"}
{"o":32.61,"c":32.61,"h":32.62,"l":32.61,"v":800.0,"Time":"2020-12-02T18:55:00Z","Interval":"5min","Figi":"BBG00C6H6D40"}
{"o":32.61,"c":32.62,"h":32.62,"l":32.61,"v":1100.0,"Time":"2020-12-02T18:55:00Z","Interval":"5min","Figi":"BBG00C6H6D40"}
{"o":32.61,"c":32.63,"h":32.63,"l":32.61,"v":1400.0,"Time":"2020-12-02T18:55:00Z","Interval":"5min","Figi":"BBG00C6H6D40"}
{"o":32.61,"c":32.62,"h":32.63,"l":32.61,"v":1500.0,"Time":"2020-12-02T18:55:00Z","Interval":"5min","Figi":"BBG00C6H6D40"}
{"o":32.61,"c":32.6,"h":32.63,"l":32.6,"v":1600.0,"Time":"2020-12-02T18:55:00Z","Interval":"5min","Figi":"BBG00C6H6D40"}
{"o":32.61,"c":32.62,"h":32.63,"l":32.6,"v":1700.0,"Time":"2020-12-02T18:55:00Z","Interval":"5min","Figi":"BBG00C6H6D40"}
{"o":32.56,"c":32.56,"h":32.56,"l":32.56,"v":100.0,"Time":"2020-12-02T19:00:00Z","Interval":"5min","Figi":"BBG00C6H6D40"}
{"o":32.56,"c":32.56,"h":32.56,"l":32.56,"v":110.0,"Time":"2020-12-02T19:00:00Z","Interval":"5min","Figi":"BBG00C6H6D40"}
{"o":32.56,"c":32.56,"h":32.56,"l":32.56,"v":110.0,"Time":"2020-12-02T19:00:00Z","Interval":"5min","Figi":"BBG00C6H6D40"}
{"o":32.56,"c":32.53,"h":32.56,"l":32.53,"v":200.0,"Time":"2020-12-02T19:00:00Z","Interval":"5min","Figi":"BBG00C6H6D40"}
{"o":32.56,"c":32.53,"h":32.56,"l":32.53,"v":223.0,"Time":"2020-12-02T19:00:00Z","Interval":"5min","Figi":"BBG00C6H6D40"}
{"o":32.56,"c":32.55,"h":32.56,"l":32.53,"v":339.0,"Time":"2020-12-02T19:00:00Z","Interval":"5min","Figi":"BBG00C6H6D40"}
{"o":32.56,"c":32.56,"h":32.56,"l":32.53,"v":439.0,"Time":"2020-12-02T19:00:00Z","Interval":"5min","Figi":"BBG00C6H6D40"}
{"o":32.56,"c":32.57,"h":32.57,"l":32.53,"v":639.0,"Time":"2020-12-02T19:00:00Z","Interval":"5min","Figi":"BBG00C6H6D40"}
{"o":32.56,"c":32.58,"h":32.58,"l":32.53,"v":739.0,"Time":"2020-12-02T19:00:00Z","Interval":"5min","Figi":"BBG00C6H6D40"}
{"o":32.57,"c":32.57,"h":32.57,"l":32.57,"v":100.0,"Time":"2020-12-02T19:05:00Z","Interval":"5min","Figi":"BBG00C6H6D40"}
{"o":32.57,"c":32.53,"h":32.57,"l":32.53,"v":101.0,"Time":"2020-12-02T19:05:00Z","Interval":"5min","Figi":"BBG00C6H6D40"}
{"o":32.51,"c":32.51,"h":32.51,"l":32.51,"v":100.0,"Time":"2020-12-02T19:10:00Z","Interval":"5min","Figi":"BBG00C6H6D40"}
{"o":32.51,"c":32.49,"h":32.51,"l":32.49,"v":300.0,"Time":"2020-12-02T19:10:00Z","Interval":"5min","Figi":"BBG00C6H6D40"}
{"o":32.51,"c":32.49,"h":32.51,"l":32.49,"v":400.0,"Time":"2020-12-02T19:10:00Z","Interval":"5min","Figi":"BBG00C6H6D40"}
{"o":32.51,"c":32.46,"h":32.51,"l":32.46,"v":425.0,"Time":"2020-12-02T19:10:00Z","Interval":"5min","Figi":"BBG00C6H6D40"}
{"o":32.51,"c":32.42,"h":32.51,"l":32.42,"v":525.0,"Time":"2020-12-02T19:10:00Z","Interval":"5min","Figi":"BBG00C6H6D40"}
{"o":32.51,"c":32.48,"h":32.51,"l":32.42,"v":825.0,"Time":"2020-12-02T19:10:00Z","Interval":"5min","Figi":"BBG00C6H6D40"}
{"o":32.51,"c":32.48,"h":32.51,"l":32.42,"v":1215.0,"Time":"2020-12-02T19:10:00Z","Interval":"5min","Figi":"BBG00C6H6D40"}
{"o":32.51,"c":32.48,"h":32.51,"l":32.42,"v":1225.0,"Time":"2020-12-02T19:10:00Z","Interval":"5min","Figi":"BBG00C6H6D40"}
{"o":32.51,"c":32.49,"h":32.51,"l":32.42,"v":1325.0,"Time":"2020-12-02T19:10:00Z","Interval":"5min","Figi":"BBG00C6H6D40"}
{"o":32.51,"c":32.48,"h":32.51,"l":32.42,"v":1425.0,"Time":"2020-12-02T19:10:00Z","Interval":"5min","Figi":"BBG00C6H6D40"}
{"o":32.47,"c":32.47,"h":32.47,"l":32.47,"v":51.0,"Time":"2020-12-02T19:15:00Z","Interval":"5min","Figi":"BBG00C6H6D40"}
{"o":32.47,"c":32.48,"h":32.48,"l":32.47,"v":70.0,"Time":"2020-12-02T19:15:00Z","Interval":"5min","Figi":"BBG00C6H6D40"}
{"o":32.47,"c":32.48,"h":32.48,"l":32.47,"v":183.0,"Time":"2020-12-02T19:15:00Z","Interval":"5min","Figi":"BBG00C6H6D40"}
{"o":32.47,"c":32.49,"h":32.49,"l":32.47,"v":283.0,"Time":"2020-12-02T19:15:00Z","Interval":"5min","Figi":"BBG00C6H6D40"}
{"o":32.47,"c":32.5,"h":32.5,"l":32.47,"v":303.0,"Time":"2020-12-02T19:15:00Z","Interval":"5min","Figi":"BBG00C6H6D40"}
{"o":32.47,"c":32.51,"h":32.51,"l":32.47,"v":603.0,"Time":"2020-12-02T19:15:00Z","Interval":"5min","Figi":"BBG00C6H6D40"}
