{"o":139.4,"c":139.4,"h":139.4,"l":139.4,"v":2.0,"Time":"2020-11-25T08:25:00Z","Interval":"5min","Figi":"BBG000DQN9R3"}
{"o":138.17,"c":137.99,"h":138.17,"l":137.99,"v":2.0,"Time":"2020-11-25T11:35:00Z","Interval":"5min","Figi":"BBG000DQN9R3"}
{"o":138.17,"c":137.99,"h":138.17,"l":137.99,"v":2.0,"Time":"2020-11-25T11:35:00Z","Interval":"5min","Figi":"BBG000DQN9R3"}
{"o":138.17,"c":137.99,"h":138.17,"l":137.99,"v":2.0,"Time":"2020-11-25T11:35:00Z","Interval":"5min","Figi":"BBG000DQN9R3"}
{"o":138.55,"c":138.55,"h":138.55,"l":138.55,"v":36.0,"Time":"2020-11-25T14:30:00Z","Interval":"5min","Figi":"BBG000DQN9R3"}
{"o":138.55,"c":138.51,"h":138.55,"l":138.51,"v":47.0,"Time":"2020-11-25T14:30:00Z","Interval":"5min","Figi":"BBG000DQN9R3"}
{"o":138.55,"c":138.51,"h":138.55,"l":138.51,"v":207.0,"Time":"2020-11-25T14:30:00Z","Interval":"5min","Figi":"BBG000DQN9R3"}
{"o":138.55,"c":138.54,"h":138.55,"l":138.51,"v":1934.0,"Time":"2020-11-25T14:30:00Z","Interval":"5min","Figi":"BBG000DQN9R3"}
{"o":138.55,"c":138.95,"h":138.95,"l":138.51,"v":1940.0,"Time":"2020-11-25T14:30:00Z","Interval":"5min","Figi":"BBG000DQN9R3"}
{"o":138.55,"c":136.35,"h":138.95,"l":136.35,"v":1999.0,"Time":"2020-11-25T14:30:00Z","Interval":"5min","Figi":"BBG000DQN9R3"}
{"o":138.55,"c":136.35,"h":138.95,"l":136.35,"v":2058.0,"Time":"2020-11-25T14:30:00Z","Interval":"5min","Figi":"BBG000DQN9R3"}
{"o":138.55,"c":136.35,"h":138.95,"l":136.35,"v":2076.0,"Time":"2020-11-25T14:30:00Z","Interval":"5min","Figi":"BBG000DQN9R3"}
{"o":138.55,"c":136.35,"h":138.95,"l":136.35,"v":2094.0,"Time":"2020-11-25T14:30:00Z","Interval":"5min","Figi":"BBG000DQN9R3"}
{"o":138.55,"c":136.35,"h":138.95,"l":136.35,"v":2134.0,"Time":"2020-11-25T14:30:00Z","Interval":"5min","Figi":"BBG000DQN9R3"}
{"o":138.55,"c":137.02,"h":138.95,"l":136.35,"v":2234.0,"Time":"2020-11-25T14:30:00Z","Interval":"5min","Figi":"BBG000DQN9R3"}
{"o":138.55,"c":136.9,"h":138.95,"l":136.35,"v":2235.0,"Time":"2020-11-25T14:30:00Z","Interval":"5min","Figi":"BBG000DQN9R3"}
{"o":138.55,"c":136.94,"h":138.95,"l":136.35,"v":2236.0,"Time":"2020-11-25T14:30:00Z","Interval":"5min","Figi":"BBG000DQN9R3"}
{"o":138.55,"c":136.48,"h":138.95,"l":136.35,"v":2260.0,"Time":"2020-11-25T14:30:00Z","Interval":"5min","Figi":"BBG000DQN9R3"}
{"o":138.55,"c":136.44,"h":138.95,"l":136.35,"v":2360.0,"Time":"2020-11-25T14:30:00Z","Interval":"5min","Figi":"BBG000DQN9R3"}
{"o":135.83,"c":135.83,"h":135.83,"l":135.83,"v":1.0,"Time":"2020-11-25T14:35:00Z","Interval":"5min","Figi":"BBG000DQN9R3"}
{"o":135.83,"c":136.23,"h":136.23,"l":135.83,"v":36.0,"Time":"2020-11-25T14:35:00Z","Interval":"5min","Figi":"BBG000DQN9R3"}
{"o":135.83,"c":135.8,"h":136.23,"l":135.8,"v":37.0,"Time":"2020-11-25T14:35:00Z","Interval":"5min","Figi":"BBG000DQN9R3"}
{"o":135.78,"c":135.78,"h":135.78,"l":135.78,"v":33.0,"Time":"2020-11-25T14:40:00Z","Interval":"5min","Figi":"BBG000DQN9R3"}
{"o":135.78,"c":135.22,"h":135.78,"l":135.22,"v":146.0,"Time":"2020-11-25T14:40:00Z","Interval":"5min","Figi":"BBG000DQN9R3"}
{"o":135.78,"c":135.47,"h":135.78,"l":135.22,"v":147.0,"Time":"2020-11-25T14:40:00Z","Interval":"5min","Figi":"BBG000DQN9R3"}
{"o":135.78,"c":135.71,"h":135.78,"l":135.22,"v":246.0,"Time":"2020-11-25T14:40:00Z","Interval":"5min","Figi":"BBG000DQN9R3"}
{"o":135.78,"c":135.82,"h":135.82,"l":135.22,"v":446.0,"Time":"2020-11-25T14:40:00Z","Interval":"5min","Figi":"BBG000DQN9R3"}
{"o":135.78,"c":135.82,"h":135.82,"l":135.22,"v":446.0,"Time":"2020-11-25T14:40:00Z","Interval":"5min","Figi":"BBG000DQN9R3"}
{"o":135.78,"c":135.64,"h":135.82,"l":135.22,"v":546.0,"Time":"2020-11-25T14:40:00Z","Interval":"5min","Figi":"BBG000DQN9R3"}
{"o":135.34,"c":135.34,"h":135.34,"l":135.34,"v":52.0,"Time":"2020-11-25T14:45:00Z","Interval":"5min","Figi":"BBG000DQN9R3"}
{"o":135.34,"c":135.3,"h":135.45,"l":135.3,"v":109.0,"Time":"2020-11-25T14:45:00Z","Interval":"5min","Figi":"BBG000DQN9R3"}
{"o":135.34,"c":135.3,"h":135.45,"l":135.3,"v":111.0,"Time":"2020-11-25T14:45:00Z","Interval":"5min","Figi":"BBG000DQN9R3"}
{"o":135.34,"c":135.37,"h":135.45,"l":135.3,"v":160.0,"Time":"2020-11-25T14:45:00Z","Interval":"5min","Figi":"BBG000DQN9R3"}
{"o":135.34,"c":135.16,"h":135.45,"l":135.16,"v":284.0,"Time":"2020-11-25T14:45:00Z","Interval":"5min","Figi":"BBG000DQN9R3"}
{"o":135.34,"c":135.23,"h":135.45,"l":135.12,"v":304.0,"Time":"2020-11-25T14:45:00Z","Interval":"5min","Figi":"BBG000DQN9R3"}
{"o":135.12,"c":135.12,"h":135.12,"l":135.12,"v":125.0,"Time":"2020-11-25T14:50:00Z","Interval":"5min","Figi":"BBG000DQN9R3"}
{"o":135.12,"c":135.11,"h":135.12,"l":135.11,"v":282.0,"Time":"2020-11-25T14:50:00Z","Interval":"5min","Figi":"BBG000DQN9R3"}
{"o":135.12,"c":134.94,"h":135.12,"l":134.94,"v":283.0,"Time":"2020-11-25T14:50:00Z","Interval":"5min","Figi":"BBG000DQN9R3"}
{"o":135.12,"c":134.71,"h":135.12,"l":134.71,"v":383.0,"Time":"2020-11-25T14:50:00Z","Interval":"5min","Figi":"BBG000DQN9R3"}
{"o":135.12,"c":134.51,"h":135.12,"l":134.51,"v":685.0,"Time":"2020-11-25T14:50:00Z","Interval":"5min","Figi":"BBG000DQN9R3"}
{"o":135.12,"c":134.52,"h":135.12,"l":134.48,"v":734.0,"Time":"2020-11-25T14:50:00Z","Interval":"5min","Figi":"BBG000DQN9R3"}
{"o":135.12,"c":134.7,"h":135.12,"l":134.48,"v":834.0,"Time":"2020-11-25T14:50:00Z","Interval":"5min","Figi":"BBG000DQN9R3"}
{"o":135.12,"c":134.73,"h":135.12,"l":134.48,"v":835.0,"Time":"2020-11-25T14:50:00Z","Interval":"5min","Figi":"BBG000DQN9R3"}
{"o":135.12,"c":134.61,"h":135.12,"l":134.48,"v":1017.0,"Time":"2020-11-25T14:50:00Z","Interval":"5min","Figi":"BBG000DQN9R3"}
{"o":134.61,"c":134.6,"h":134.61,"l":134.6,"v":231.0,"Time":"2020-11-25T14:55:00Z","Interval":"5min","Figi":"BBG000DQN9R3"}
{"o":134.61,"c":134.59,"h":134.61,"l":134.59,"v":233.0,"Time":"2020-11-25T14:55:00Z","Interval":"5min","Figi":"BBG000DQN9R3"}
{"o":134.61,"c":134.7,"h":134.7,"l":134.59,"v":234.0,"Time":"2020-11-25T14:55:00Z","Interval":"5min","Figi":"BBG000DQN9R3"}
{"o":134.61,"c":134.76,"h":134.76,"l":134.59,"v":241.0,"Time":"2020-11-25T14:55:00Z","Interval":"5min","Figi":"BBG000DQN9R3"}
{"o":134.61,"c":134.87,"h":134.87,"l":134.59,"v":341.0,"Time":"2020-11-25T14:55:00Z","Interval":"5min","Figi":"BBG000DQN9R3"}
{"o":134.61,"c":135.05,"h":135.05,"l":134.59,"v":440.0,"Time":"2020-11-25T14:55:00Z","Interval":"5min","Figi":"BBG000DQN9R3"}
{"o":134.61,"c":135.01,"h":135.05,"l":134.59,"v":540.0,"Time":"2020-11-25T14:55:00Z","Interval":"5min","Figi":"BBG000DQN9R3"}
{"o":134.61,"c":135.06,"h":135.06,"l":134.59,"v":545.0,"Time":"2020-11-25T14:55:00Z","Interval":"5min","Figi":"BBG000DQN9R3"}
{"o":134.61,"c":135.06,"h":135.06,"l":134.59,"v":589.0,"Time":"2020-11-25T14:55:00Z","Interval":"5min","Figi":"BBG000DQN9R3"}
{"o":134.61,"c":134.85,"h":135.06,"l":134.59,"v":793.0,"Time":"2020-11-25T14:55:00Z","Interval":"5min","Figi":"BBG000DQN9R3"}
{"o":134.61,"c":134.85,"h":135.06,"l":134.59,"v":889.0,"Time":"2020-11-25T14:55:00Z","Interval":"5min","Figi":"BBG000DQN9R3"}
{"o":134.61,"c":134.84,"h":135.06,"l":134.59,"v":968.0,"Time":"2020-11-25T14:55:00Z","Interval":"5min","Figi":"BBG000DQN9R3"}
{"o":134.61,"c":134.93,"h":135.06,"l":134.59,"v":1068.0,"Time":"2020-11-25T14:55:00Z","Interval":"5min","Figi":"BBG000DQN9R3"}
{"o":134.61,"c":135.12,"h":135.12,"l":134.59,"v":1123.0,"Time":"2020-11-25T14:55:00Z","Interval":"5min","Figi":"BBG000DQN9R3"}
{"o":134.61,"c":135.12,"h":135.12,"l":134.59,"v":1268.0,"Time":"2020-11-25T14:55:00Z","Interval":"5min","Figi":"BBG000DQN9R3"}
{"o":134.61,"c":135.3,"h":135.3,"l":134.59,"v":1269.0,"Time":"2020-11-25T14:55:00Z","Interval":"5min","Figi":"BBG000DQN9R3"}
{"o":135.48,"c":135.78,"h":135.78,"l":135.48,"v":558.0,"Time":"2020-11-25T15:00:00Z","Interval":"5min","Figi":"BBG000DQN9R3"}
{"o":135.48,"c":135.65,"h":135.78,"l":135.48,"v":559.0,"Time":"2020-11-25T15:00:00Z","Interval":"5min","Figi":"BBG000DQN9R3"}
{"o":135.48,"c":135.64,"h":135.78,"l":135.48,"v":563.0,"Time":"2020-11-25T15:00:00Z","Interval":"5min","Figi":"BBG000DQN9R3"}
{"o":135.48,"c":135.76,"h":135.78,"l":135.48,"v":619.0,"Time":"2020-11-25T15:00:00Z","Interval":"5min","Figi":"BBG000DQN9R3"}
{"o":135.48,"c":135.77,"h":135.78,"l":135.48,"v":669.0,"Time":"2020-11-25T15:00:00Z","Interval":"5min","Figi":"BBG000DQN9R3"}
{"o":135.48,"c":135.75,"h":135.78,"l":135.48,"v":769.0,"Time":"2020-11-25T15:00:00Z","Interval":"5min","Figi":"BBG000DQN9R3"}
{"o":135.48,"c":135.75,"h":135.78,"l":135.48,"v":869.0,"Time":"2020-11-25T15:00:00Z","Interval":"5min","Figi":"BBG000DQN9R3"}
{"o":135.48,"c":135.75,"h":135.78,"l":135.48,"v":969.0,"Time":"2020-11-25T15:00:00Z","Interval":"5min","Figi":"BBG000DQN9R3"}
{"o":135.48,"c":135.77,"h":135.78,"l":135.48,"v":1119.0,"Time":"2020-11-25T15:00:00Z","Interval":"5min","Figi":"BBG000DQN9R3"}
{"o":135.48,"c":135.89,"h":135.89,"l":135.48,"v":1159.0,"Time":"2020-11-25T15:00:00Z","Interval":"5min","Figi":"BBG000DQN9R3"}
{"o":135.48,"c":135.84,"h":135.89,"l":135.48,"v":1259.0,"Time":"2020-11-25T15:00:00Z","Interval":"5min","Figi":"BBG000DQN9R3"}
{"o":135.48,"c":135.8,"h":135.89,"l":135.48,"v":1362.0,"Time":"2020-11-25T15:00:00Z","Interval":"5min","Figi":"BBG000DQN9R3"}
{"o":135.48,"c":135.73,"h":135.89,"l":135.48,"v":1574.0,"Time":"2020-11-25T15:00:00Z","Interval":"5min","Figi":"BBG000DQN9R3"}
{"o":135.48,"c":135.27,"h":135.89,"l":135.27,"v":1874.0,"Time":"2020-11-25T15:00:00Z","Interval":"5min","Figi":"BBG000DQN9R3"}
{"o":135.48,"c":135.26,"h":135.89,"l":135.26,"v":2309.0,"Time":"2020-11-25T15:00:00Z","Interval":"5min","Figi":"BBG000DQN9R3"}
{"o":135.48,"c":135.27,"h":135.89,"l":135.26,"v":2329.0,"Time":"2020-11-25T15:00:00Z","Interval":"5min","Figi":"BBG000DQN9R3"}
{"o":135.48,"c":135.39,"h":135.89,"l":135.26,"v":2529.0,"Time":"2020-11-25T15:00:00Z","Interval":"5min","Figi":"BBG000DQN9R3"}
{"o":135.48,"c":135.27,"h":135.89,"l":135.26,"v":3033.0,"Time":"2020-11-25T15:00:00Z","Interval":"5min","Figi":"BBG000DQN9R3"}
{"o":135.48,"c":135.26,"h":135.89,"l":135.26,"v":3233.0,"Time":"2020-11-25T15:00:00Z","Interval":"5min","Figi":"BBG000DQN9R3"}
{"o":135.48,"c":135.25,"h":135.89,"l":135.25,"v":3280.0,"Time":"2020-11-25T15:00:00Z","Interval":"5min","Figi":"BBG000DQN9R3"}
{"o":135.48,"c":135.48,"h":135.89,"l":135.25,"v":3380.0,"Time":"2020-11-25T15:00:00Z","Interval":"5min","Figi":"BBG000DQN9R3"}
{"o":135.48,"c":135.04,"h":135.89,"l":135.04,"v":3478.0,"Time":"2020-11-25T15:00:00Z","Interval":"5min","Figi":"BBG000DQN9R3"}
{"o":135.48,"c":135.47,"h":135.89,"l":135.04,"v":3578.0,"Time":"2020-11-25T15:00:00Z","Interval":"5min","Figi":"BBG000DQN9R3"}
{"o":135.48,"c":135.58,"h":135.89,"l":135.04,"v":3579.0,"Time":"2020-11-25T15:00:00Z","Interval":"5min","Figi":"BBG000DQN9R3"}
{"o":135.48,"c":135.6,"h":135.89,"l":135.04,"v":3580.0,"Time":"2020-11-25T15:00:00Z","Interval":"5min","Figi":"BBG000DQN9R3"}
{"o":135.48,"c":135.59,"h":135.89,"l":135.04,"v":3581.0,"Time":"2020-11-25T15:00:00Z","Interval":"5min","Figi":"BBG000DQN9R3"}
{"o":135.48,"c":135.6,"h":135.89,"l":135.04,"v":3583.0,"Time":"2020-11-25T15:00:00Z","Interval":"5min","Figi":"BBG000DQN9R3"}
{"o":135.48,"c":135.42,"h":135.89,"l":135.04,"v":3688.0,"Time":"2020-11-25T15:00:00Z","Interval":"5min","Figi":"BBG000DQN9R3"}
{"o":135.48,"c":135.42,"h":135.89,"l":135.04,"v":3752.0,"Time":"2020-11-25T15:00:00Z","Interval":"5min","Figi":"BBG000DQN9R3"}
{"o":135.48,"c":135.42,"h":135.89,"l":135.04,"v":3757.0,"Time":"2020-11-25T15:00:00Z","Interval":"5min","Figi":"BBG000DQN9R3"}
{"o":135.48,"c":135.29,"h":135.89,"l":135.04,"v":4049.0,"Time":"2020-11-25T15:00:00Z","Interval":"5min","Figi":"BBG000DQN9R3"}
{"o":135.48,"c":135.36,"h":135.89,"l":135.04,"v":4318.0,"Time":"2020-11-25T15:00:00Z","Interval":"5min","Figi":"BBG000DQN9R3"}
{"o":135.32,"c":135.32,"h":135.32,"l":135.32,"v":1.0,"Time":"2020-11-25T15:05:00Z","Interval":"5min","Figi":"BBG000DQN9R3"}
{"o":135.32,"c":135.32,"h":135.32,"l":135.32,"v":101.0,"Time":"2020-11-25T15:05:00Z","Interval":"5min","Figi":"BBG000DQN9R3"}
{"o":135.32,"c":135.32,"h":135.32,"l":135.32,"v":201.0,"Time":"2020-11-25T15:05:00Z","Interval":"5min","Figi":"BBG000DQN9R3"}
{"o":135.32,"c":135.32,"h":135.32,"l":135.32,"v":202.0,"Time":"2020-11-25T15:05:00Z","Interval":"5min","Figi":"BBG000DQN9R3"}
{"o":135.32,"c":135.32,"h":135.32,"l":135.32,"v":252.0,"Time":"2020-11-25T15:05:00Z","Interval":"5min","Figi":"BBG000DQN9R3"}
{"o":135.32,"c":135.32,"h":135.32,"l":135.32,"v":301.0,"Time":"2020-11-25T15:05:00Z","Interval":"5min","Figi":"BBG000DQN9R3"}
{"o":135.32,"c":135.36,"h":135.36,"l":135.32,"v":310.0,"Time":"2020-11-25T15:05:00Z","Interval":"5min","Figi":"BBG000DQN9R3"}
{"o":135.32,"c":135.36,"h":135.36,"l":135.32,"v":319.0,"Time":"2020-11-25T15:05:00Z","Interval":"5min","Figi":"BBG000DQN9R3"}
{"o":135.32,"c":135.36,"h":135.36,"l":135.32,"v":330.0,"Time":"2020-11-25T15:05:00Z","Interval":"5min","Figi":"BBG000DQN9R3"}
{"o":135.32,"c":135.36,"h":135.36,"l":135.32,"v":341.0,"Time":"2020-11-25T15:05:00Z","Interval":"5min","Figi":"BBG000DQN9R3"}
{"o":135.32,"c":135.49,"h":135.49,"l":135.32,"v":441.0,"Time":"2020-11-25T15:05:00Z","Interval":"5min","Figi":"BBG000DQN9R3"}
{"o":135.32,"c":135.56,"h":135.56,"l":135.32,"v":542.0,"Time":"2020-11-25T15:05:00Z","Interval":"5min","Figi":"BBG000DQN9R3"}
{"o":135.32,"c":135.55,"h":135.56,"l":135.32,"v":543.0,"Time":"2020-11-25T15:05:00Z","Interval":"5min","Figi":"BBG000DQN9R3"}
{"o":135.32,"c":135.82,"h":135.82,"l":135.32,"v":546.0,"Time":"2020-11-25T15:05:00Z","Interval":"5min","Figi":"BBG000DQN9R3"}
{"o":135.32,"c":135.82,"h":135.82,"l":135.32,"v":567.0,"Time":"2020-11-25T15:05:00Z","Interval":"5min","Figi":"BBG000DQN9R3"}
{"o":135.32,"c":135.94,"h":135.94,"l":135.32,"v":617.0,"Time":"2020-11-25T15:05:00Z","Interval":"5min","Figi":"BBG000DQN9R3"}
{"o":135.32,"c":136.14,"h":136.15,"l":135.32,"v":718.0,"Time":"2020-11-25T15:05:00Z","Interval":"5min","Figi":"BBG000DQN9R3"}
{"o":135.32,"c":135.91,"h":136.15,"l":135.32,"v":946.0,"Time":"2020-11-25T15:05:00Z","Interval":"5min","Figi":"BBG000DQN9R3"}
{"o":135.32,"c":135.81,"h":136.15,"l":135.32,"v":1154.0,"Time":"2020-11-25T15:05:00Z","Interval":"5min","Figi":"BBG000DQN9R3"}
{"o":135.32,"c":135.87,"h":136.15,"l":135.32,"v":1230.0,"Time":"2020-11-25T15:05:00Z","Interval":"5min","Figi":"BBG000DQN9R3"}
{"o":135.62,"c":135.49,"h":135.62,"l":135.49,"v":100.0,"Time":"2020-11-25T15:10:00Z","Interval":"5min","Figi":"BBG000DQN9R3"}
{"o":135.62,"c":135.75,"h":135.75,"l":135.49,"v":177.0,"Time":"2020-11-25T15:10:00Z","Interval":"5min","Figi":"BBG000DQN9R3"}
{"o":135.62,"c":135.86,"h":135.86,"l":135.49,"v":178.0,"Time":"2020-11-25T15:10:00Z","Interval":"5min","Figi":"BBG000DQN9R3"}
{"o":135.62,"c":135.59,"h":136.02,"l":135.49,"v":388.0,"Time":"2020-11-25T15:10:00Z","Interval":"5min","Figi":"BBG000DQN9R3"}
{"o":135.62,"c":135.83,"h":136.02,"l":135.49,"v":389.0,"Time":"2020-11-25T15:10:00Z","Interval":"5min","Figi":"BBG000DQN9R3"}
{"o":135.62,"c":135.83,"h":136.02,"l":135.49,"v":424.0,"Time":"2020-11-25T15:10:00Z","Interval":"5min","Figi":"BBG000DQN9R3"}
{"o":135.62,"c":135.88,"h":136.02,"l":135.49,"v":551.0,"Time":"2020-11-25T15:10:00Z","Interval":"5min","Figi":"BBG000DQN9R3"}
{"o":135.62,"c":135.75,"h":136.02,"l":135.49,"v":600.0,"Time":"2020-11-25T15:10:00Z","Interval":"5min","Figi":"BBG000DQN9R3"}
{"o":135.65,"c":135.61,"h":135.65,"l":135.61,"v":105.0,"Time":"2020-11-25T15:15:00Z","Interval":"5min","Figi":"BBG000DQN9R3"}
{"o":135.65,"c":135.76,"h":135.76,"l":135.61,"v":205.0,"Time":"2020-11-25T15:15:00Z","Interval":"5min","Figi":"BBG000DQN9R3"}
{"o":135.65,"c":135.78,"h":135.78,"l":135.61,"v":405.0,"Time":"2020-11-25T15:15:00Z","Interval":"5min","Figi":"BBG000DQN9R3"}
{"o":135.65,"c":135.67,"h":135.78,"l":135.61,"v":505.0,"Time":"2020-11-25T15:15:00Z","Interval":"5min","Figi":"BBG000DQN9R3"}
{"o":135.65,"c":135.78,"h":135.78,"l":135.5,"v":1047.0,"Time":"2020-11-25T15:15:00Z","Interval":"5min","Figi":"BBG000DQN9R3"}
{"o":135.65,"c":135.81,"h":135.81,"l":135.5,"v":1147.0,"Time":"2020-11-25T15:15:00Z","Interval":"5min","Figi":"BBG000DQN9R3"}
{"o":136.1,"c":136.1,"h":136.1,"l":136.1,"v":7.0,"Time":"2020-11-25T15:20:00Z","Interval":"5min","Figi":"BBG000DQN9R3"}
{"o":136.1,"c":136.1,"h":136.1,"l":136.1,"v":42.0,"Time":"2020-11-25T15:20:00Z","Interval":"5min","Figi":"BBG000DQN9R3"}
{"o":136.1,"c":136.1,"h":136.1,"l":136.1,"v":88.0,"Time":"2020-11-25T15:20:00Z","Interval":"5min","Figi":"BBG000DQN9R3"}
{"o":136.1,"c":136.1,"h":136.1,"l":136.1,"v":158.0,"Time":"2020-11-25T15:20:00Z","Interval":"5min","Figi":"BBG000DQN9R3"}
{"o":136.1,"c":136.12,"h":136.12,"l":136.1,"v":288.0,"Time":"2020-11-25T15:20:00Z","Interval":"5min","Figi":"BBG000DQN9R3"}
{"o":136.1,"c":136.12,"h":136.12,"l":136.1,"v":387.0,"Time":"2020-11-25T15:20:00Z","Interval":"5min","Figi":"BBG000DQN9R3"}
{"o":136.1,"c":136.12,"h":136.12,"l":136.1,"v":627.0,"Time":"2020-11-25T15:20:00Z","Interval":"5min","Figi":"BBG000DQN9R3"}
{"o":135.9,"c":135.9,"h":135.9,"l":135.9,"v":6.0,"Time":"2020-11-25T15:25:00Z","Interval":"5min","Figi":"BBG000DQN9R3"}
{"o":135.9,"c":135.83,"h":135.9,"l":135.83,"v":20.0,"Time":"2020-11-25T15:25:00Z","Interval":"5min","Figi":"BBG000DQN9R3"}
{"o":135.9,"c":135.73,"h":135.9,"l":135.73,"v":37.0,"Time":"2020-11-25T15:25:00Z","Interval":"5min","Figi":"BBG000DQN9R3"}
{"o":135.9,"c":135.74,"h":135.9,"l":135.73,"v":137.0,"Time":"2020-11-25T15:25:00Z","Interval":"5min","Figi":"BBG000DQN9R3"}
{"o":135.9,"c":135.74,"h":135.9,"l":135.73,"v":138.0,"Time":"2020-11-25T15:25:00Z","Interval":"5min","Figi":"BBG000DQN9R3"}
{"o":135.9,"c":135.98,"h":135.98,"l":135.73,"v":139.0,"Time":"2020-11-25T15:25:00Z","Interval":"5min","Figi":"BBG000DQN9R3"}
{"o":135.9,"c":135.88,"h":135.98,"l":135.73,"v":140.0,"Time":"2020-11-25T15:25:00Z","Interval":"5min","Figi":"BBG000DQN9R3"}
{"o":135.89,"c":135.89,"h":135.89,"l":135.89,"v":1.0,"Time":"2020-11-25T15:30:00Z","Interval":"5min","Figi":"BBG000DQN9R3"}
{"o":135.89,"c":135.69,"h":135.89,"l":135.69,"v":17.0,"Time":"2020-11-25T15:30:00Z","Interval":"5min","Figi":"BBG000DQN9R3"}
{"o":135.89,"c":135.69,"h":135.89,"l":135.69,"v":116.0,"Time":"2020-11-25T15:30:00Z","Interval":"5min","Figi":"BBG000DQN9R3"}
{"o":135.89,"c":135.76,"h":135.89,"l":135.69,"v":117.0,"Time":"2020-11-25T15:30:00Z","Interval":"5min","Figi":"BBG000DQN9R3"}
{"o":135.89,"c":135.78,"h":135.89,"l":135.69,"v":147.0,"Time":"2020-11-25T15:30:00Z","Interval":"5min","Figi":"BBG000DQN9R3"}
{"o":135.89,"c":135.92,"h":135.92,"l":135.69,"v":152.0,"Time":"2020-11-25T15:30:00Z","Interval":"5min","Figi":"BBG000DQN9R3"}
{"o":135.89,"c":135.77,"h":135.92,"l":135.69,"v":153.0,"Time":"2020-11-25T15:30:00Z","Interval":"5min","Figi":"BBG000DQN9R3"}
{"o":135.89,"c":135.93,"h":135.93,"l":135.69,"v":155.0,"Time":"2020-11-25T15:30:00Z","Interval":"5min","Figi":"BBG000DQN9R3"}
{"o":135.89,"c":135.97,"h":135.97,"l":135.69,"v":227.0,"Time":"2020-11-25T15:30:00Z","Interval":"5min","Figi":"BBG000DQN9R3"}
{"o":135.89,"c":136.26,"h":136.26,"l":135.69,"v":228.0,"Time":"2020-11-25T15:30:00Z","Interval":"5min","Figi":"BBG000DQN9R3"}
{"o":136.12,"c":136.12,"h":136.12,"l":136.12,"v":1.0,"Time":"2020-11-25T15:35:00Z","Interval":"5min","Figi":"BBG000DQN9R3"}
{"o":136.12,"c":136.01,"h":136.12,"l":136.01,"v":2.0,"Time":"2020-11-25T15:35:00Z","Interval":"5min","Figi":"BBG000DQN9R3"}
{"o":136.12,"c":135.82,"h":136.12,"l":135.82,"v":193.0,"Time":"2020-11-25T15:35:00Z","Interval":"5min","Figi":"BBG000DQN9R3"}
{"o":136.12,"c":135.64,"h":136.12,"l":135.64,"v":194.0,"Time":"2020-11-25T15:35:00Z","Interval":"5min","Figi":"BBG000DQN9R3"}
{"o":136.12,"c":135.65,"h":136.12,"l":135.64,"v":522.0,"Time":"2020-11-25T15:35:00Z","Interval":"5min","Figi":"BBG000DQN9R3"}
{"o":136.12,"c":135.65,"h":136.12,"l":135.64,"v":622.0,"Time":"2020-11-25T15:35:00Z","Interval":"5min","Figi":"BBG000DQN9R3"}
{"o":136.12,"c":135.65,"h":136.12,"l":135.64,"v":623.0,"Time":"2020-11-25T15:35:00Z","Interval":"5min","Figi":"BBG000DQN9R3"}
{"o":136.12,"c":135.65,"h":136.12,"l":135.64,"v":624.0,"Time":"2020-11-25T15:35:00Z","Interval":"5min","Figi":"BBG000DQN9R3"}
{"o":135.57,"c":135.57,"h":135.57,"l":135.57,"v":8.0,"Time":"2020-11-25T15:40:00Z","Interval":"5min","Figi":"BBG000DQN9R3"}
{"o":135.57,"c":135.62,"h":135.67,"l":135.57,"v":219.0,"Time":"2020-11-25T15:40:00Z","Interval":"5min","Figi":"BBG000DQN9R3"}
{"o":135.57,"c":135.58,"h":135.67,"l":135.57,"v":220.0,"Time":"2020-11-25T15:40:00Z","Interval":"5min","Figi":"BBG000DQN9R3"}
{"o":135.57,"c":135.5,"h":135.67,"l":135.5,"v":363.0,"Time":"2020-11-25T15:40:00Z","Interval":"5min","Figi":"BBG000DQN9R3"}
{"o":135.57,"c":135.5,"h":135.67,"l":135.5,"v":380.0,"Time":"2020-11-25T15:40:00Z","Interval":"5min","Figi":"BBG000DQN9R3"}
{"o":135.57,"c":135.47,"h":135.67,"l":135.47,"v":387.0,"Time":"2020-11-25T15:40:00Z","Interval":"5min","Figi":"BBG000DQN9R3"}
{"o":135.57,"c":135.4,"h":135.67,"l":135.4,"v":1155.0,"Time":"2020-11-25T15:40:00Z","Interval":"5min","Figi":"BBG000DQN9R3"}
{"o":135.57,"c":135.4,"h":135.67,"l":135.4,"v":1551.0,"Time":"2020-11-25T15:40:00Z","Interval":"5min","Figi":"BBG000DQN9R3"}
{"o":135.57,"c":135.4,"h":135.67,"l":135.4,"v":1667.0,"Time":"2020-11-25T15:40:00Z","Interval":"5min","Figi":"BBG000DQN9R3"}
{"o":135.57,"c":135.4,"h":135.67,"l":135.4,"v":2694.0,"Time":"2020-11-25T15:40:00Z","Interval":"5min","Figi":"BBG000DQN9R3"}
{"o":135.57,"c":135.4,"h":135.67,"l":135.4,"v":3053.0,"Time":"2020-11-25T15:40:00Z","Interval":"5min","Figi":"BBG000DQN9R3"}
{"o":135.57,"c":135.41,"h":135.67,"l":135.4,"v":3363.0,"Time":"2020-11-25T15:40:00Z","Interval":"5min","Figi":"BBG000DQN9R3"}
{"o":135.57,"c":135.4,"h":135.67,"l":135.4,"v":3524.0,"Time":"2020-11-25T15:40:00Z","Interval":"5min","Figi":"BBG000DQN9R3"}
{"o":135.57,"c":135.4,"h":135.67,"l":135.4,"v":3824.0,"Time":"2020-11-25T15:40:00Z","Interval":"5min","Figi":"BBG000DQN9R3"}
{"o":135.57,"c":135.4,"h":135.67,"l":135.4,"v":4330.0,"Time":"2020-11-25T15:40:00Z","Interval":"5min","Figi":"BBG000DQN9R3"}
{"o":135.57,"c":135.4,"h":135.67,"l":135.4,"v":5861.0,"Time":"2020-11-25T15:40:00Z","Interval":"5min","Figi":"BBG000DQN9R3"}
{"o":135.57,"c":135.48,"h":135.67,"l":135.4,"v":5911.0,"Time":"2020-11-25T15:40:00Z","Interval":"5min","Figi":"BBG000DQN9R3"}
{"o":135.57,"c":135.49,"h":135.67,"l":135.4,"v":6025.0,"Time":"2020-11-25T15:40:00Z","Interval":"5min","Figi":"BBG000DQN9R3"}
{"o":135.55,"c":135.56,"h":135.56,"l":135.55,"v":149.0,"Time":"2020-11-25T15:45:00Z","Interval":"5min","Figi":"BBG000DQN9R3"}
{"o":135.55,"c":135.69,"h":135.69,"l":135.55,"v":150.0,"Time":"2020-11-25T15:45:00Z","Interval":"5min","Figi":"BBG000DQN9R3"}
{"o":135.55,"c":135.66,"h":135.69,"l":135.55,"v":335.0,"Time":"2020-11-25T15:45:00Z","Interval":"5min","Figi":"BBG000DQN9R3"}
{"o":135.55,"c":135.76,"h":135.76,"l":135.55,"v":336.0,"Time":"2020-11-25T15:45:00Z","Interval":"5min","Figi":"BBG000DQN9R3"}
{"o":135.55,"c":135.72,"h":135.76,"l":135.55,"v":337.0,"Time":"2020-11-25T15:45:00Z","Interval":"5min","Figi":"BBG000DQN9R3"}
{"o":135.55,"c":135.71,"h":135.76,"l":135.55,"v":338.0,"Time":"2020-11-25T15:45:00Z","Interval":"5min","Figi":"BBG000DQN9R3"}
{"o":135.55,"c":135.6,"h":135.76,"l":135.55,"v":643.0,"Time":"2020-11-25T15:45:00Z","Interval":"5min","Figi":"BBG000DQN9R3"}
{"o":135.55,"c":135.6,"h":135.76,"l":135.55,"v":843.0,"Time":"2020-11-25T15:45:00Z","Interval":"5min","Figi":"BBG000DQN9R3"}
{"o":135.6,"c":135.6,"h":135.6,"l":135.6,"v":1.0,"Time":"2020-11-25T15:50:00Z","Interval":"5min","Figi":"BBG000DQN9R3"}
{"o":135.6,"c":135.67,"h":135.67,"l":135.6,"v":102.0,"Time":"2020-11-25T15:50:00Z","Interval":"5min","Figi":"BBG000DQN9R3"}
{"o":135.6,"c":135.76,"h":135.76,"l":135.6,"v":300.0,"Time":"2020-11-25T15:50:00Z","Interval":"5min","Figi":"BBG000DQN9R3"}
{"o":135.6,"c":135.92,"h":135.92,"l":135.6,"v":384.0,"Time":"2020-11-25T15:50:00Z","Interval":"5min","Figi":"BBG000DQN9R3"}
{"o":135.6,"c":135.83,"h":135.92,"l":135.6,"v":387.0,"Time":"2020-11-25T15:50:00Z","Interval":"5min","Figi":"BBG000DQN9R3"}
{"o":135.6,"c":135.83,"h":135.92,"l":135.6,"v":389.0,"Time":"2020-11-25T15:50:00Z","Interval":"5min","Figi":"BBG000DQN9R3"}
{"o":135.82,"c":135.82,"h":135.82,"l":135.82,"v":106.0,"Time":"2020-11-25T15:55:00Z","Interval":"5min","Figi":"BBG000DQN9R3"}
{"o":135.82,"c":135.72,"h":135.82,"l":135.72,"v":107.0,"Time":"2020-11-25T15:55:00Z","Interval":"5min","Figi":"BBG000DQN9R3"}
{"o":135.82,"c":135.66,"h":135.82,"l":135.66,"v":132.0,"Time":"2020-11-25T15:55:00Z","Interval":"5min","Figi":"BBG000DQN9R3"}
{"o":135.82,"c":135.65,"h":135.82,"l":135.65,"v":133.0,"Time":"2020-11-25T15:55:00Z","Interval":"5min","Figi":"BBG000DQN9R3"}
{"o":135.82,"c":135.79,"h":135.82,"l":135.65,"v":233.0,"Time":"2020-11-25T15:55:00Z","Interval":"5min","Figi":"BBG000DQN9R3"}
{"o":135.72,"c":135.76,"h":135.76,"l":135.72,"v":200.0,"Time":"2020-11-25T16:00:00Z","Interval":"5min","Figi":"BBG000DQN9R3"}
{"o":135.72,"c":135.75,"h":135.76,"l":135.72,"v":201.0,"Time":"2020-11-25T16:00:00Z","Interval":"5min","Figi":"BBG000DQN9R3"}
{"o":135.72,"c":135.7,"h":135.76,"l":135.7,"v":730.0,"Time":"2020-11-25T16:00:00Z","Interval":"5min","Figi":"BBG000DQN9R3"}
{"o":135.72,"c":135.63,"h":135.76,"l":135.63,"v":731.0,"Time":"2020-11-25T16:00:00Z","Interval":"5min","Figi":"BBG000DQN9R3"}
{"o":135.72,"c":135.43,"h":135.76,"l":135.43,"v":939.0,"Time":"2020-11-25T16:00:00Z","Interval":"5min","Figi":"BBG000DQN9R3"}
{"o":135.37,"c":135.37,"h":135.37,"l":135.37,"v":1.0,"Time":"2020-11-25T16:05:00Z","Interval":"5min","Figi":"BBG000DQN9R3"}
{"o":135.37,"c":135.36,"h":135.37,"l":135.36,"v":2.0,"Time":"2020-11-25T16:05:00Z","Interval":"5min","Figi":"BBG000DQN9R3"}
{"o":135.37,"c":135.42,"h":135.42,"l":135.34,"v":4.0,"Time":"2020-11-25T16:05:00Z","Interval":"5min","Figi":"BBG000DQN9R3"}
{"o":135.37,"c":135.42,"h":135.42,"l":135.34,"v":103.0,"Time":"2020-11-25T16:05:00Z","Interval":"5min","Figi":"BBG000DQN9R3"}
{"o":135.37,"c":135.39,"h":135.42,"l":135.34,"v":152.0,"Time":"2020-11-25T16:05:00Z","Interval":"5min","Figi":"BBG000DQN9R3"}
{"o":135.37,"c":135.42,"h":135.42,"l":135.34,"v":302.0,"Time":"2020-11-25T16:05:00Z","Interval":"5min","Figi":"BBG000DQN9R3"}
{"o":135.37,"c":135.45,"h":135.45,"l":135.34,"v":303.0,"Time":"2020-11-25T16:05:00Z","Interval":"5min","Figi":"BBG000DQN9R3"}
{"o":135.37,"c":135.59,"h":135.59,"l":135.34,"v":318.0,"Time":"2020-11-25T16:05:00Z","Interval":"5min","Figi":"BBG000DQN9R3"}
{"o":135.37,"c":135.63,"h":135.63,"l":135.34,"v":319.0,"Time":"2020-11-25T16:05:00Z","Interval":"5min","Figi":"BBG000DQN9R3"}
{"o":135.74,"c":135.75,"h":135.75,"l":135.74,"v":99.0,"Time":"2020-11-25T16:10:00Z","Interval":"5min","Figi":"BBG000DQN9R3"}
{"o":135.74,"c":135.74,"h":135.75,"l":135.74,"v":107.0,"Time":"2020-11-25T16:10:00Z","Interval":"5min","Figi":"BBG000DQN9R3"}
{"o":135.74,"c":135.9,"h":135.9,"l":135.74,"v":108.0,"Time":"2020-11-25T16:10:00Z","Interval":"5min","Figi":"BBG000DQN9R3"}
{"o":135.74,"c":135.9,"h":135.9,"l":135.74,"v":109.0,"Time":"2020-11-25T16:10:00Z","Interval":"5min","Figi":"BBG000DQN9R3"}
{"o":135.74,"c":135.86,"h":135.9,"l":135.74,"v":110.0,"Time":"2020-11-25T16:10:00Z","Interval":"5min","Figi":"BBG000DQN9R3"}
{"o":135.74,"c":135.74,"h":135.9,"l":135.74,"v":121.0,"Time":"2020-11-25T16:10:00Z","Interval":"5min","Figi":"BBG000DQN9R3"}
{"o":135.74,"c":135.67,"h":135.9,"l":135.67,"v":122.0,"Time":"2020-11-25T16:10:00Z","Interval":"5min","Figi":"BBG000DQN9R3"}
{"o":135.6,"c":135.6,"h":135.6,"l":135.6,"v":1.0,"Time":"2020-11-25T16:15:00Z","Interval":"5min","Figi":"BBG000DQN9R3"}
{"o":135.6,"c":135.67,"h":135.67,"l":135.6,"v":2.0,"Time":"2020-11-25T16:15:00Z","Interval":"5min","Figi":"BBG000DQN9R3"}
{"o":135.6,"c":135.52,"h":135.67,"l":135.52,"v":10.0,"Time":"2020-11-25T16:15:00Z","Interval":"5min","Figi":"BBG000DQN9R3"}
{"o":135.6,"c":135.62,"h":135.67,"l":135.52,"v":11.0,"Time":"2020-11-25T16:15:00Z","Interval":"5min","Figi":"BBG000DQN9R3"}
{"o":135.6,"c":135.52,"h":135.67,"l":135.52,"v":32.0,"Time":"2020-11-25T16:15:00Z","Interval":"5min","Figi":"BBG000DQN9R3"}
{"o":135.6,"c":135.66,"h":135.67,"l":135.52,"v":91.0,"Time":"2020-11-25T16:15:00Z","Interval":"5min","Figi":"BBG000DQN9R3"}
{"o":135.6,"c":135.68,"h":135.68,"l":135.52,"v":334.0,"Time":"2020-11-25T16:15:00Z","Interval":"5min","Figi":"BBG000DQN9R3"}
{"o":135.6,"c":135.74,"h":135.74,"l":135.52,"v":434.0,"Time":"2020-11-25T16:15:00Z","Interval":"5min","Figi":"BBG000DQN9R3"}
{"o":135.6,"c":135.74,"h":135.74,"l":135.52,"v":435.0,"Time":"2020-11-25T16:15:00Z","Interval":"5min","Figi":"BBG000DQN9R3"}
{"o":135.73,"c":135.73,"h":135.73,"l":135.73,"v":1.0,"Time":"2020-11-25T16:20:00Z","Interval":"5min","Figi":"BBG000DQN9R3"}
{"o":135.73,"c":135.71,"h":135.73,"l":135.71,"v":2.0,"Time":"2020-11-25T16:20:00Z","Interval":"5min","Figi":"BBG000DQN9R3"}
{"o":135.73,"c":135.62,"h":135.73,"l":135.62,"v":7.0,"Time":"2020-11-25T16:20:00Z","Interval":"5min","Figi":"BBG000DQN9R3"}
{"o":135.75,"c":135.75,"h":135.75,"l":135.75,"v":1.0,"Time":"2020-11-25T16:25:00Z","Interval":"5min","Figi":"BBG000DQN9R3"}
{"o":135.75,"c":135.71,"h":135.75,"l":135.71,"v":2.0,"Time":"2020-11-25T16:25:00Z","Interval":"5min","Figi":"BBG000DQN9R3"}
{"o":135.75,"c":135.6,"h":135.75,"l":135.6,"v":13.0,"Time":"2020-11-25T16:25:00Z","Interval":"5min","Figi":"BBG000DQN9R3"}
{"o":135.75,"c":135.56,"h":135.75,"l":135.56,"v":41.0,"Time":"2020-11-25T16:25:00Z","Interval":"5min","Figi":"BBG000DQN9R3"}
{"o":135.75,"c":135.56,"h":135.75,"l":135.56,"v":53.0,"Time":"2020-11-25T16:25:00Z","Interval":"5min","Figi":"BBG000DQN9R3"}
{"o":135.75,"c":135.6,"h":135.75,"l":135.56,"v":54.0,"Time":"2020-11-25T16:25:00Z","Interval":"5min","Figi":"BBG000DQN9R3"}
{"o":135.75,"c":135.66,"h":135.75,"l":135.56,"v":252.0,"Time":"2020-11-25T16:25:00Z","Interval":"5min","Figi":"BBG000DQN9R3"}
{"o":135.98,"c":135.98,"h":135.98,"l":135.98,"v":20.0,"Time":"2020-11-25T16:30:00Z","Interval":"5min","Figi":"BBG000DQN9R3"}
{"o":135.98,"c":135.96,"h":135.99,"l":135.96,"v":24.0,"Time":"2020-11-25T16:30:00Z","Interval":"5min","Figi":"BBG000DQN9R3"}
{"o":135.98,"c":135.88,"h":135.99,"l":135.88,"v":25.0,"Time":"2020-11-25T16:30:00Z","Interval":"5min","Figi":"BBG000DQN9R3"}
{"o":135.98,"c":135.86,"h":135.99,"l":135.86,"v":26.0,"Time":"2020-11-25T16:30:00Z","Interval":"5min","Figi":"BBG000DQN9R3"}
{"o":135.98,"c":135.92,"h":135.99,"l":135.86,"v":27.0,"Time":"2020-11-25T16:30:00Z","Interval":"5min","Figi":"BBG000DQN9R3"}
{"o":135.93,"c":135.93,"h":135.93,"l":135.93,"v":4.0,"Time":"2020-11-25T16:35:00Z","Interval":"5min","Figi":"BBG000DQN9R3"}
{"o":135.93,"c":135.94,"h":135.94,"l":135.93,"v":5.0,"Time":"2020-11-25T16:35:00Z","Interval":"5min","Figi":"BBG000DQN9R3"}
{"o":135.93,"c":135.84,"h":135.94,"l":135.84,"v":33.0,"Time":"2020-11-25T16:35:00Z","Interval":"5min","Figi":"BBG000DQN9R3"}
{"o":135.93,"c":135.82,"h":135.94,"l":135.82,"v":65.0,"Time":"2020-11-25T16:35:00Z","Interval":"5min","Figi":"BBG000DQN9R3"}
{"o":135.93,"c":135.73,"h":135.94,"l":135.73,"v":123.0,"Time":"2020-11-25T16:35:00Z","Interval":"5min","Figi":"BBG000DQN9R3"}
{"o":135.93,"c":135.72,"h":135.94,"l":135.72,"v":133.0,"Time":"2020-11-25T16:35:00Z","Interval":"5min","Figi":"BBG000DQN9R3"}
{"o":135.93,"c":135.72,"h":135.94,"l":135.72,"v":173.0,"Time":"2020-11-25T16:35:00Z","Interval":"5min","Figi":"BBG000DQN9R3"}
{"o":135.93,"c":135.54,"h":135.94,"l":135.54,"v":372.0,"Time":"2020-11-25T16:35:00Z","Interval":"5min","Figi":"BBG000DQN9R3"}
{"o":135.93,"c":135.68,"h":135.94,"l":135.54,"v":972.0,"Time":"2020-11-25T16:35:00Z","Interval":"5min","Figi":"BBG000DQN9R3"}
{"o":135.93,"c":135.5,"h":135.94,"l":135.5,"v":1045.0,"Time":"2020-11-25T16:35:00Z","Interval":"5min","Figi":"BBG000DQN9R3"}
{"o":135.93,"c":135.46,"h":135.94,"l":135.46,"v":1225.0,"Time":"2020-11-25T16:35:00Z","Interval":"5min","Figi":"BBG000DQN9R3"}
{"o":135.93,"c":135.35,"h":135.94,"l":135.35,"v":1325.0,"Time":"2020-11-25T16:35:00Z","Interval":"5min","Figi":"BBG000DQN9R3"}
{"o":135.58,"c":135.58,"h":135.58,"l":135.58,"v":30.0,"Time":"2020-11-25T16:40:00Z","Interval":"5min","Figi":"BBG000DQN9R3"}
{"o":135.58,"c":135.58,"h":135.58,"l":135.58,"v":50.0,"Time":"2020-11-25T16:40:00Z","Interval":"5min","Figi":"BBG000DQN9R3"}
{"o":135.58,"c":135.62,"h":135.62,"l":135.58,"v":140.0,"Time":"2020-11-25T16:40:00Z","Interval":"5min","Figi":"BBG000DQN9R3"}
{"o":135.58,"c":135.55,"h":135.62,"l":135.55,"v":150.0,"Time":"2020-11-25T16:40:00Z","Interval":"5min","Figi":"BBG000DQN9R3"}
{"o":135.58,"c":135.49,"h":135.62,"l":135.49,"v":183.0,"Time":"2020-11-25T16:40:00Z","Interval":"5min","Figi":"BBG000DQN9R3"}
{"o":135.58,"c":135.52,"h":135.62,"l":135.44,"v":307.0,"Time":"2020-11-25T16:40:00Z","Interval":"5min","Figi":"BBG000DQN9R3"}
{"o":135.65,"c":135.65,"h":135.65,"l":135.65,"v":100.0,"Time":"2020-11-25T16:45:00Z","Interval":"5min","Figi":"BBG000DQN9R3"}
{"o":135.65,"c":135.87,"h":135.87,"l":135.65,"v":210.0,"Time":"2020-11-25T16:45:00Z","Interval":"5min","Figi":"BBG000DQN9R3"}
{"o":135.65,"c":135.93,"h":135.93,"l":135.65,"v":227.0,"Time":"2020-11-25T16:45:00Z","Interval":"5min","Figi":"BBG000DQN9R3"}
{"o":135.65,"c":135.96,"h":135.96,"l":135.65,"v":307.0,"Time":"2020-11-25T16:45:00Z","Interval":"5min","Figi":"BBG000DQN9R3"}
{"o":135.65,"c":136.26,"h":136.26,"l":135.65,"v":313.0,"Time":"2020-11-25T16:45:00Z","Interval":"5min","Figi":"BBG000DQN9R3"}
{"o":136.51,"c":136.65,"h":136.65,"l":136.51,"v":102.0,"Time":"2020-11-25T16:50:00Z","Interval":"5min","Figi":"BBG000DQN9R3"}
{"o":136.51,"c":136.53,"h":136.65,"l":136.51,"v":107.0,"Time":"2020-11-25T16:50:00Z","Interval":"5min","Figi":"BBG000DQN9R3"}
{"o":136.51,"c":136.68,"h":136.68,"l":136.51,"v":152.0,"Time":"2020-11-25T16:50:00Z","Interval":"5min","Figi":"BBG000DQN9R3"}
{"o":136.51,"c":136.55,"h":136.68,"l":136.51,"v":270.0,"Time":"2020-11-25T16:50:00Z","Interval":"5min","Figi":"BBG000DQN9R3"}
{"o":136.51,"c":136.64,"h":136.68,"l":136.51,"v":526.0,"Time":"2020-11-25T16:50:00Z","Interval":"5min","Figi":"BBG000DQN9R3"}
{"o":136.53,"c":136.53,"h":136.53,"l":136.53,"v":70.0,"Time":"2020-11-25T16:55:00Z","Interval":"5min","Figi":"BBG000DQN9R3"}
{"o":136.53,"c":136.63,"h":136.63,"l":136.53,"v":90.0,"Time":"2020-11-25T16:55:00Z","Interval":"5min","Figi":"BBG000DQN9R3"}
{"o":136.53,"c":136.71,"h":136.71,"l":136.53,"v":348.0,"Time":"2020-11-25T16:55:00Z","Interval":"5min","Figi":"BBG000DQN9R3"}
{"o":136.53,"c":136.71,"h":136.71,"l":136.53,"v":429.0,"Time":"2020-11-25T16:55:00Z","Interval":"5min","Figi":"BBG000DQN9R3"}
{"o":136.53,"c":136.71,"h":136.71,"l":136.53,"v":459.0,"Time":"2020-11-25T16:55:00Z","Interval":"5min","Figi":"BBG000DQN9R3"}
{"o":136.53,"c":136.6,"h":136.71,"l":136.53,"v":642.0,"Time":"2020-11-25T16:55:00Z","Interval":"5min","Figi":"BBG000DQN9R3"}
{"o":136.72,"c":136.72,"h":136.72,"l":136.72,"v":40.0,"Time":"2020-11-25T17:00:00Z","Interval":"5min","Figi":"BBG000DQN9R3"}
{"o":136.72,"c":136.88,"h":136.88,"l":136.72,"v":100.0,"Time":"2020-11-25T17:00:00Z","Interval":"5min","Figi":"BBG000DQN9R3"}
{"o":136.72,"c":136.88,"h":136.88,"l":136.72,"v":140.0,"Time":"2020-11-25T17:00:00Z","Interval":"5min","Figi":"BBG000DQN9R3"}
{"o":136.72,"c":136.83,"h":136.88,"l":136.72,"v":150.0,"Time":"2020-11-25T17:00:00Z","Interval":"5min","Figi":"BBG000DQN9R3"}
{"o":136.72,"c":136.9,"h":136.9,"l":136.72,"v":250.0,"Time":"2020-11-25T17:00:00Z","Interval":"5min","Figi":"BBG000DQN9R3"}
{"o":136.72,"c":136.9,"h":136.9,"l":136.72,"v":424.0,"Time":"2020-11-25T17:00:00Z","Interval":"5min","Figi":"BBG000DQN9R3"}
{"o":136.72,"c":136.89,"h":136.9,"l":136.72,"v":524.0,"Time":"2020-11-25T17:00:00Z","Interval":"5min","Figi":"BBG000DQN9R3"}
{"o":136.72,"c":136.9,"h":136.9,"l":136.72,"v":568.0,"Time":"2020-11-25T17:00:00Z","Interval":"5min","Figi":"BBG000DQN9R3"}
{"o":136.72,"c":136.97,"h":136.97,"l":136.72,"v":714.0,"Time":"2020-11-25T17:00:00Z","Interval":"5min","Figi":"BBG000DQN9R3"}
{"o":136.72,"c":136.95,"h":136.97,"l":136.72,"v":715.0,"Time":"2020-11-25T17:00:00Z","Interval":"5min","Figi":"BBG000DQN9R3"}
{"o":136.72,"c":136.87,"h":136.97,"l":136.72,"v":818.0,"Time":"2020-11-25T17:00:00Z","Interval":"5min","Figi":"BBG000DQN9R3"}
{"o":136.72,"c":136.97,"h":136.97,"l":136.72,"v":821.0,"Time":"2020-11-25T17:00:00Z","Interval":"5min","Figi":"BBG000DQN9R3"}
{"o":136.72,"c":137.01,"h":137.01,"l":136.72,"v":822.0,"Time":"2020-11-25T17:00:00Z","Interval":"5min","Figi":"BBG000DQN9R3"}
{"o":136.72,"c":136.93,"h":137.01,"l":136.72,"v":823.0,"Time":"2020-11-25T17:00:00Z","Interval":"5min","Figi":"BBG000DQN9R3"}
{"o":136.72,"c":136.86,"h":137.01,"l":136.72,"v":848.0,"Time":"2020-11-25T17:00:00Z","Interval":"5min","Figi":"BBG000DQN9R3"}
{"o":136.72,"c":136.73,"h":137.01,"l":136.72,"v":1153.0,"Time":"2020-11-25T17:00:00Z","Interval":"5min","Figi":"BBG000DQN9R3"}
{"o":136.87,"c":136.87,"h":136.87,"l":136.87,"v":1.0,"Time":"2020-11-25T17:05:00Z","Interval":"5min","Figi":"BBG000DQN9R3"}
{"o":136.87,"c":136.72,"h":136.87,"l":136.72,"v":62.0,"Time":"2020-11-25T17:05:00Z","Interval":"5min","Figi":"BBG000DQN9R3"}
{"o":136.87,"c":136.71,"h":136.87,"l":136.71,"v":100.0,"Time":"2020-11-25T17:05:00Z","Interval":"5min","Figi":"BBG000DQN9R3"}
{"o":136.87,"c":136.9,"h":136.9,"l":136.71,"v":101.0,"Time":"2020-11-25T17:05:00Z","Interval":"5min","Figi":"BBG000DQN9R3"}
{"o":136.87,"c":136.9,"h":136.9,"l":136.71,"v":102.0,"Time":"2020-11-25T17:05:00Z","Interval":"5min","Figi":"BBG000DQN9R3"}
{"o":136.87,"c":137.0,"h":137.0,"l":136.71,"v":107.0,"Time":"2020-11-25T17:05:00Z","Interval":"5min","Figi":"BBG000DQN9R3"}
{"o":136.87,"c":136.98,"h":137.02,"l":136.71,"v":426.0,"Time":"2020-11-25T17:05:00Z","Interval":"5min","Figi":"BBG000DQN9R3"}
{"o":136.87,"c":136.89,"h":137.02,"l":136.71,"v":427.0,"Time":"2020-11-25T17:05:00Z","Interval":"5min","Figi":"BBG000DQN9R3"}
{"o":136.97,"c":136.97,"h":136.97,"l":136.97,"v":111.0,"Time":"2020-11-25T17:10:00Z","Interval":"5min","Figi":"BBG000DQN9R3"}
{"o":136.97,"c":137.02,"h":137.02,"l":136.97,"v":116.0,"Time":"2020-11-25T17:10:00Z","Interval":"5min","Figi":"BBG000DQN9R3"}
{"o":136.97,"c":137.02,"h":137.02,"l":136.97,"v":136.0,"Time":"2020-11-25T17:10:00Z","Interval":"5min","Figi":"BBG000DQN9R3"}
{"o":136.97,"c":136.99,"h":137.02,"l":136.97,"v":137.0,"Time":"2020-11-25T17:10:00Z","Interval":"5min","Figi":"BBG000DQN9R3"}
{"o":136.97,"c":136.88,"h":137.02,"l":136.88,"v":138.0,"Time":"2020-11-25T17:10:00Z","Interval":"5min","Figi":"BBG000DQN9R3"}
{"o":136.97,"c":136.88,"h":137.02,"l":136.88,"v":141.0,"Time":"2020-11-25T17:10:00Z","Interval":"5min","Figi":"BBG000DQN9R3"}
{"o":136.97,"c":136.78,"h":137.02,"l":136.78,"v":163.0,"Time":"2020-11-25T17:10:00Z","Interval":"5min","Figi":"BBG000DQN9R3"}
{"o":136.97,"c":136.86,"h":137.02,"l":136.78,"v":164.0,"Time":"2020-11-25T17:10:00Z","Interval":"5min","Figi":"BBG000DQN9R3"}
{"o":136.88,"c":136.88,"h":136.88,"l":136.88,"v":1.0,"Time":"2020-11-25T17:15:00Z","Interval":"5min","Figi":"BBG000DQN9R3"}
{"o":136.88,"c":136.76,"h":136.88,"l":136.76,"v":47.0,"Time":"2020-11-25T17:15:00Z","Interval":"5min","Figi":"BBG000DQN9R3"}
{"o":136.88,"c":136.72,"h":136.88,"l":136.72,"v":252.0,"Time":"2020-11-25T17:15:00Z","Interval":"5min","Figi":"BBG000DQN9R3"}
{"o":136.88,"c":136.72,"h":136.88,"l":136.72,"v":272.0,"Time":"2020-11-25T17:15:00Z","Interval":"5min","Figi":"BBG000DQN9R3"}
{"o":136.88,"c":136.65,"h":136.88,"l":136.65,"v":301.0,"Time":"2020-11-25T17:15:00Z","Interval":"5min","Figi":"BBG000DQN9R3"}
{"o":136.88,"c":136.78,"h":136.88,"l":136.65,"v":302.0,"Time":"2020-11-25T17:15:00Z","Interval":"5min","Figi":"BBG000DQN9R3"}
{"o":136.88,"c":136.79,"h":136.88,"l":136.65,"v":303.0,"Time":"2020-11-25T17:15:00Z","Interval":"5min","Figi":"BBG000DQN9R3"}
{"o":136.88,"c":136.78,"h":136.88,"l":136.65,"v":304.0,"Time":"2020-11-25T17:15:00Z","Interval":"5min","Figi":"BBG000DQN9R3"}
{"o":136.77,"c":136.77,"h":136.77,"l":136.77,"v":1.0,"Time":"2020-11-25T17:20:00Z","Interval":"5min","Figi":"BBG000DQN9R3"}
{"o":136.77,"c":136.74,"h":136.77,"l":136.74,"v":2.0,"Time":"2020-11-25T17:20:00Z","Interval":"5min","Figi":"BBG000DQN9R3"}
{"o":136.77,"c":136.73,"h":136.77,"l":136.73,"v":3.0,"Time":"2020-11-25T17:20:00Z","Interval":"5min","Figi":"BBG000DQN9R3"}
{"o":136.77,"c":136.68,"h":136.77,"l":136.68,"v":4.0,"Time":"2020-11-25T17:20:00Z","Interval":"5min","Figi":"BBG000DQN9R3"}
{"o":136.69,"c":136.64,"h":136.69,"l":136.64,"v":100.0,"Time":"2020-11-25T17:25:00Z","Interval":"5min","Figi":"BBG000DQN9R3"}
{"o":136.69,"c":136.62,"h":136.69,"l":136.62,"v":111.0,"Time":"2020-11-25T17:25:00Z","Interval":"5min","Figi":"BBG000DQN9R3"}
{"o":136.69,"c":136.53,"h":136.69,"l":136.52,"v":128.0,"Time":"2020-11-25T17:25:00Z","Interval":"5min","Figi":"BBG000DQN9R3"}
{"o":136.69,"c":136.45,"h":136.69,"l":136.45,"v":129.0,"Time":"2020-11-25T17:25:00Z","Interval":"5min","Figi":"BBG000DQN9R3"}
{"o":136.69,"c":136.41,"h":136.69,"l":136.41,"v":130.0,"Time":"2020-11-25T17:25:00Z","Interval":"5min","Figi":"BBG000DQN9R3"}
{"o":136.69,"c":136.34,"h":136.69,"l":136.34,"v":138.0,"Time":"2020-11-25T17:25:00Z","Interval":"5min","Figi":"BBG000DQN9R3"}
{"o":136.14,"c":136.14,"h":136.14,"l":136.14,"v":1.0,"Time":"2020-11-25T17:30:00Z","Interval":"5min","Figi":"BBG000DQN9R3"}
{"o":136.14,"c":136.16,"h":136.16,"l":136.14,"v":105.0,"Time":"2020-11-25T17:30:00Z","Interval":"5min","Figi":"BBG000DQN9R3"}
{"o":136.14,"c":136.17,"h":136.17,"l":136.14,"v":163.0,"Time":"2020-11-25T17:30:00Z","Interval":"5min","Figi":"BBG000DQN9R3"}
{"o":136.14,"c":136.07,"h":136.17,"l":136.07,"v":863.0,"Time":"2020-11-25T17:30:00Z","Interval":"5min","Figi":"BBG000DQN9R3"}
{"o":136.14,"c":136.07,"h":136.17,"l":136.07,"v":1163.0,"Time":"2020-11-25T17:30:00Z","Interval":"5min","Figi":"BBG000DQN9R3"}
{"o":136.14,"c":135.91,"h":136.17,"l":135.91,"v":1343.0,"Time":"2020-11-25T17:30:00Z","Interval":"5min","Figi":"BBG000DQN9R3"}
{"o":135.92,"c":135.92,"h":135.92,"l":135.92,"v":59.0,"Time":"2020-11-25T17:40:00Z","Interval":"5min","Figi":"BBG000DQN9R3"}
{"o":135.92,"c":135.78,"h":135.92,"l":135.71,"v":80.0,"Time":"2020-11-25T17:40:00Z","Interval":"5min","Figi":"BBG000DQN9R3"}
{"o":135.92,"c":135.79,"h":135.92,"l":135.71,"v":91.0,"Time":"2020-11-25T17:40:00Z","Interval":"5min","Figi":"BBG000DQN9R3"}
{"o":135.92,"c":135.8,"h":135.92,"l":135.71,"v":112.0,"Time":"2020-11-25T17:40:00Z","Interval":"5min","Figi":"BBG000DQN9R3"}
{"o":135.8,"c":135.8,"h":135.8,"l":135.8,"v":1.0,"Time":"2020-11-25T17:45:00Z","Interval":"5min","Figi":"BBG000DQN9R3"}
{"o":135.8,"c":135.72,"h":135.8,"l":135.72,"v":211.0,"Time":"2020-11-25T17:45:00Z","Interval":"5min","Figi":"BBG000DQN9R3"}
{"o":135.8,"c":135.79,"h":135.8,"l":135.72,"v":212.0,"Time":"2020-11-25T17:45:00Z","Interval":"5min","Figi":"BBG000DQN9R3"}
{"o":135.8,"c":135.8,"h":135.8,"l":135.72,"v":312.0,"Time":"2020-11-25T17:45:00Z","Interval":"5min","Figi":"BBG000DQN9R3"}
{"o":135.8,"c":135.86,"h":135.86,"l":135.72,"v":327.0,"Time":"2020-11-25T17:45:00Z","Interval":"5min","Figi":"BBG000DQN9R3"}
{"o":135.8,"c":135.94,"h":135.94,"l":135.72,"v":456.0,"Time":"2020-11-25T17:45:00Z","Interval":"5min","Figi":"BBG000DQN9R3"}
{"o":135.8,"c":135.86,"h":135.94,"l":135.72,"v":467.0,"Time":"2020-11-25T17:45:00Z","Interval":"5min","Figi":"BBG000DQN9R3"}
{"o":135.83,"c":135.83,"h":135.83,"l":135.83,"v":1.0,"Time":"2020-11-25T17:50:00Z","Interval":"5min","Figi":"BBG000DQN9R3"}
{"o":135.83,"c":135.82,"h":135.83,"l":135.82,"v":2.0,"Time":"2020-11-25T17:50:00Z","Interval":"5min","Figi":"BBG000DQN9R3"}
{"o":135.83,"c":135.7,"h":135.83,"l":135.7,"v":49.0,"Time":"2020-11-25T17:50:00Z","Interval":"5min","Figi":"BBG000DQN9R3"}
{"o":135.78,"c":135.78,"h":135.78,"l":135.78,"v":1.0,"Time":"2020-11-25T17:55:00Z","Interval":"5min","Figi":"BBG000DQN9R3"}
{"o":135.78,"c":135.82,"h":135.82,"l":135.78,"v":2.0,"Time":"2020-11-25T17:55:00Z","Interval":"5min","Figi":"BBG000DQN9R3"}
{"o":135.78,"c":135.83,"h":135.83,"l":135.78,"v":6.0,"Time":"2020-11-25T17:55:00Z","Interval":"5min","Figi":"BBG000DQN9R3"}
{"o":135.78,"c":135.85,"h":135.85,"l":135.78,"v":14.0,"Time":"2020-11-25T17:55:00Z","Interval":"5min","Figi":"BBG000DQN9R3"}
{"o":135.75,"c":135.75,"h":135.75,"l":135.75,"v":12.0,"Time":"2020-11-25T18:00:00Z","Interval":"5min","Figi":"BBG000DQN9R3"}
{"o":135.75,"c":135.81,"h":135.81,"l":135.75,"v":63.0,"Time":"2020-11-25T18:00:00Z","Interval":"5min","Figi":"BBG000DQN9R3"}
{"o":135.75,"c":135.88,"h":135.88,"l":135.75,"v":161.0,"Time":"2020-11-25T18:00:00Z","Interval":"5min","Figi":"BBG000DQN9R3"}
{"o":135.83,"c":135.83,"h":135.83,"l":135.83,"v":1.0,"Time":"2020-11-25T18:05:00Z","Interval":"5min","Figi":"BBG000DQN9R3"}
{"o":135.83,"c":135.83,"h":135.83,"l":135.83,"v":2.0,"Time":"2020-11-25T18:05:00Z","Interval":"5min","Figi":"BBG000DQN9R3"}
{"o":135.83,"c":135.75,"h":135.83,"l":135.75,"v":16.0,"Time":"2020-11-25T18:05:00Z","Interval":"5min","Figi":"BBG000DQN9R3"}
{"o":135.83,"c":135.83,"h":135.83,"l":135.75,"v":67.0,"Time":"2020-11-25T18:05:00Z","Interval":"5min","Figi":"BBG000DQN9R3"}
{"o":135.91,"c":135.92,"h":135.92,"l":135.91,"v":200.0,"Time":"2020-11-25T18:10:00Z","Interval":"5min","Figi":"BBG000DQN9R3"}
{"o":135.91,"c":135.83,"h":135.92,"l":135.83,"v":300.0,"Time":"2020-11-25T18:10:00Z","Interval":"5min","Figi":"BBG000DQN9R3"}
{"o":135.91,"c":135.81,"h":135.92,"l":135.81,"v":304.0,"Time":"2020-11-25T18:10:00Z","Interval":"5min","Figi":"BBG000DQN9R3"}
{"o":135.91,"c":135.82,"h":135.92,"l":135.81,"v":305.0,"Time":"2020-11-25T18:10:00Z","Interval":"5min","Figi":"BBG000DQN9R3"}
{"o":135.91,"c":135.83,"h":135.92,"l":135.81,"v":309.0,"Time":"2020-11-25T18:10:00Z","Interval":"5min","Figi":"BBG000DQN9R3"}
{"o":135.91,"c":135.74,"h":135.92,"l":135.74,"v":366.0,"Time":"2020-11-25T18:10:00Z","Interval":"5min","Figi":"BBG000DQN9R3"}
{"o":135.91,"c":135.74,"h":135.92,"l":135.74,"v":368.0,"Time":"2020-11-25T18:10:00Z","Interval":"5min","Figi":"BBG000DQN9R3"}
{"o":135.91,"c":135.73,"h":135.92,"l":135.73,"v":369.0,"Time":"2020-11-25T18:10:00Z","Interval":"5min","Figi":"BBG000DQN9R3"}
{"o":135.91,"c":135.68,"h":135.92,"l":135.68,"v":476.0,"Time":"2020-11-25T18:10:00Z","Interval":"5min","Figi":"BBG000DQN9R3"}
{"o":135.91,"c":135.66,"h":135.92,"l":135.59,"v":728.0,"Time":"2020-11-25T18:10:00Z","Interval":"5min","Figi":"BBG000DQN9R3"}
{"o":135.53,"c":135.53,"h":135.53,"l":135.53,"v":1.0,"Time":"2020-11-25T18:15:00Z","Interval":"5min","Figi":"BBG000DQN9R3"}
{"o":135.53,"c":135.56,"h":135.56,"l":135.51,"v":106.0,"Time":"2020-11-25T18:15:00Z","Interval":"5min","Figi":"BBG000DQN9R3"}
{"o":135.53,"c":135.56,"h":135.56,"l":135.51,"v":136.0,"Time":"2020-11-25T18:15:00Z","Interval":"5min","Figi":"BBG000DQN9R3"}
{"o":135.53,"c":135.49,"h":135.56,"l":135.49,"v":236.0,"Time":"2020-11-25T18:15:00Z","Interval":"5min","Figi":"BBG000DQN9R3"}
{"o":135.53,"c":135.49,"h":135.56,"l":135.49,"v":237.0,"Time":"2020-11-25T18:15:00Z","Interval":"5min","Figi":"BBG000DQN9R3"}
{"o":135.53,"c":135.55,"h":135.56,"l":135.49,"v":337.0,"Time":"2020-11-25T18:15:00Z","Interval":"5min","Figi":"BBG000DQN9R3"}
{"o":135.53,"c":135.49,"h":135.56,"l":135.43,"v":597.0,"Time":"2020-11-25T18:15:00Z","Interval":"5min","Figi":"BBG000DQN9R3"}
{"o":135.53,"c":135.5,"h":135.56,"l":135.43,"v":1830.0,"Time":"2020-11-25T18:15:00Z","Interval":"5min","Figi":"BBG000DQN9R3"}
{"o":135.53,"c":135.48,"h":135.56,"l":135.43,"v":1930.0,"Time":"2020-11-25T18:15:00Z","Interval":"5min","Figi":"BBG000DQN9R3"}
{"o":135.53,"c":135.5,"h":135.56,"l":135.43,"v":2030.0,"Time":"2020-11-25T18:15:00Z","Interval":"5min","Figi":"BBG000DQN9R3"}
{"o":135.53,"c":135.48,"h":135.56,"l":135.43,"v":2106.0,"Time":"2020-11-25T18:15:00Z","Interval":"5min","Figi":"BBG000DQN9R3"}
{"o":135.53,"c":135.43,"h":135.56,"l":135.43,"v":2206.0,"Time":"2020-11-25T18:15:00Z","Interval":"5min","Figi":"BBG000DQN9R3"}
{"o":135.53,"c":135.43,"h":135.56,"l":135.43,"v":2456.0,"Time":"2020-11-25T18:15:00Z","Interval":"5min","Figi":"BBG000DQN9R3"}
{"o":135.53,"c":135.42,"h":135.56,"l":135.42,"v":2457.0,"Time":"2020-11-25T18:15:00Z","Interval":"5min","Figi":"BBG000DQN9R3"}
{"o":135.42,"c":135.42,"h":135.42,"l":135.42,"v":1.0,"Time":"2020-11-25T18:20:00Z","Interval":"5min","Figi":"BBG000DQN9R3"}
{"o":135.42,"c":135.35,"h":135.42,"l":135.35,"v":101.0,"Time":"2020-11-25T18:20:00Z","Interval":"5min","Figi":"BBG000DQN9R3"}
{"o":135.42,"c":135.35,"h":135.42,"l":135.35,"v":205.0,"Time":"2020-11-25T18:20:00Z","Interval":"5min","Figi":"BBG000DQN9R3"}
{"o":135.42,"c":135.28,"h":135.42,"l":135.28,"v":216.0,"Time":"2020-11-25T18:20:00Z","Interval":"5min","Figi":"BBG000DQN9R3"}
{"o":135.42,"c":135.25,"h":135.42,"l":135.25,"v":441.0,"Time":"2020-11-25T18:20:00Z","Interval":"5min","Figi":"BBG000DQN9R3"}
{"o":135.42,"c":135.29,"h":135.42,"l":135.25,"v":442.0,"Time":"2020-11-25T18:20:00Z","Interval":"5min","Figi":"BBG000DQN9R3"}
{"o":135.42,"c":135.26,"h":135.42,"l":135.25,"v":1216.0,"Time":"2020-11-25T18:20:00Z","Interval":"5min","Figi":"BBG000DQN9R3"}
{"o":135.42,"c":135.25,"h":135.42,"l":135.25,"v":1516.0,"Time":"2020-11-25T18:20:00Z","Interval":"5min","Figi":"BBG000DQN9R3"}
{"o":135.42,"c":135.25,"h":135.42,"l":135.25,"v":1616.0,"Time":"2020-11-25T18:20:00Z","Interval":"5min","Figi":"BBG000DQN9R3"}
{"o":135.42,"c":135.25,"h":135.42,"l":135.25,"v":1816.0,"Time":"2020-11-25T18:20:00Z","Interval":"5min","Figi":"BBG000DQN9R3"}
{"o":135.42,"c":135.25,"h":135.42,"l":135.25,"v":1936.0,"Time":"2020-11-25T18:20:00Z","Interval":"5min","Figi":"BBG000DQN9R3"}
{"o":135.42,"c":135.3,"h":135.42,"l":135.25,"v":1937.0,"Time":"2020-11-25T18:20:00Z","Interval":"5min","Figi":"BBG000DQN9R3"}
{"o":135.42,"c":135.33,"h":135.42,"l":135.25,"v":2037.0,"Time":"2020-11-25T18:20:00Z","Interval":"5min","Figi":"BBG000DQN9R3"}
{"o":135.42,"c":135.38,"h":135.42,"l":135.25,"v":2097.0,"Time":"2020-11-25T18:20:00Z","Interval":"5min","Figi":"BBG000DQN9R3"}
{"o":135.35,"c":135.35,"h":135.35,"l":135.35,"v":1.0,"Time":"2020-11-25T18:25:00Z","Interval":"5min","Figi":"BBG000DQN9R3"}
{"o":135.35,"c":135.32,"h":135.35,"l":135.32,"v":101.0,"Time":"2020-11-25T18:25:00Z","Interval":"5min","Figi":"BBG000DQN9R3"}
{"o":135.35,"c":135.3,"h":135.35,"l":135.3,"v":209.0,"Time":"2020-11-25T18:25:00Z","Interval":"5min","Figi":"BBG000DQN9R3"}
{"o":135.35,"c":135.25,"h":135.35,"l":135.25,"v":509.0,"Time":"2020-11-25T18:25:00Z","Interval":"5min","Figi":"BBG000DQN9R3"}
{"o":135.35,"c":135.32,"h":135.35,"l":135.25,"v":510.0,"Time":"2020-11-25T18:25:00Z","Interval":"5min","Figi":"BBG000DQN9R3"}
{"o":135.35,"c":135.32,"h":135.35,"l":135.25,"v":511.0,"Time":"2020-11-25T18:25:00Z","Interval":"5min","Figi":"BBG000DQN9R3"}
{"o":135.35,"c":135.32,"h":135.35,"l":135.25,"v":512.0,"Time":"2020-11-25T18:25:00Z","Interval":"5min","Figi":"BBG000DQN9R3"}
{"o":135.32,"c":135.41,"h":135.43,"l":135.32,"v":376.0,"Time":"2020-11-25T18:30:00Z","Interval":"5min","Figi":"BBG000DQN9R3"}
{"o":135.32,"c":135.44,"h":135.44,"l":135.32,"v":771.0,"Time":"2020-11-25T18:30:00Z","Interval":"5min","Figi":"BBG000DQN9R3"}
{"o":135.32,"c":135.39,"h":135.44,"l":135.32,"v":1031.0,"Time":"2020-11-25T18:30:00Z","Interval":"5min","Figi":"BBG000DQN9R3"}
{"o":135.32,"c":135.34,"h":135.44,"l":135.32,"v":1071.0,"Time":"2020-11-25T18:30:00Z","Interval":"5min","Figi":"BBG000DQN9R3"}
{"o":135.32,"c":135.34,"h":135.44,"l":135.32,"v":1080.0,"Time":"2020-11-25T18:30:00Z","Interval":"5min","Figi":"BBG000DQN9R3"}
{"o":135.32,"c":135.32,"h":135.44,"l":135.32,"v":1089.0,"Time":"2020-11-25T18:30:00Z","Interval":"5min","Figi":"BBG000DQN9R3"}
{"o":135.32,"c":135.36,"h":135.44,"l":135.32,"v":1090.0,"Time":"2020-11-25T18:30:00Z","Interval":"5min","Figi":"BBG000DQN9R3"}
{"o":135.32,"c":135.36,"h":135.44,"l":135.32,"v":1190.0,"Time":"2020-11-25T18:30:00Z","Interval":"5min","Figi":"BBG000DQN9R3"}
{"o":135.32,"c":135.27,"h":135.44,"l":135.27,"v":1290.0,"Time":"2020-11-25T18:30:00Z","Interval":"5min","Figi":"BBG000DQN9R3"}
{"o":135.32,"c":135.36,"h":135.44,"l":135.27,"v":1291.0,"Time":"2020-11-25T18:30:00Z","Interval":"5min","Figi":"BBG000DQN9R3"}
{"o":135.32,"c":135.41,"h":135.44,"l":135.27,"v":1301.0,"Time":"2020-11-25T18:30:00Z","Interval":"5min","Figi":"BBG000DQN9R3"}
{"o":135.32,"c":135.39,"h":135.44,"l":135.27,"v":1623.0,"Time":"2020-11-25T18:30:00Z","Interval":"5min","Figi":"BBG000DQN9R3"}
{"o":135.32,"c":135.39,"h":135.44,"l":135.27,"v":1823.0,"Time":"2020-11-25T18:30:00Z","Interval":"5min","Figi":"BBG000DQN9R3"}
{"o":135.32,"c":135.33,"h":135.44,"l":135.27,"v":1858.0,"Time":"2020-11-25T18:30:00Z","Interval":"5min","Figi":"BBG000DQN9R3"}
{"o":135.32,"c":135.35,"h":135.44,"l":135.27,"v":1859.0,"Time":"2020-11-25T18:30:00Z","Interval":"5min","Figi":"BBG000DQN9R3"}
{"o":135.29,"c":135.28,"h":135.29,"l":135.28,"v":190.0,"Time":"2020-11-25T18:35:00Z","Interval":"5min","Figi":"BBG000DQN9R3"}
{"o":135.29,"c":135.25,"h":135.29,"l":135.25,"v":204.0,"Time":"2020-11-25T18:35:00Z","Interval":"5min","Figi":"BBG000DQN9R3"}
{"o":135.29,"c":135.25,"h":135.29,"l":135.25,"v":491.0,"Time":"2020-11-25T18:35:00Z","Interval":"5min","Figi":"BBG000DQN9R3"}
{"o":135.29,"c":135.25,"h":135.29,"l":135.25,"v":3496.0,"Time":"2020-11-25T18:35:00Z","Interval":"5min","Figi":"BBG000DQN9R3"}
{"o":135.29,"c":135.25,"h":135.29,"l":135.25,"v":3497.0,"Time":"2020-11-25T18:35:00Z","Interval":"5min","Figi":"BBG000DQN9R3"}
{"o":135.29,"c":135.29,"h":135.29,"l":135.25,"v":3498.0,"Time":"2020-11-25T18:35:00Z","Interval":"5min","Figi":"BBG000DQN9R3"}
{"o":135.27,"c":135.23,"h":135.27,"l":135.23,"v":39.0,"Time":"2020-11-25T18:40:00Z","Interval":"5min","Figi":"BBG000DQN9R3"}
{"o":135.27,"c":135.25,"h":135.27,"l":135.23,"v":40.0,"Time":"2020-11-25T18:40:00Z","Interval":"5min","Figi":"BBG000DQN9R3"}
{"o":135.27,"c":135.2,"h":135.27,"l":135.2,"v":41.0,"Time":"2020-11-25T18:40:00Z","Interval":"5min","Figi":"BBG000DQN9R3"}
{"o":135.27,"c":135.12,"h":135.27,"l":135.12,"v":66.0,"Time":"2020-11-25T18:40:00Z","Interval":"5min","Figi":"BBG000DQN9R3"}
{"o":135.27,"c":135.09,"h":135.27,"l":135.09,"v":67.0,"Time":"2020-11-25T18:40:00Z","Interval":"5min","Figi":"BBG000DQN9R3"}
{"o":135.27,"c":135.09,"h":135.27,"l":135.09,"v":70.0,"Time":"2020-11-25T18:40:00Z","Interval":"5min","Figi":"BBG000DQN9R3"}
{"o":135.27,"c":135.09,"h":135.27,"l":135.09,"v":72.0,"Time":"2020-11-25T18:40:00Z","Interval":"5min","Figi":"BBG000DQN9R3"}
{"o":135.27,"c":135.09,"h":135.27,"l":135.09,"v":75.0,"Time":"2020-11-25T18:40:00Z","Interval":"5min","Figi":"BBG000DQN9R3"}
{"o":135.27,"c":135.09,"h":135.27,"l":135.09,"v":225.0,"Time":"2020-11-25T18:40:00Z","Interval":"5min","Figi":"BBG000DQN9R3"}
{"o":135.27,"c":135.09,"h":135.27,"l":135.09,"v":226.0,"Time":"2020-11-25T18:40:00Z","Interval":"5min","Figi":"BBG000DQN9R3"}
{"o":135.27,"c":135.09,"h":135.27,"l":135.09,"v":246.0,"Time":"2020-11-25T18:40:00Z","Interval":"5min","Figi":"BBG000DQN9R3"}
{"o":135.09,"c":135.09,"h":135.09,"l":135.09,"v":20.0,"Time":"2020-11-25T18:45:00Z","Interval":"5min","Figi":"BBG000DQN9R3"}
{"o":135.09,"c":135.03,"h":135.09,"l":135.03,"v":21.0,"Time":"2020-11-25T18:45:00Z","Interval":"5min","Figi":"BBG000DQN9R3"}
{"o":135.09,"c":135.0,"h":135.09,"l":134.99,"v":721.0,"Time":"2020-11-25T18:45:00Z","Interval":"5min","Figi":"BBG000DQN9R3"}
{"o":135.09,"c":134.98,"h":135.09,"l":134.97,"v":1435.0,"Time":"2020-11-25T18:45:00Z","Interval":"5min","Figi":"BBG000DQN9R3"}
{"o":135.09,"c":135.05,"h":135.09,"l":134.97,"v":1980.0,"Time":"2020-11-25T18:45:00Z","Interval":"5min","Figi":"BBG000DQN9R3"}
{"o":135.09,"c":135.04,"h":135.09,"l":134.97,"v":2090.0,"Time":"2020-11-25T18:45:00Z","Interval":"5min","Figi":"BBG000DQN9R3"}
{"o":135.09,"c":135.04,"h":135.09,"l":134.97,"v":2820.0,"Time":"2020-11-25T18:45:00Z","Interval":"5min","Figi":"BBG000DQN9R3"}
{"o":135.09,"c":135.03,"h":135.09,"l":134.97,"v":3020.0,"Time":"2020-11-25T18:45:00Z","Interval":"5min","Figi":"BBG000DQN9R3"}
{"o":135.09,"c":135.01,"h":135.09,"l":134.97,"v":3120.0,"Time":"2020-11-25T18:45:00Z","Interval":"5min","Figi":"BBG000DQN9R3"}
{"o":135.09,"c":135.0,"h":135.09,"l":134.97,"v":4990.0,"Time":"2020-11-25T18:45:00Z","Interval":"5min","Figi":"BBG000DQN9R3"}
{"o":135.09,"c":135.09,"h":135.09,"l":134.97,"v":5050.0,"Time":"2020-11-25T18:45:00Z","Interval":"5min","Figi":"BBG000DQN9R3"}
{"o":135.09,"c":135.13,"h":135.13,"l":134.97,"v":5051.0,"Time":"2020-11-25T18:45:00Z","Interval":"5min","Figi":"BBG000DQN9R3"}
{"o":135.09,"c":135.13,"h":135.13,"l":134.97,"v":5093.0,"Time":"2020-11-25T18:45:00Z","Interval":"5min","Figi":"BBG000DQN9R3"}
{"o":135.07,"c":135.08,"h":135.08,"l":135.07,"v":1200.0,"Time":"2020-11-25T18:50:00Z","Interval":"5min","Figi":"BBG000DQN9R3"}
{"o":135.07,"c":135.18,"h":135.18,"l":135.07,"v":1212.0,"Time":"2020-11-25T18:50:00Z","Interval":"5min","Figi":"BBG000DQN9R3"}
{"o":135.07,"c":135.19,"h":135.19,"l":135.07,"v":1234.0,"Time":"2020-11-25T18:50:00Z","Interval":"5min","Figi":"BBG000DQN9R3"}
{"o":135.07,"c":135.2,"h":135.2,"l":135.07,"v":1237.0,"Time":"2020-11-25T18:50:00Z","Interval":"5min","Figi":"BBG000DQN9R3"}
{"o":135.07,"c":135.15,"h":135.2,"l":135.07,"v":1347.0,"Time":"2020-11-25T18:50:00Z","Interval":"5min","Figi":"BBG000DQN9R3"}
{"o":135.07,"c":135.21,"h":135.21,"l":135.07,"v":1348.0,"Time":"2020-11-25T18:50:00Z","Interval":"5min","Figi":"BBG000DQN9R3"}
{"o":135.07,"c":135.15,"h":135.21,"l":135.07,"v":1958.0,"Time":"2020-11-25T18:50:00Z","Interval":"5min","Figi":"BBG000DQN9R3"}
{"o":135.07,"c":135.22,"h":135.22,"l":135.07,"v":1959.0,"Time":"2020-11-25T18:50:00Z","Interval":"5min","Figi":"BBG000DQN9R3"}
{"o":135.07,"c":135.22,"h":135.22,"l":135.07,"v":1973.0,"Time":"2020-11-25T18:50:00Z","Interval":"5min","Figi":"BBG000DQN9R3"}
{"o":135.13,"c":135.13,"h":135.13,"l":135.13,"v":44.0,"Time":"2020-11-25T18:55:00Z","Interval":"5min","Figi":"BBG000DQN9R3"}
{"o":135.13,"c":135.25,"h":135.25,"l":135.13,"v":45.0,"Time":"2020-11-25T18:55:00Z","Interval":"5min","Figi":"BBG000DQN9R3"}
{"o":135.13,"c":135.22,"h":135.25,"l":135.13,"v":46.0,"Time":"2020-11-25T18:55:00Z","Interval":"5min","Figi":"BBG000DQN9R3"}
{"o":135.13,"c":135.32,"h":135.32,"l":135.13,"v":126.0,"Time":"2020-11-25T18:55:00Z","Interval":"5min","Figi":"BBG000DQN9R3"}
{"o":135.13,"c":135.37,"h":135.37,"l":135.13,"v":191.0,"Time":"2020-11-25T18:55:00Z","Interval":"5min","Figi":"BBG000DQN9R3"}
{"o":135.13,"c":135.38,"h":135.38,"l":135.13,"v":244.0,"Time":"2020-11-25T18:55:00Z","Interval":"5min","Figi":"BBG000DQN9R3"}
{"o":135.13,"c":135.34,"h":135.38,"l":135.13,"v":246.0,"Time":"2020-11-25T18:55:00Z","Interval":"5min","Figi":"BBG000DQN9R3"}
{"o":135.13,"c":135.34,"h":135.38,"l":135.13,"v":271.0,"Time":"2020-11-25T18:55:00Z","Interval":"5min","Figi":"BBG000DQN9R3"}
{"o":135.13,"c":135.34,"h":135.38,"l":135.13,"v":345.0,"Time":"2020-11-25T18:55:00Z","Interval":"5min","Figi":"BBG000DQN9R3"}
{"o":135.13,"c":135.3,"h":135.38,"l":135.13,"v":445.0,"Time":"2020-11-25T18:55:00Z","Interval":"5min","Figi":"BBG000DQN9R3"}
{"o":135.13,"c":135.39,"h":135.39,"l":135.13,"v":447.0,"Time":"2020-11-25T18:55:00Z","Interval":"5min","Figi":"BBG000DQN9R3"}
{"o":135.39,"c":135.39,"h":135.39,"l":135.39,"v":1.0,"Time":"2020-11-25T19:00:00Z","Interval":"5min","Figi":"BBG000DQN9R3"}
{"o":135.39,"c":135.29,"h":135.39,"l":135.29,"v":2.0,"Time":"2020-11-25T19:00:00Z","Interval":"5min","Figi":"BBG000DQN9R3"}
{"o":135.39,"c":135.33,"h":135.39,"l":135.29,"v":3.0,"Time":"2020-11-25T19:00:00Z","Interval":"5min","Figi":"BBG000DQN9R3"}
{"o":135.34,"c":135.34,"h":135.34,"l":135.34,"v":11.0,"Time":"2020-11-25T19:05:00Z","Interval":"5min","Figi":"BBG000DQN9R3"}
{"o":135.34,"c":135.34,"h":135.34,"l":135.34,"v":21.0,"Time":"2020-11-25T19:05:00Z","Interval":"5min","Figi":"BBG000DQN9R3"}
{"o":135.34,"c":135.31,"h":135.34,"l":135.31,"v":132.0,"Time":"2020-11-25T19:05:00Z","Interval":"5min","Figi":"BBG000DQN9R3"}
{"o":135.34,"c":135.24,"h":135.34,"l":135.24,"v":142.0,"Time":"2020-11-25T19:05:00Z","Interval":"5min","Figi":"BBG000DQN9R3"}
