{"o":42.61,"c":42.61,"h":42.61,"l":42.61,"v":3.0,"Time":"2020-12-02T11:45:00Z","Interval":"5min","Figi":"BBG000BR54L0"}
{"o":42.47,"c":42.47,"h":42.47,"l":42.47,"v":1.0,"Time":"2020-12-02T12:00:00Z","Interval":"5min","Figi":"BBG000BR54L0"}
{"o":42.47,"c":42.44,"h":42.47,"l":42.44,"v":100.0,"Time":"2020-12-02T12:00:00Z","Interval":"5min","Figi":"BBG000BR54L0"}
{"o":42.47,"c":42.44,"h":42.47,"l":42.44,"v":200.0,"Time":"2020-12-02T12:00:00Z","Interval":"5min","Figi":"BBG000BR54L0"}
{"o":42.47,"c":42.44,"h":42.47,"l":42.44,"v":300.0,"Time":"2020-12-02T12:00:00Z","Interval":"5min","Figi":"BBG000BR54L0"}
{"o":42.47,"c":42.4,"h":42.47,"l":42.4,"v":366.0,"Time":"2020-12-02T12:00:00Z","Interval":"5min","Figi":"BBG000BR54L0"}
{"o":42.47,"c":42.39,"h":42.47,"l":42.39,"v":400.0,"Time":"2020-12-02T12:00:00Z","Interval":"5min","Figi":"BBG000BR54L0"}
{"o":42.47,"c":42.64,"h":42.64,"l":42.39,"v":401.0,"Time":"2020-12-02T12:00:00Z","Interval":"5min","Figi":"BBG000BR54L0"}
{"o":42.47,"c":42.64,"h":42.64,"l":42.39,"v":401.0,"Time":"2020-12-02T12:00:00Z","Interval":"5min","Figi":"BBG000BR54L0"}
{"o":42.35,"c":42.3,"h":42.35,"l":42.3,"v":11.0,"Time":"2020-12-02T12:20:00Z","Interval":"5min","Figi":"BBG000BR54L0"}
{"o":42.35,"c":42.3,"h":42.35,"l":42.3,"v":11.0,"Time":"2020-12-02T12:20:00Z","Interval":"5min","Figi":"BBG000BR54L0"}
{"o":42.28,"c":42.28,"h":42.28,"l":42.28,"v":3.0,"Time":"2020-12-02T12:25:00Z","Interval":"5min","Figi":"BBG000BR54L0"}
{"o":42.28,"c":42.28,"h":42.28,"l":42.28,"v":3.0,"Time":"2020-12-02T12:25:00Z","Interval":"5min","Figi":"BBG000BR54L0"}
{"o":42.29,"c":42.29,"h":42.29,"l":42.29,"v":10.0,"Time":"2020-12-02T12:35:00Z","Interval":"5min","Figi":"BBG000BR54L0"}
{"o":42.39,"c":42.39,"h":42.39,"l":42.39,"v":18.0,"Time":"2020-12-02T12:40:00Z","Interval":"5min","Figi":"BBG000BR54L0"}
{"o":42.31,"c":42.31,"h":42.31,"l":42.31,"v":26.0,"Time":"2020-12-02T13:15:00Z","Interval":"5min","Figi":"BBG000BR54L0"}
{"o":42.41,"c":42.41,"h":42.41,"l":42.41,"v":1.0,"Time":"2020-12-02T13:25:00Z","Interval":"5min","Figi":"BBG000BR54L0"}
{"o":42.42,"c":42.42,"h":42.42,"l":42.42,"v":12.0,"Time":"2020-12-02T13:35:00Z","Interval":"5min","Figi":"BBG000BR54L0"}
{"o":42.42,"c":42.42,"h":42.42,"l":42.42,"v":1.0,"Time":"2020-12-02T13:40:00Z","Interval":"5min","Figi":"BBG000BR54L0"}
{"o":42.42,"c":42.42,"h":42.42,"l":42.42,"v":2.0,"Time":"2020-12-02T13:40:00Z","Interval":"5min","Figi":"BBG000BR54L0"}
{"o":42.42,"c":42.32,"h":42.42,"l":42.32,"v":602.0,"Time":"2020-12-02T13:40:00Z","Interval":"5min","Figi":"BBG000BR54L0"}
{"o":42.41,"c":42.41,"h":42.41,"l":42.41,"v":4.0,"Time":"2020-12-02T13:55:00Z","Interval":"5min","Figi":"BBG000BR54L0"}
{"o":42.41,"c":42.32,"h":42.41,"l":42.32,"v":6.0,"Time":"2020-12-02T13:55:00Z","Interval":"5min","Figi":"BBG000BR54L0"}
{"o":42.41,"c":42.32,"h":42.41,"l":42.32,"v":16.0,"Time":"2020-12-02T13:55:00Z","Interval":"5min","Figi":"BBG000BR54L0"}
{"o":42.41,"c":42.32,"h":42.41,"l":42.32,"v":16.0,"Time":"2020-12-02T13:55:00Z","Interval":"5min","Figi":"BBG000BR54L0"}
{"o":42.41,"c":42.41,"h":42.41,"l":42.41,"v":2.0,"Time":"2020-12-02T14:00:00Z","Interval":"5min","Figi":"BBG000BR54L0"}
{"o":42.42,"c":42.42,"h":42.42,"l":42.42,"v":1.0,"Time":"2020-12-02T14:05:00Z","Interval":"5min","Figi":"BBG000BR54L0"}
{"o":42.31,"c":42.31,"h":42.31,"l":42.31,"v":200.0,"Time":"2020-12-02T14:10:00Z","Interval":"5min","Figi":"BBG000BR54L0"}
{"o":42.42,"c":42.42,"h":42.42,"l":42.42,"v":100.0,"Time":"2020-12-02T14:20:00Z","Interval":"5min","Figi":"BBG000BR54L0"}
{"o":42.42,"c":42.42,"h":42.42,"l":42.42,"v":150.0,"Time":"2020-12-02T14:20:00Z","Interval":"5min","Figi":"BBG000BR54L0"}
{"o":42.42,"c":42.42,"h":42.42,"l":42.42,"v":133.0,"Time":"2020-12-02T14:25:00Z","Interval":"5min","Figi":"BBG000BR54L0"}
{"o":42.42,"c":42.42,"h":42.42,"l":42.42,"v":380.0,"Time":"2020-12-02T14:25:00Z","Interval":"5min","Figi":"BBG000BR54L0"}
{"o":42.42,"c":42.31,"h":42.42,"l":42.31,"v":430.0,"Time":"2020-12-02T14:25:00Z","Interval":"5min","Figi":"BBG000BR54L0"}
{"o":42.42,"c":42.42,"h":42.42,"l":42.31,"v":1090.0,"Time":"2020-12-02T14:25:00Z","Interval":"5min","Figi":"BBG000BR54L0"}
{"o":42.42,"c":42.42,"h":42.42,"l":42.31,"v":1148.0,"Time":"2020-12-02T14:25:00Z","Interval":"5min","Figi":"BBG000BR54L0"}
{"o":42.42,"c":42.42,"h":42.42,"l":42.31,"v":1663.0,"Time":"2020-12-02T14:25:00Z","Interval":"5min","Figi":"BBG000BR54L0"}
{"o":42.42,"c":42.42,"h":42.42,"l":42.31,"v":1887.0,"Time":"2020-12-02T14:25:00Z","Interval":"5min","Figi":"BBG000BR54L0"}
{"o":42.51,"c":42.51,"h":42.51,"l":42.51,"v":94.0,"Time":"2020-12-02T14:30:00Z","Interval":"5min","Figi":"BBG000BR54L0"}
{"o":42.51,"c":42.52,"h":42.52,"l":42.51,"v":144.0,"Time":"2020-12-02T14:30:00Z","Interval":"5min","Figi":"BBG000BR54L0"}
{"o":42.51,"c":42.46,"h":42.52,"l":42.46,"v":145.0,"Time":"2020-12-02T14:30:00Z","Interval":"5min","Figi":"BBG000BR54L0"}
{"o":42.51,"c":42.45,"h":42.52,"l":42.45,"v":345.0,"Time":"2020-12-02T14:30:00Z","Interval":"5min","Figi":"BBG000BR54L0"}
{"o":42.51,"c":42.46,"h":42.52,"l":42.45,"v":363.0,"Time":"2020-12-02T14:30:00Z","Interval":"5min","Figi":"BBG000BR54L0"}
{"o":42.51,"c":42.46,"h":42.52,"l":42.45,"v":565.0,"Time":"2020-12-02T14:30:00Z","Interval":"5min","Figi":"BBG000BR54L0"}
{"o":42.51,"c":42.46,"h":42.52,"l":42.45,"v":665.0,"Time":"2020-12-02T14:30:00Z","Interval":"5min","Figi":"BBG000BR54L0"}
{"o":42.51,"c":42.47,"h":42.52,"l":42.45,"v":765.0,"Time":"2020-12-02T14:30:00Z","Interval":"5min","Figi":"BBG000BR54L0"}
{"o":42.51,"c":42.41,"h":42.52,"l":42.41,"v":790.0,"Time":"2020-12-02T14:30:00Z","Interval":"5min","Figi":"BBG000BR54L0"}
{"o":42.51,"c":42.41,"h":42.52,"l":42.41,"v":865.0,"Time":"2020-12-02T14:30:00Z","Interval":"5min","Figi":"BBG000BR54L0"}
{"o":42.51,"c":42.4,"h":42.52,"l":42.4,"v":866.0,"Time":"2020-12-02T14:30:00Z","Interval":"5min","Figi":"BBG000BR54L0"}
{"o":42.51,"c":42.36,"h":42.52,"l":42.36,"v":1066.0,"Time":"2020-12-02T14:30:00Z","Interval":"5min","Figi":"BBG000BR54L0"}
{"o":42.51,"c":42.32,"h":42.52,"l":42.32,"v":1166.0,"Time":"2020-12-02T14:30:00Z","Interval":"5min","Figi":"BBG000BR54L0"}
{"o":42.51,"c":42.32,"h":42.52,"l":42.32,"v":1366.0,"Time":"2020-12-02T14:30:00Z","Interval":"5min","Figi":"BBG000BR54L0"}
{"o":42.51,"c":42.31,"h":42.52,"l":42.31,"v":1866.0,"Time":"2020-12-02T14:30:00Z","Interval":"5min","Figi":"BBG000BR54L0"}
{"o":42.51,"c":42.31,"h":42.52,"l":42.31,"v":2086.0,"Time":"2020-12-02T14:30:00Z","Interval":"5min","Figi":"BBG000BR54L0"}
{"o":42.51,"c":42.3,"h":42.52,"l":42.3,"v":2088.0,"Time":"2020-12-02T14:30:00Z","Interval":"5min","Figi":"BBG000BR54L0"}
{"o":42.51,"c":42.28,"h":42.52,"l":42.28,"v":2188.0,"Time":"2020-12-02T14:30:00Z","Interval":"5min","Figi":"BBG000BR54L0"}
{"o":42.51,"c":42.27,"h":42.52,"l":42.27,"v":2388.0,"Time":"2020-12-02T14:30:00Z","Interval":"5min","Figi":"BBG000BR54L0"}
{"o":42.51,"c":42.28,"h":42.52,"l":42.25,"v":2460.0,"Time":"2020-12-02T14:30:00Z","Interval":"5min","Figi":"BBG000BR54L0"}
{"o":42.51,"c":42.22,"h":42.52,"l":42.22,"v":2560.0,"Time":"2020-12-02T14:30:00Z","Interval":"5min","Figi":"BBG000BR54L0"}
{"o":42.51,"c":42.24,"h":42.52,"l":42.22,"v":2562.0,"Time":"2020-12-02T14:30:00Z","Interval":"5min","Figi":"BBG000BR54L0"}
{"o":42.51,"c":42.15,"h":42.52,"l":42.15,"v":2662.0,"Time":"2020-12-02T14:30:00Z","Interval":"5min","Figi":"BBG000BR54L0"}
{"o":42.51,"c":42.2,"h":42.52,"l":42.15,"v":2664.0,"Time":"2020-12-02T14:30:00Z","Interval":"5min","Figi":"BBG000BR54L0"}
{"o":42.51,"c":42.2,"h":42.52,"l":42.15,"v":2669.0,"Time":"2020-12-02T14:30:00Z","Interval":"5min","Figi":"BBG000BR54L0"}
{"o":42.51,"c":42.15,"h":42.52,"l":42.15,"v":2769.0,"Time":"2020-12-02T14:30:00Z","Interval":"5min","Figi":"BBG000BR54L0"}
{"o":42.51,"c":42.1,"h":42.52,"l":42.1,"v":2776.0,"Time":"2020-12-02T14:30:00Z","Interval":"5min","Figi":"BBG000BR54L0"}
{"o":42.51,"c":42.09,"h":42.52,"l":42.09,"v":2876.0,"Time":"2020-12-02T14:30:00Z","Interval":"5min","Figi":"BBG000BR54L0"}
{"o":42.51,"c":42.14,"h":42.52,"l":42.09,"v":3077.0,"Time":"2020-12-02T14:30:00Z","Interval":"5min","Figi":"BBG000BR54L0"}
{"o":42.51,"c":42.12,"h":42.52,"l":42.09,"v":3277.0,"Time":"2020-12-02T14:30:00Z","Interval":"5min","Figi":"BBG000BR54L0"}
{"o":42.51,"c":42.11,"h":42.52,"l":42.09,"v":3547.0,"Time":"2020-12-02T14:30:00Z","Interval":"5min","Figi":"BBG000BR54L0"}
{"o":42.51,"c":42.1,"h":42.52,"l":42.09,"v":3678.0,"Time":"2020-12-02T14:30:00Z","Interval":"5min","Figi":"BBG000BR54L0"}
{"o":42.51,"c":42.16,"h":42.52,"l":42.09,"v":3778.0,"Time":"2020-12-02T14:30:00Z","Interval":"5min","Figi":"BBG000BR54L0"}
{"o":42.51,"c":42.19,"h":42.52,"l":42.09,"v":3978.0,"Time":"2020-12-02T14:30:00Z","Interval":"5min","Figi":"BBG000BR54L0"}
{"o":42.19,"c":42.19,"h":42.19,"l":42.19,"v":117.0,"Time":"2020-12-02T14:35:00Z","Interval":"5min","Figi":"BBG000BR54L0"}
{"o":42.19,"c":42.19,"h":42.19,"l":42.19,"v":200.0,"Time":"2020-12-02T14:35:00Z","Interval":"5min","Figi":"BBG000BR54L0"}
{"o":42.19,"c":42.18,"h":42.19,"l":42.18,"v":259.0,"Time":"2020-12-02T14:35:00Z","Interval":"5min","Figi":"BBG000BR54L0"}
{"o":42.19,"c":42.18,"h":42.19,"l":42.18,"v":317.0,"Time":"2020-12-02T14:35:00Z","Interval":"5min","Figi":"BBG000BR54L0"}
{"o":42.19,"c":42.22,"h":42.22,"l":42.18,"v":318.0,"Time":"2020-12-02T14:35:00Z","Interval":"5min","Figi":"BBG000BR54L0"}
{"o":42.19,"c":42.23,"h":42.23,"l":42.18,"v":520.0,"Time":"2020-12-02T14:35:00Z","Interval":"5min","Figi":"BBG000BR54L0"}
{"o":42.19,"c":42.2,"h":42.23,"l":42.18,"v":920.0,"Time":"2020-12-02T14:35:00Z","Interval":"5min","Figi":"BBG000BR54L0"}
{"o":42.19,"c":42.15,"h":42.23,"l":42.12,"v":1021.0,"Time":"2020-12-02T14:35:00Z","Interval":"5min","Figi":"BBG000BR54L0"}
{"o":42.19,"c":42.19,"h":42.23,"l":42.12,"v":1227.0,"Time":"2020-12-02T14:35:00Z","Interval":"5min","Figi":"BBG000BR54L0"}
{"o":42.19,"c":42.15,"h":42.23,"l":42.12,"v":1365.0,"Time":"2020-12-02T14:35:00Z","Interval":"5min","Figi":"BBG000BR54L0"}
{"o":42.19,"c":42.17,"h":42.23,"l":42.12,"v":1374.0,"Time":"2020-12-02T14:35:00Z","Interval":"5min","Figi":"BBG000BR54L0"}
{"o":42.19,"c":42.17,"h":42.23,"l":42.12,"v":1377.0,"Time":"2020-12-02T14:35:00Z","Interval":"5min","Figi":"BBG000BR54L0"}
{"o":42.19,"c":42.17,"h":42.23,"l":42.12,"v":1378.0,"Time":"2020-12-02T14:35:00Z","Interval":"5min","Figi":"BBG000BR54L0"}
{"o":42.19,"c":42.13,"h":42.23,"l":42.12,"v":1380.0,"Time":"2020-12-02T14:35:00Z","Interval":"5min","Figi":"BBG000BR54L0"}
{"o":42.19,"c":42.05,"h":42.23,"l":42.05,"v":1381.0,"Time":"2020-12-02T14:35:00Z","Interval":"5min","Figi":"BBG000BR54L0"}
{"o":42.19,"c":42.0,"h":42.23,"l":42.0,"v":1386.0,"Time":"2020-12-02T14:35:00Z","Interval":"5min","Figi":"BBG000BR54L0"}
{"o":42.19,"c":42.0,"h":42.23,"l":41.97,"v":1411.0,"Time":"2020-12-02T14:35:00Z","Interval":"5min","Figi":"BBG000BR54L0"}
{"o":42.19,"c":41.96,"h":42.23,"l":41.96,"v":1630.0,"Time":"2020-12-02T14:35:00Z","Interval":"5min","Figi":"BBG000BR54L0"}
{"o":42.19,"c":42.02,"h":42.23,"l":41.96,"v":1710.0,"Time":"2020-12-02T14:35:00Z","Interval":"5min","Figi":"BBG000BR54L0"}
{"o":42.19,"c":42.05,"h":42.23,"l":41.96,"v":2245.0,"Time":"2020-12-02T14:35:00Z","Interval":"5min","Figi":"BBG000BR54L0"}
{"o":42.19,"c":42.07,"h":42.23,"l":41.96,"v":2345.0,"Time":"2020-12-02T14:35:00Z","Interval":"5min","Figi":"BBG000BR54L0"}
{"o":42.19,"c":42.11,"h":42.23,"l":41.96,"v":2745.0,"Time":"2020-12-02T14:35:00Z","Interval":"5min","Figi":"BBG000BR54L0"}
{"o":42.19,"c":42.13,"h":42.23,"l":41.96,"v":2753.0,"Time":"2020-12-02T14:35:00Z","Interval":"5min","Figi":"BBG000BR54L0"}
{"o":42.19,"c":42.13,"h":42.23,"l":41.96,"v":2763.0,"Time":"2020-12-02T14:35:00Z","Interval":"5min","Figi":"BBG000BR54L0"}
{"o":42.19,"c":42.02,"h":42.23,"l":41.96,"v":2865.0,"Time":"2020-12-02T14:35:00Z","Interval":"5min","Figi":"BBG000BR54L0"}
{"o":42.19,"c":42.02,"h":42.23,"l":41.96,"v":2965.0,"Time":"2020-12-02T14:35:00Z","Interval":"5min","Figi":"BBG000BR54L0"}
{"o":42.19,"c":41.99,"h":42.23,"l":41.96,"v":4565.0,"Time":"2020-12-02T14:35:00Z","Interval":"5min","Figi":"BBG000BR54L0"}
{"o":42.19,"c":41.99,"h":42.23,"l":41.96,"v":4635.0,"Time":"2020-12-02T14:35:00Z","Interval":"5min","Figi":"BBG000BR54L0"}
{"o":42.19,"c":41.99,"h":42.23,"l":41.96,"v":4713.0,"Time":"2020-12-02T14:35:00Z","Interval":"5min","Figi":"BBG000BR54L0"}
{"o":42.19,"c":42.02,"h":42.23,"l":41.96,"v":5003.0,"Time":"2020-12-02T14:35:00Z","Interval":"5min","Figi":"BBG000BR54L0"}
{"o":42.19,"c":42.02,"h":42.23,"l":41.96,"v":5265.0,"Time":"2020-12-02T14:35:00Z","Interval":"5min","Figi":"BBG000BR54L0"}
{"o":42.19,"c":42.0,"h":42.23,"l":41.96,"v":5274.0,"Time":"2020-12-02T14:35:00Z","Interval":"5min","Figi":"BBG000BR54L0"}
{"o":42.19,"c":41.95,"h":42.23,"l":41.95,"v":5556.0,"Time":"2020-12-02T14:35:00Z","Interval":"5min","Figi":"BBG000BR54L0"}
{"o":42.19,"c":41.96,"h":42.23,"l":41.95,"v":5562.0,"Time":"2020-12-02T14:35:00Z","Interval":"5min","Figi":"BBG000BR54L0"}
{"o":42.19,"c":41.97,"h":42.23,"l":41.95,"v":5862.0,"Time":"2020-12-02T14:35:00Z","Interval":"5min","Figi":"BBG000BR54L0"}
{"o":42.19,"c":41.97,"h":42.23,"l":41.95,"v":6027.0,"Time":"2020-12-02T14:35:00Z","Interval":"5min","Figi":"BBG000BR54L0"}
{"o":42.19,"c":41.97,"h":42.23,"l":41.95,"v":6064.0,"Time":"2020-12-02T14:35:00Z","Interval":"5min","Figi":"BBG000BR54L0"}
{"o":42.19,"c":41.91,"h":42.23,"l":41.91,"v":6072.0,"Time":"2020-12-02T14:35:00Z","Interval":"5min","Figi":"BBG000BR54L0"}
{"o":42.19,"c":41.91,"h":42.23,"l":41.91,"v":6329.0,"Time":"2020-12-02T14:35:00Z","Interval":"5min","Figi":"BBG000BR54L0"}
{"o":42.19,"c":41.91,"h":42.23,"l":41.91,"v":6535.0,"Time":"2020-12-02T14:35:00Z","Interval":"5min","Figi":"BBG000BR54L0"}
{"o":42.19,"c":41.91,"h":42.23,"l":41.91,"v":6735.0,"Time":"2020-12-02T14:35:00Z","Interval":"5min","Figi":"BBG000BR54L0"}
{"o":42.19,"c":41.85,"h":42.23,"l":41.85,"v":7113.0,"Time":"2020-12-02T14:35:00Z","Interval":"5min","Figi":"BBG000BR54L0"}
{"o":42.19,"c":41.86,"h":42.23,"l":41.85,"v":7413.0,"Time":"2020-12-02T14:35:00Z","Interval":"5min","Figi":"BBG000BR54L0"}
{"o":42.19,"c":41.8,"h":42.23,"l":41.8,"v":7513.0,"Time":"2020-12-02T14:35:00Z","Interval":"5min","Figi":"BBG000BR54L0"}
{"o":42.19,"c":41.8,"h":42.23,"l":41.8,"v":7577.0,"Time":"2020-12-02T14:35:00Z","Interval":"5min","Figi":"BBG000BR54L0"}
{"o":42.19,"c":41.85,"h":42.23,"l":41.8,"v":7578.0,"Time":"2020-12-02T14:35:00Z","Interval":"5min","Figi":"BBG000BR54L0"}
{"o":42.19,"c":41.75,"h":42.23,"l":41.75,"v":7703.0,"Time":"2020-12-02T14:35:00Z","Interval":"5min","Figi":"BBG000BR54L0"}
{"o":42.19,"c":41.75,"h":42.23,"l":41.75,"v":7705.0,"Time":"2020-12-02T14:35:00Z","Interval":"5min","Figi":"BBG000BR54L0"}
{"o":42.19,"c":41.64,"h":42.23,"l":41.64,"v":8105.0,"Time":"2020-12-02T14:35:00Z","Interval":"5min","Figi":"BBG000BR54L0"}
{"o":42.19,"c":41.6,"h":42.23,"l":41.6,"v":8330.0,"Time":"2020-12-02T14:35:00Z","Interval":"5min","Figi":"BBG000BR54L0"}
{"o":42.19,"c":41.6,"h":42.23,"l":41.6,"v":8630.0,"Time":"2020-12-02T14:35:00Z","Interval":"5min","Figi":"BBG000BR54L0"}
{"o":42.19,"c":41.6,"h":42.23,"l":41.6,"v":8830.0,"Time":"2020-12-02T14:35:00Z","Interval":"5min","Figi":"BBG000BR54L0"}
{"o":42.19,"c":41.66,"h":42.23,"l":41.6,"v":8858.0,"Time":"2020-12-02T14:35:00Z","Interval":"5min","Figi":"BBG000BR54L0"}
{"o":42.19,"c":41.64,"h":42.23,"l":41.6,"v":8878.0,"Time":"2020-12-02T14:35:00Z","Interval":"5min","Figi":"BBG000BR54L0"}
{"o":42.19,"c":41.64,"h":42.23,"l":41.6,"v":8900.0,"Time":"2020-12-02T14:35:00Z","Interval":"5min","Figi":"BBG000BR54L0"}
{"o":42.19,"c":41.7,"h":42.23,"l":41.6,"v":10204.0,"Time":"2020-12-02T14:35:00Z","Interval":"5min","Figi":"BBG000BR54L0"}
{"o":42.19,"c":41.7,"h":42.23,"l":41.6,"v":10947.0,"Time":"2020-12-02T14:35:00Z","Interval":"5min","Figi":"BBG000BR54L0"}
{"o":42.19,"c":41.69,"h":42.23,"l":41.6,"v":11296.0,"Time":"2020-12-02T14:35:00Z","Interval":"5min","Figi":"BBG000BR54L0"}
{"o":42.19,"c":41.7,"h":42.23,"l":41.6,"v":11368.0,"Time":"2020-12-02T14:35:00Z","Interval":"5min","Figi":"BBG000BR54L0"}
{"o":42.19,"c":41.7,"h":42.23,"l":41.6,"v":11376.0,"Time":"2020-12-02T14:35:00Z","Interval":"5min","Figi":"BBG000BR54L0"}
{"o":41.66,"c":41.65,"h":41.66,"l":41.65,"v":150.0,"Time":"2020-12-02T14:40:00Z","Interval":"5min","Figi":"BBG000BR54L0"}
{"o":41.66,"c":41.65,"h":41.66,"l":41.65,"v":342.0,"Time":"2020-12-02T14:40:00Z","Interval":"5min","Figi":"BBG000BR54L0"}
{"o":41.66,"c":41.61,"h":41.66,"l":41.61,"v":504.0,"Time":"2020-12-02T14:40:00Z","Interval":"5min","Figi":"BBG000BR54L0"}
{"o":41.66,"c":41.67,"h":41.67,"l":41.61,"v":524.0,"Time":"2020-12-02T14:40:00Z","Interval":"5min","Figi":"BBG000BR54L0"}
{"o":41.66,"c":41.68,"h":41.68,"l":41.61,"v":1004.0,"Time":"2020-12-02T14:40:00Z","Interval":"5min","Figi":"BBG000BR54L0"}
{"o":41.66,"c":41.74,"h":41.74,"l":41.61,"v":1205.0,"Time":"2020-12-02T14:40:00Z","Interval":"5min","Figi":"BBG000BR54L0"}
{"o":41.66,"c":41.76,"h":41.76,"l":41.61,"v":1530.0,"Time":"2020-12-02T14:40:00Z","Interval":"5min","Figi":"BBG000BR54L0"}
{"o":41.66,"c":41.76,"h":41.76,"l":41.61,"v":1605.0,"Time":"2020-12-02T14:40:00Z","Interval":"5min","Figi":"BBG000BR54L0"}
{"o":41.66,"c":41.73,"h":41.76,"l":41.61,"v":1882.0,"Time":"2020-12-02T14:40:00Z","Interval":"5min","Figi":"BBG000BR54L0"}
{"o":41.66,"c":41.73,"h":41.76,"l":41.61,"v":1930.0,"Time":"2020-12-02T14:40:00Z","Interval":"5min","Figi":"BBG000BR54L0"}
{"o":41.66,"c":41.75,"h":41.76,"l":41.61,"v":2030.0,"Time":"2020-12-02T14:40:00Z","Interval":"5min","Figi":"BBG000BR54L0"}
{"o":41.66,"c":41.76,"h":41.76,"l":41.61,"v":2130.0,"Time":"2020-12-02T14:40:00Z","Interval":"5min","Figi":"BBG000BR54L0"}
{"o":41.66,"c":41.76,"h":41.76,"l":41.61,"v":2230.0,"Time":"2020-12-02T14:40:00Z","Interval":"5min","Figi":"BBG000BR54L0"}
{"o":41.66,"c":41.79,"h":41.79,"l":41.61,"v":2830.0,"Time":"2020-12-02T14:40:00Z","Interval":"5min","Figi":"BBG000BR54L0"}
{"o":41.66,"c":41.84,"h":41.84,"l":41.61,"v":3030.0,"Time":"2020-12-02T14:40:00Z","Interval":"5min","Figi":"BBG000BR54L0"}
{"o":41.66,"c":41.89,"h":41.89,"l":41.61,"v":3530.0,"Time":"2020-12-02T14:40:00Z","Interval":"5min","Figi":"BBG000BR54L0"}
{"o":41.66,"c":41.78,"h":41.89,"l":41.61,"v":3655.0,"Time":"2020-12-02T14:40:00Z","Interval":"5min","Figi":"BBG000BR54L0"}
{"o":41.66,"c":41.75,"h":41.89,"l":41.61,"v":3725.0,"Time":"2020-12-02T14:40:00Z","Interval":"5min","Figi":"BBG000BR54L0"}
{"o":41.66,"c":41.74,"h":41.89,"l":41.61,"v":3855.0,"Time":"2020-12-02T14:40:00Z","Interval":"5min","Figi":"BBG000BR54L0"}
{"o":41.66,"c":41.84,"h":41.89,"l":41.61,"v":3885.0,"Time":"2020-12-02T14:40:00Z","Interval":"5min","Figi":"BBG000BR54L0"}
{"o":41.66,"c":41.77,"h":41.89,"l":41.61,"v":3886.0,"Time":"2020-12-02T14:40:00Z","Interval":"5min","Figi":"BBG000BR54L0"}
{"o":41.66,"c":41.77,"h":41.89,"l":41.61,"v":3886.0,"Time":"2020-12-02T14:40:00Z","Interval":"5min","Figi":"BBG000BR54L0"}
{"o":41.66,"c":41.81,"h":41.89,"l":41.61,"v":4232.0,"Time":"2020-12-02T14:40:00Z","Interval":"5min","Figi":"BBG000BR54L0"}
{"o":41.66,"c":41.81,"h":41.89,"l":41.61,"v":4386.0,"Time":"2020-12-02T14:40:00Z","Interval":"5min","Figi":"BBG000BR54L0"}
{"o":41.66,"c":41.75,"h":41.89,"l":41.61,"v":4493.0,"Time":"2020-12-02T14:40:00Z","Interval":"5min","Figi":"BBG000BR54L0"}
{"o":41.66,"c":41.81,"h":41.89,"l":41.61,"v":4494.0,"Time":"2020-12-02T14:40:00Z","Interval":"5min","Figi":"BBG000BR54L0"}
{"o":41.66,"c":41.69,"h":41.89,"l":41.61,"v":4694.0,"Time":"2020-12-02T14:40:00Z","Interval":"5min","Figi":"BBG000BR54L0"}
{"o":41.66,"c":41.76,"h":41.89,"l":41.61,"v":4904.0,"Time":"2020-12-02T14:40:00Z","Interval":"5min","Figi":"BBG000BR54L0"}
{"o":41.66,"c":41.77,"h":41.89,"l":41.61,"v":4934.0,"Time":"2020-12-02T14:40:00Z","Interval":"5min","Figi":"BBG000BR54L0"}
{"o":41.66,"c":41.77,"h":41.89,"l":41.61,"v":4936.0,"Time":"2020-12-02T14:40:00Z","Interval":"5min","Figi":"BBG000BR54L0"}
{"o":41.66,"c":41.81,"h":41.89,"l":41.61,"v":5110.0,"Time":"2020-12-02T14:40:00Z","Interval":"5min","Figi":"BBG000BR54L0"}
{"o":41.66,"c":41.81,"h":41.89,"l":41.61,"v":5136.0,"Time":"2020-12-02T14:40:00Z","Interval":"5min","Figi":"BBG000BR54L0"}
{"o":41.66,"c":41.75,"h":41.89,"l":41.61,"v":5142.0,"Time":"2020-12-02T14:40:00Z","Interval":"5min","Figi":"BBG000BR54L0"}
{"o":41.66,"c":41.73,"h":41.89,"l":41.61,"v":5442.0,"Time":"2020-12-02T14:40:00Z","Interval":"5min","Figi":"BBG000BR54L0"}
{"o":41.66,"c":41.73,"h":41.89,"l":41.61,"v":5542.0,"Time":"2020-12-02T14:40:00Z","Interval":"5min","Figi":"BBG000BR54L0"}
{"o":41.73,"c":41.72,"h":41.73,"l":41.72,"v":301.0,"Time":"2020-12-02T14:45:00Z","Interval":"5min","Figi":"BBG000BR54L0"}
{"o":41.73,"c":41.7,"h":41.73,"l":41.7,"v":302.0,"Time":"2020-12-02T14:45:00Z","Interval":"5min","Figi":"BBG000BR54L0"}
{"o":41.73,"c":41.7,"h":41.73,"l":41.7,"v":402.0,"Time":"2020-12-02T14:45:00Z","Interval":"5min","Figi":"BBG000BR54L0"}
{"o":41.73,"c":41.66,"h":41.73,"l":41.66,"v":702.0,"Time":"2020-12-02T14:45:00Z","Interval":"5min","Figi":"BBG000BR54L0"}
{"o":41.73,"c":41.7,"h":41.73,"l":41.66,"v":712.0,"Time":"2020-12-02T14:45:00Z","Interval":"5min","Figi":"BBG000BR54L0"}
{"o":41.73,"c":41.67,"h":41.73,"l":41.66,"v":959.0,"Time":"2020-12-02T14:45:00Z","Interval":"5min","Figi":"BBG000BR54L0"}
{"o":41.73,"c":41.68,"h":41.73,"l":41.66,"v":1112.0,"Time":"2020-12-02T14:45:00Z","Interval":"5min","Figi":"BBG000BR54L0"}
{"o":41.73,"c":41.68,"h":41.73,"l":41.66,"v":1116.0,"Time":"2020-12-02T14:45:00Z","Interval":"5min","Figi":"BBG000BR54L0"}
{"o":41.73,"c":41.67,"h":41.73,"l":41.66,"v":1123.0,"Time":"2020-12-02T14:45:00Z","Interval":"5min","Figi":"BBG000BR54L0"}
{"o":41.73,"c":41.66,"h":41.73,"l":41.66,"v":1423.0,"Time":"2020-12-02T14:45:00Z","Interval":"5min","Figi":"BBG000BR54L0"}
{"o":41.73,"c":41.7,"h":41.73,"l":41.66,"v":1600.0,"Time":"2020-12-02T14:45:00Z","Interval":"5min","Figi":"BBG000BR54L0"}
{"o":41.73,"c":41.7,"h":41.73,"l":41.66,"v":1623.0,"Time":"2020-12-02T14:45:00Z","Interval":"5min","Figi":"BBG000BR54L0"}
{"o":41.73,"c":41.7,"h":41.73,"l":41.66,"v":1823.0,"Time":"2020-12-02T14:45:00Z","Interval":"5min","Figi":"BBG000BR54L0"}
{"o":41.73,"c":41.72,"h":41.73,"l":41.66,"v":2123.0,"Time":"2020-12-02T14:45:00Z","Interval":"5min","Figi":"BBG000BR54L0"}
{"o":41.73,"c":41.72,"h":41.73,"l":41.66,"v":2223.0,"Time":"2020-12-02T14:45:00Z","Interval":"5min","Figi":"BBG000BR54L0"}
{"o":41.73,"c":41.7,"h":41.73,"l":41.66,"v":2403.0,"Time":"2020-12-02T14:45:00Z","Interval":"5min","Figi":"BBG000BR54L0"}
{"o":41.73,"c":41.7,"h":41.73,"l":41.66,"v":2425.0,"Time":"2020-12-02T14:45:00Z","Interval":"5min","Figi":"BBG000BR54L0"}
{"o":41.73,"c":41.69,"h":41.73,"l":41.66,"v":2625.0,"Time":"2020-12-02T14:45:00Z","Interval":"5min","Figi":"BBG000BR54L0"}
{"o":41.73,"c":41.69,"h":41.73,"l":41.66,"v":2625.0,"Time":"2020-12-02T14:45:00Z","Interval":"5min","Figi":"BBG000BR54L0"}
{"o":41.73,"c":41.68,"h":41.73,"l":41.66,"v":2725.0,"Time":"2020-12-02T14:45:00Z","Interval":"5min","Figi":"BBG000BR54L0"}
