{"o":35.5,"c":35.5,"h":35.5,"l":35.5,"v":1.0,"Time":"2020-12-01T13:45:00Z","Interval":"5min","Figi":"BBG000PXDL44"}
{"o":35.5,"c":35.5,"h":35.5,"l":35.5,"v":1.0,"Time":"2020-12-01T13:45:00Z","Interval":"5min","Figi":"BBG000PXDL44"}
{"o":35.76,"c":35.76,"h":35.76,"l":35.76,"v":15504.0,"Time":"2020-12-01T14:30:00Z","Interval":"5min","Figi":"BBG000PXDL44"}
{"o":35.76,"c":35.67,"h":35.76,"l":35.67,"v":15521.0,"Time":"2020-12-01T14:30:00Z","Interval":"5min","Figi":"BBG000PXDL44"}
{"o":35.76,"c":35.67,"h":35.76,"l":35.67,"v":15604.0,"Time":"2020-12-01T14:30:00Z","Interval":"5min","Figi":"BBG000PXDL44"}
{"o":35.76,"c":35.67,"h":35.76,"l":35.67,"v":15659.0,"Time":"2020-12-01T14:30:00Z","Interval":"5min","Figi":"BBG000PXDL44"}
{"o":35.76,"c":35.71,"h":35.76,"l":35.67,"v":16112.0,"Time":"2020-12-01T14:30:00Z","Interval":"5min","Figi":"BBG000PXDL44"}
{"o":35.76,"c":35.67,"h":35.76,"l":35.67,"v":16119.0,"Time":"2020-12-01T14:30:00Z","Interval":"5min","Figi":"BBG000PXDL44"}
{"o":35.76,"c":35.72,"h":35.76,"l":35.67,"v":16120.0,"Time":"2020-12-01T14:30:00Z","Interval":"5min","Figi":"BBG000PXDL44"}
{"o":35.76,"c":35.75,"h":35.76,"l":35.67,"v":16220.0,"Time":"2020-12-01T14:30:00Z","Interval":"5min","Figi":"BBG000PXDL44"}
{"o":35.76,"c":35.72,"h":35.76,"l":35.67,"v":16320.0,"Time":"2020-12-01T14:30:00Z","Interval":"5min","Figi":"BBG000PXDL44"}
{"o":35.76,"c":35.73,"h":35.76,"l":35.67,"v":16493.0,"Time":"2020-12-01T14:30:00Z","Interval":"5min","Figi":"BBG000PXDL44"}
{"o":35.76,"c":35.71,"h":35.76,"l":35.67,"v":16693.0,"Time":"2020-12-01T14:30:00Z","Interval":"5min","Figi":"BBG000PXDL44"}
{"o":35.76,"c":35.77,"h":35.77,"l":35.67,"v":17137.0,"Time":"2020-12-01T14:30:00Z","Interval":"5min","Figi":"BBG000PXDL44"}
{"o":35.76,"c":35.77,"h":35.77,"l":35.67,"v":17203.0,"Time":"2020-12-01T14:30:00Z","Interval":"5min","Figi":"BBG000PXDL44"}
{"o":35.76,"c":35.76,"h":35.77,"l":35.67,"v":17303.0,"Time":"2020-12-01T14:30:00Z","Interval":"5min","Figi":"BBG000PXDL44"}
{"o":35.76,"c":35.77,"h":35.77,"l":35.67,"v":17403.0,"Time":"2020-12-01T14:30:00Z","Interval":"5min","Figi":"BBG000PXDL44"}
{"o":35.76,"c":35.77,"h":35.77,"l":35.67,"v":17503.0,"Time":"2020-12-01T14:30:00Z","Interval":"5min","Figi":"BBG000PXDL44"}
{"o":35.76,"c":35.82,"h":35.82,"l":35.67,"v":17703.0,"Time":"2020-12-01T14:30:00Z","Interval":"5min","Figi":"BBG000PXDL44"}
{"o":35.76,"c":35.71,"h":35.82,"l":35.67,"v":17923.0,"Time":"2020-12-01T14:30:00Z","Interval":"5min","Figi":"BBG000PXDL44"}
{"o":35.76,"c":35.69,"h":35.82,"l":35.67,"v":18023.0,"Time":"2020-12-01T14:30:00Z","Interval":"5min","Figi":"BBG000PXDL44"}
{"o":35.76,"c":35.67,"h":35.82,"l":35.67,"v":18361.0,"Time":"2020-12-01T14:30:00Z","Interval":"5min","Figi":"BBG000PXDL44"}
{"o":35.76,"c":35.66,"h":35.82,"l":35.66,"v":18561.0,"Time":"2020-12-01T14:30:00Z","Interval":"5min","Figi":"BBG000PXDL44"}
{"o":35.76,"c":35.63,"h":35.82,"l":35.63,"v":18611.0,"Time":"2020-12-01T14:30:00Z","Interval":"5min","Figi":"BBG000PXDL44"}
{"o":35.76,"c":35.63,"h":35.82,"l":35.63,"v":18711.0,"Time":"2020-12-01T14:30:00Z","Interval":"5min","Figi":"BBG000PXDL44"}
{"o":35.76,"c":35.62,"h":35.82,"l":35.62,"v":19011.0,"Time":"2020-12-01T14:30:00Z","Interval":"5min","Figi":"BBG000PXDL44"}
{"o":35.76,"c":35.62,"h":35.82,"l":35.62,"v":19041.0,"Time":"2020-12-01T14:30:00Z","Interval":"5min","Figi":"BBG000PXDL44"}
{"o":35.76,"c":35.62,"h":35.82,"l":35.62,"v":19045.0,"Time":"2020-12-01T14:30:00Z","Interval":"5min","Figi":"BBG000PXDL44"}
{"o":35.76,"c":35.72,"h":35.82,"l":35.62,"v":19432.0,"Time":"2020-12-01T14:30:00Z","Interval":"5min","Figi":"BBG000PXDL44"}
{"o":35.76,"c":35.67,"h":35.82,"l":35.62,"v":19681.0,"Time":"2020-12-01T14:30:00Z","Interval":"5min","Figi":"BBG000PXDL44"}
{"o":35.76,"c":35.67,"h":35.82,"l":35.62,"v":19782.0,"Time":"2020-12-01T14:30:00Z","Interval":"5min","Figi":"BBG000PXDL44"}
{"o":35.76,"c":35.7,"h":35.82,"l":35.62,"v":19883.0,"Time":"2020-12-01T14:30:00Z","Interval":"5min","Figi":"BBG000PXDL44"}
{"o":35.63,"c":35.62,"h":35.63,"l":35.62,"v":174.0,"Time":"2020-12-01T14:35:00Z","Interval":"5min","Figi":"BBG000PXDL44"}
{"o":35.63,"c":35.6,"h":35.63,"l":35.6,"v":196.0,"Time":"2020-12-01T14:35:00Z","Interval":"5min","Figi":"BBG000PXDL44"}
{"o":35.63,"c":35.6,"h":35.63,"l":35.6,"v":396.0,"Time":"2020-12-01T14:35:00Z","Interval":"5min","Figi":"BBG000PXDL44"}
{"o":35.63,"c":35.57,"h":35.63,"l":35.57,"v":616.0,"Time":"2020-12-01T14:35:00Z","Interval":"5min","Figi":"BBG000PXDL44"}
{"o":35.63,"c":35.54,"h":35.63,"l":35.54,"v":816.0,"Time":"2020-12-01T14:35:00Z","Interval":"5min","Figi":"BBG000PXDL44"}
{"o":35.63,"c":35.54,"h":35.63,"l":35.54,"v":916.0,"Time":"2020-12-01T14:35:00Z","Interval":"5min","Figi":"BBG000PXDL44"}
{"o":35.63,"c":35.55,"h":35.63,"l":35.54,"v":1116.0,"Time":"2020-12-01T14:35:00Z","Interval":"5min","Figi":"BBG000PXDL44"}
{"o":35.63,"c":35.57,"h":35.63,"l":35.54,"v":1316.0,"Time":"2020-12-01T14:35:00Z","Interval":"5min","Figi":"BBG000PXDL44"}
{"o":35.63,"c":35.6,"h":35.63,"l":35.54,"v":1920.0,"Time":"2020-12-01T14:35:00Z","Interval":"5min","Figi":"BBG000PXDL44"}
{"o":35.63,"c":35.62,"h":35.63,"l":35.54,"v":2020.0,"Time":"2020-12-01T14:35:00Z","Interval":"5min","Figi":"BBG000PXDL44"}
{"o":35.63,"c":35.62,"h":35.63,"l":35.54,"v":2220.0,"Time":"2020-12-01T14:35:00Z","Interval":"5min","Figi":"BBG000PXDL44"}
{"o":35.63,"c":35.64,"h":35.64,"l":35.54,"v":2420.0,"Time":"2020-12-01T14:35:00Z","Interval":"5min","Figi":"BBG000PXDL44"}
{"o":35.63,"c":35.66,"h":35.66,"l":35.54,"v":2821.0,"Time":"2020-12-01T14:35:00Z","Interval":"5min","Figi":"BBG000PXDL44"}
{"o":35.63,"c":35.66,"h":35.66,"l":35.54,"v":2921.0,"Time":"2020-12-01T14:35:00Z","Interval":"5min","Figi":"BBG000PXDL44"}
{"o":35.63,"c":35.64,"h":35.66,"l":35.54,"v":3058.0,"Time":"2020-12-01T14:35:00Z","Interval":"5min","Figi":"BBG000PXDL44"}
{"o":35.63,"c":35.65,"h":35.66,"l":35.54,"v":3412.0,"Time":"2020-12-01T14:35:00Z","Interval":"5min","Figi":"BBG000PXDL44"}
{"o":35.63,"c":35.66,"h":35.66,"l":35.54,"v":3512.0,"Time":"2020-12-01T14:35:00Z","Interval":"5min","Figi":"BBG000PXDL44"}
{"o":35.63,"c":35.66,"h":35.66,"l":35.54,"v":3513.0,"Time":"2020-12-01T14:35:00Z","Interval":"5min","Figi":"BBG000PXDL44"}
{"o":35.63,"c":35.65,"h":35.66,"l":35.54,"v":3514.0,"Time":"2020-12-01T14:35:00Z","Interval":"5min","Figi":"BBG000PXDL44"}
{"o":35.63,"c":35.68,"h":35.68,"l":35.54,"v":3614.0,"Time":"2020-12-01T14:35:00Z","Interval":"5min","Figi":"BBG000PXDL44"}
{"o":35.63,"c":35.7,"h":35.7,"l":35.54,"v":3815.0,"Time":"2020-12-01T14:35:00Z","Interval":"5min","Figi":"BBG000PXDL44"}
{"o":35.63,"c":35.68,"h":35.7,"l":35.54,"v":3835.0,"Time":"2020-12-01T14:35:00Z","Interval":"5min","Figi":"BBG000PXDL44"}
{"o":35.63,"c":35.7,"h":35.7,"l":35.54,"v":3935.0,"Time":"2020-12-01T14:35:00Z","Interval":"5min","Figi":"BBG000PXDL44"}
{"o":35.63,"c":35.69,"h":35.7,"l":35.54,"v":4035.0,"Time":"2020-12-01T14:35:00Z","Interval":"5min","Figi":"BBG000PXDL44"}
{"o":35.63,"c":35.69,"h":35.7,"l":35.54,"v":4135.0,"Time":"2020-12-01T14:35:00Z","Interval":"5min","Figi":"BBG000PXDL44"}
{"o":35.63,"c":35.67,"h":35.7,"l":35.54,"v":4336.0,"Time":"2020-12-01T14:35:00Z","Interval":"5min","Figi":"BBG000PXDL44"}
{"o":35.63,"c":35.68,"h":35.7,"l":35.54,"v":4436.0,"Time":"2020-12-01T14:35:00Z","Interval":"5min","Figi":"BBG000PXDL44"}
{"o":35.63,"c":35.68,"h":35.7,"l":35.54,"v":4610.0,"Time":"2020-12-01T14:35:00Z","Interval":"5min","Figi":"BBG000PXDL44"}
{"o":35.66,"c":35.65,"h":35.66,"l":35.65,"v":286.0,"Time":"2020-12-01T14:40:00Z","Interval":"5min","Figi":"BBG000PXDL44"}
{"o":35.66,"c":35.65,"h":35.67,"l":35.65,"v":886.0,"Time":"2020-12-01T14:40:00Z","Interval":"5min","Figi":"BBG000PXDL44"}
{"o":35.66,"c":35.71,"h":35.71,"l":35.65,"v":1113.0,"Time":"2020-12-01T14:40:00Z","Interval":"5min","Figi":"BBG000PXDL44"}
{"o":35.66,"c":35.74,"h":35.74,"l":35.65,"v":1613.0,"Time":"2020-12-01T14:40:00Z","Interval":"5min","Figi":"BBG000PXDL44"}
{"o":35.66,"c":35.72,"h":35.74,"l":35.65,"v":1628.0,"Time":"2020-12-01T14:40:00Z","Interval":"5min","Figi":"BBG000PXDL44"}
{"o":35.66,"c":35.75,"h":35.75,"l":35.65,"v":1816.0,"Time":"2020-12-01T14:40:00Z","Interval":"5min","Figi":"BBG000PXDL44"}
{"o":35.66,"c":35.74,"h":35.75,"l":35.65,"v":2235.0,"Time":"2020-12-01T14:40:00Z","Interval":"5min","Figi":"BBG000PXDL44"}
{"o":35.66,"c":35.73,"h":35.75,"l":35.65,"v":2394.0,"Time":"2020-12-01T14:40:00Z","Interval":"5min","Figi":"BBG000PXDL44"}
{"o":35.66,"c":35.73,"h":35.75,"l":35.65,"v":2475.0,"Time":"2020-12-01T14:40:00Z","Interval":"5min","Figi":"BBG000PXDL44"}
{"o":35.66,"c":35.75,"h":35.75,"l":35.65,"v":2675.0,"Time":"2020-12-01T14:40:00Z","Interval":"5min","Figi":"BBG000PXDL44"}
{"o":35.66,"c":35.74,"h":35.75,"l":35.65,"v":2775.0,"Time":"2020-12-01T14:40:00Z","Interval":"5min","Figi":"BBG000PXDL44"}
{"o":35.66,"c":35.75,"h":35.75,"l":35.65,"v":2875.0,"Time":"2020-12-01T14:40:00Z","Interval":"5min","Figi":"BBG000PXDL44"}
{"o":35.66,"c":35.73,"h":35.75,"l":35.65,"v":2876.0,"Time":"2020-12-01T14:40:00Z","Interval":"5min","Figi":"BBG000PXDL44"}
{"o":35.66,"c":35.73,"h":35.75,"l":35.65,"v":2976.0,"Time":"2020-12-01T14:40:00Z","Interval":"5min","Figi":"BBG000PXDL44"}
{"o":35.66,"c":35.73,"h":35.75,"l":35.65,"v":3276.0,"Time":"2020-12-01T14:40:00Z","Interval":"5min","Figi":"BBG000PXDL44"}
{"o":35.66,"c":35.73,"h":35.75,"l":35.65,"v":3691.0,"Time":"2020-12-01T14:40:00Z","Interval":"5min","Figi":"BBG000PXDL44"}
{"o":35.66,"c":35.73,"h":35.75,"l":35.65,"v":4862.0,"Time":"2020-12-01T14:40:00Z","Interval":"5min","Figi":"BBG000PXDL44"}
{"o":35.66,"c":35.73,"h":35.75,"l":35.65,"v":4962.0,"Time":"2020-12-01T14:40:00Z","Interval":"5min","Figi":"BBG000PXDL44"}
{"o":35.66,"c":35.73,"h":35.75,"l":35.65,"v":5062.0,"Time":"2020-12-01T14:40:00Z","Interval":"5min","Figi":"BBG000PXDL44"}
{"o":35.66,"c":35.74,"h":35.75,"l":35.65,"v":5164.0,"Time":"2020-12-01T14:40:00Z","Interval":"5min","Figi":"BBG000PXDL44"}
{"o":35.66,"c":35.78,"h":35.78,"l":35.65,"v":5589.0,"Time":"2020-12-01T14:40:00Z","Interval":"5min","Figi":"BBG000PXDL44"}
{"o":35.66,"c":35.76,"h":35.78,"l":35.65,"v":6308.0,"Time":"2020-12-01T14:40:00Z","Interval":"5min","Figi":"BBG000PXDL44"}
{"o":35.66,"c":35.76,"h":35.78,"l":35.65,"v":6374.0,"Time":"2020-12-01T14:40:00Z","Interval":"5min","Figi":"BBG000PXDL44"}
{"o":35.66,"c":35.76,"h":35.78,"l":35.65,"v":6574.0,"Time":"2020-12-01T14:40:00Z","Interval":"5min","Figi":"BBG000PXDL44"}
{"o":35.66,"c":35.76,"h":35.78,"l":35.65,"v":6599.0,"Time":"2020-12-01T14:40:00Z","Interval":"5min","Figi":"BBG000PXDL44"}
{"o":35.66,"c":35.77,"h":35.78,"l":35.65,"v":6699.0,"Time":"2020-12-01T14:40:00Z","Interval":"5min","Figi":"BBG000PXDL44"}
{"o":35.66,"c":35.76,"h":35.78,"l":35.65,"v":7009.0,"Time":"2020-12-01T14:40:00Z","Interval":"5min","Figi":"BBG000PXDL44"}
{"o":35.66,"c":35.75,"h":35.78,"l":35.65,"v":7109.0,"Time":"2020-12-01T14:40:00Z","Interval":"5min","Figi":"BBG000PXDL44"}
{"o":35.66,"c":35.76,"h":35.78,"l":35.65,"v":7309.0,"Time":"2020-12-01T14:40:00Z","Interval":"5min","Figi":"BBG000PXDL44"}
{"o":35.66,"c":35.76,"h":35.78,"l":35.65,"v":7709.0,"Time":"2020-12-01T14:40:00Z","Interval":"5min","Figi":"BBG000PXDL44"}
{"o":35.66,"c":35.79,"h":35.79,"l":35.65,"v":7809.0,"Time":"2020-12-01T14:40:00Z","Interval":"5min","Figi":"BBG000PXDL44"}
{"o":35.66,"c":35.81,"h":35.81,"l":35.65,"v":7939.0,"Time":"2020-12-01T14:40:00Z","Interval":"5min","Figi":"BBG000PXDL44"}
{"o":35.66,"c":35.81,"h":35.81,"l":35.65,"v":7950.0,"Time":"2020-12-01T14:40:00Z","Interval":"5min","Figi":"BBG000PXDL44"}
{"o":35.66,"c":35.83,"h":35.83,"l":35.65,"v":8250.0,"Time":"2020-12-01T14:40:00Z","Interval":"5min","Figi":"BBG000PXDL44"}
{"o":35.66,"c":35.84,"h":35.84,"l":35.65,"v":8450.0,"Time":"2020-12-01T14:40:00Z","Interval":"5min","Figi":"BBG000PXDL44"}
{"o":35.66,"c":35.84,"h":35.84,"l":35.65,"v":8550.0,"Time":"2020-12-01T14:40:00Z","Interval":"5min","Figi":"BBG000PXDL44"}
{"o":35.66,"c":35.88,"h":35.88,"l":35.65,"v":8600.0,"Time":"2020-12-01T14:40:00Z","Interval":"5min","Figi":"BBG000PXDL44"}
{"o":35.66,"c":35.88,"h":35.88,"l":35.65,"v":8650.0,"Time":"2020-12-01T14:40:00Z","Interval":"5min","Figi":"BBG000PXDL44"}
{"o":35.66,"c":35.88,"h":35.88,"l":35.65,"v":8700.0,"Time":"2020-12-01T14:40:00Z","Interval":"5min","Figi":"BBG000PXDL44"}
{"o":35.83,"c":35.83,"h":35.83,"l":35.83,"v":195.0,"Time":"2020-12-01T14:45:00Z","Interval":"5min","Figi":"BBG000PXDL44"}
{"o":35.83,"c":35.82,"h":35.83,"l":35.82,"v":588.0,"Time":"2020-12-01T14:45:00Z","Interval":"5min","Figi":"BBG000PXDL44"}
{"o":35.83,"c":35.82,"h":35.83,"l":35.82,"v":988.0,"Time":"2020-12-01T14:45:00Z","Interval":"5min","Figi":"BBG000PXDL44"}
{"o":35.83,"c":35.86,"h":35.86,"l":35.82,"v":1038.0,"Time":"2020-12-01T14:45:00Z","Interval":"5min","Figi":"BBG000PXDL44"}
{"o":35.83,"c":35.86,"h":35.87,"l":35.82,"v":1488.0,"Time":"2020-12-01T14:45:00Z","Interval":"5min","Figi":"BBG000PXDL44"}
{"o":35.83,"c":35.87,"h":35.87,"l":35.82,"v":1789.0,"Time":"2020-12-01T14:45:00Z","Interval":"5min","Figi":"BBG000PXDL44"}
{"o":35.83,"c":35.87,"h":35.87,"l":35.82,"v":1990.0,"Time":"2020-12-01T14:45:00Z","Interval":"5min","Figi":"BBG000PXDL44"}
{"o":35.83,"c":35.87,"h":35.87,"l":35.82,"v":2690.0,"Time":"2020-12-01T14:45:00Z","Interval":"5min","Figi":"BBG000PXDL44"}
{"o":35.83,"c":35.88,"h":35.89,"l":35.82,"v":2890.0,"Time":"2020-12-01T14:45:00Z","Interval":"5min","Figi":"BBG000PXDL44"}
{"o":35.83,"c":35.87,"h":35.89,"l":35.82,"v":2940.0,"Time":"2020-12-01T14:45:00Z","Interval":"5min","Figi":"BBG000PXDL44"}
{"o":35.83,"c":35.87,"h":35.89,"l":35.82,"v":3140.0,"Time":"2020-12-01T14:45:00Z","Interval":"5min","Figi":"BBG000PXDL44"}
{"o":35.83,"c":35.87,"h":35.89,"l":35.82,"v":3540.0,"Time":"2020-12-01T14:45:00Z","Interval":"5min","Figi":"BBG000PXDL44"}
{"o":35.83,"c":35.88,"h":35.89,"l":35.82,"v":3640.0,"Time":"2020-12-01T14:45:00Z","Interval":"5min","Figi":"BBG000PXDL44"}
{"o":35.83,"c":35.89,"h":35.89,"l":35.82,"v":3641.0,"Time":"2020-12-01T14:45:00Z","Interval":"5min","Figi":"BBG000PXDL44"}
{"o":35.83,"c":35.9,"h":35.9,"l":35.82,"v":3642.0,"Time":"2020-12-01T14:45:00Z","Interval":"5min","Figi":"BBG000PXDL44"}
{"o":35.83,"c":35.92,"h":35.92,"l":35.82,"v":3892.0,"Time":"2020-12-01T14:45:00Z","Interval":"5min","Figi":"BBG000PXDL44"}
{"o":35.83,"c":35.9,"h":35.92,"l":35.82,"v":4042.0,"Time":"2020-12-01T14:45:00Z","Interval":"5min","Figi":"BBG000PXDL44"}
{"o":35.83,"c":35.89,"h":35.92,"l":35.82,"v":4194.0,"Time":"2020-12-01T14:45:00Z","Interval":"5min","Figi":"BBG000PXDL44"}
{"o":35.83,"c":35.87,"h":35.92,"l":35.82,"v":4201.0,"Time":"2020-12-01T14:45:00Z","Interval":"5min","Figi":"BBG000PXDL44"}
{"o":35.83,"c":35.85,"h":35.92,"l":35.82,"v":4208.0,"Time":"2020-12-01T14:45:00Z","Interval":"5min","Figi":"BBG000PXDL44"}
{"o":35.83,"c":35.88,"h":35.92,"l":35.82,"v":4387.0,"Time":"2020-12-01T14:45:00Z","Interval":"5min","Figi":"BBG000PXDL44"}
{"o":35.83,"c":35.83,"h":35.92,"l":35.82,"v":4887.0,"Time":"2020-12-01T14:45:00Z","Interval":"5min","Figi":"BBG000PXDL44"}
{"o":35.83,"c":35.83,"h":35.92,"l":35.82,"v":4987.0,"Time":"2020-12-01T14:45:00Z","Interval":"5min","Figi":"BBG000PXDL44"}
{"o":35.83,"c":35.83,"h":35.92,"l":35.82,"v":5187.0,"Time":"2020-12-01T14:45:00Z","Interval":"5min","Figi":"BBG000PXDL44"}
{"o":35.83,"c":35.86,"h":35.92,"l":35.82,"v":5189.0,"Time":"2020-12-01T14:45:00Z","Interval":"5min","Figi":"BBG000PXDL44"}
{"o":35.83,"c":35.86,"h":35.92,"l":35.82,"v":5190.0,"Time":"2020-12-01T14:45:00Z","Interval":"5min","Figi":"BBG000PXDL44"}
{"o":35.83,"c":35.88,"h":35.92,"l":35.82,"v":5211.0,"Time":"2020-12-01T14:45:00Z","Interval":"5min","Figi":"BBG000PXDL44"}
{"o":35.83,"c":35.88,"h":35.92,"l":35.82,"v":5311.0,"Time":"2020-12-01T14:45:00Z","Interval":"5min","Figi":"BBG000PXDL44"}
{"o":35.83,"c":35.88,"h":35.92,"l":35.82,"v":5411.0,"Time":"2020-12-01T14:45:00Z","Interval":"5min","Figi":"BBG000PXDL44"}
{"o":35.83,"c":35.91,"h":35.92,"l":35.82,"v":5413.0,"Time":"2020-12-01T14:45:00Z","Interval":"5min","Figi":"BBG000PXDL44"}
{"o":35.83,"c":35.97,"h":35.97,"l":35.82,"v":5480.0,"Time":"2020-12-01T14:45:00Z","Interval":"5min","Figi":"BBG000PXDL44"}
{"o":35.83,"c":35.96,"h":35.97,"l":35.82,"v":5999.0,"Time":"2020-12-01T14:45:00Z","Interval":"5min","Figi":"BBG000PXDL44"}
{"o":35.83,"c":35.96,"h":35.97,"l":35.82,"v":6261.0,"Time":"2020-12-01T14:45:00Z","Interval":"5min","Figi":"BBG000PXDL44"}
{"o":35.83,"c":35.93,"h":35.97,"l":35.82,"v":6363.0,"Time":"2020-12-01T14:45:00Z","Interval":"5min","Figi":"BBG000PXDL44"}
{"o":35.83,"c":35.97,"h":35.97,"l":35.82,"v":6463.0,"Time":"2020-12-01T14:45:00Z","Interval":"5min","Figi":"BBG000PXDL44"}
{"o":35.83,"c":35.98,"h":35.98,"l":35.82,"v":6563.0,"Time":"2020-12-01T14:45:00Z","Interval":"5min","Figi":"BBG000PXDL44"}
{"o":35.83,"c":35.98,"h":35.98,"l":35.82,"v":6763.0,"Time":"2020-12-01T14:45:00Z","Interval":"5min","Figi":"BBG000PXDL44"}
{"o":35.83,"c":35.93,"h":35.98,"l":35.82,"v":6769.0,"Time":"2020-12-01T14:45:00Z","Interval":"5min","Figi":"BBG000PXDL44"}
{"o":35.83,"c":35.93,"h":35.98,"l":35.82,"v":6863.0,"Time":"2020-12-01T14:45:00Z","Interval":"5min","Figi":"BBG000PXDL44"}
{"o":35.83,"c":35.92,"h":35.98,"l":35.82,"v":7035.0,"Time":"2020-12-01T14:45:00Z","Interval":"5min","Figi":"BBG000PXDL44"}
{"o":35.83,"c":35.94,"h":35.98,"l":35.82,"v":7236.0,"Time":"2020-12-01T14:45:00Z","Interval":"5min","Figi":"BBG000PXDL44"}
{"o":35.83,"c":35.95,"h":35.98,"l":35.82,"v":7736.0,"Time":"2020-12-01T14:45:00Z","Interval":"5min","Figi":"BBG000PXDL44"}
{"o":35.96,"c":35.97,"h":35.97,"l":35.96,"v":201.0,"Time":"2020-12-01T14:50:00Z","Interval":"5min","Figi":"BBG000PXDL44"}
{"o":35.96,"c":36.0,"h":36.0,"l":35.96,"v":224.0,"Time":"2020-12-01T14:50:00Z","Interval":"5min","Figi":"BBG000PXDL44"}
{"o":35.96,"c":36.0,"h":36.0,"l":35.96,"v":578.0,"Time":"2020-12-01T14:50:00Z","Interval":"5min","Figi":"BBG000PXDL44"}
{"o":35.96,"c":35.99,"h":36.0,"l":35.96,"v":579.0,"Time":"2020-12-01T14:50:00Z","Interval":"5min","Figi":"BBG000PXDL44"}
{"o":35.96,"c":36.02,"h":36.02,"l":35.96,"v":679.0,"Time":"2020-12-01T14:50:00Z","Interval":"5min","Figi":"BBG000PXDL44"}
{"o":35.96,"c":36.0,"h":36.02,"l":35.96,"v":809.0,"Time":"2020-12-01T14:50:00Z","Interval":"5min","Figi":"BBG000PXDL44"}
{"o":35.96,"c":35.99,"h":36.02,"l":35.96,"v":909.0,"Time":"2020-12-01T14:50:00Z","Interval":"5min","Figi":"BBG000PXDL44"}
{"o":35.96,"c":36.0,"h":36.02,"l":35.96,"v":911.0,"Time":"2020-12-01T14:50:00Z","Interval":"5min","Figi":"BBG000PXDL44"}
{"o":35.96,"c":35.99,"h":36.02,"l":35.96,"v":947.0,"Time":"2020-12-01T14:50:00Z","Interval":"5min","Figi":"BBG000PXDL44"}
{"o":35.96,"c":36.01,"h":36.02,"l":35.96,"v":948.0,"Time":"2020-12-01T14:50:00Z","Interval":"5min","Figi":"BBG000PXDL44"}
{"o":35.96,"c":36.04,"h":36.04,"l":35.96,"v":1212.0,"Time":"2020-12-01T14:50:00Z","Interval":"5min","Figi":"BBG000PXDL44"}
{"o":35.96,"c":36.04,"h":36.04,"l":35.96,"v":1249.0,"Time":"2020-12-01T14:50:00Z","Interval":"5min","Figi":"BBG000PXDL44"}
{"o":35.96,"c":36.05,"h":36.05,"l":35.96,"v":1349.0,"Time":"2020-12-01T14:50:00Z","Interval":"5min","Figi":"BBG000PXDL44"}
{"o":35.96,"c":36.06,"h":36.06,"l":35.96,"v":1449.0,"Time":"2020-12-01T14:50:00Z","Interval":"5min","Figi":"BBG000PXDL44"}
{"o":35.96,"c":36.07,"h":36.07,"l":35.96,"v":1480.0,"Time":"2020-12-01T14:50:00Z","Interval":"5min","Figi":"BBG000PXDL44"}
{"o":35.96,"c":36.03,"h":36.07,"l":35.96,"v":1920.0,"Time":"2020-12-01T14:50:00Z","Interval":"5min","Figi":"BBG000PXDL44"}
{"o":35.96,"c":36.03,"h":36.07,"l":35.96,"v":2120.0,"Time":"2020-12-01T14:50:00Z","Interval":"5min","Figi":"BBG000PXDL44"}
{"o":35.96,"c":36.05,"h":36.07,"l":35.96,"v":2220.0,"Time":"2020-12-01T14:50:00Z","Interval":"5min","Figi":"BBG000PXDL44"}
{"o":35.96,"c":36.07,"h":36.07,"l":35.96,"v":2221.0,"Time":"2020-12-01T14:50:00Z","Interval":"5min","Figi":"BBG000PXDL44"}
{"o":35.96,"c":36.04,"h":36.07,"l":35.96,"v":2282.0,"Time":"2020-12-01T14:50:00Z","Interval":"5min","Figi":"BBG000PXDL44"}
{"o":35.96,"c":36.02,"h":36.07,"l":35.96,"v":2284.0,"Time":"2020-12-01T14:50:00Z","Interval":"5min","Figi":"BBG000PXDL44"}
{"o":35.96,"c":36.02,"h":36.07,"l":35.96,"v":2294.0,"Time":"2020-12-01T14:50:00Z","Interval":"5min","Figi":"BBG000PXDL44"}
{"o":35.96,"c":36.02,"h":36.07,"l":35.96,"v":2304.0,"Time":"2020-12-01T14:50:00Z","Interval":"5min","Figi":"BBG000PXDL44"}
{"o":35.96,"c":36.01,"h":36.07,"l":35.96,"v":2306.0,"Time":"2020-12-01T14:50:00Z","Interval":"5min","Figi":"BBG000PXDL44"}
{"o":35.96,"c":35.99,"h":36.07,"l":35.96,"v":2524.0,"Time":"2020-12-01T14:50:00Z","Interval":"5min","Figi":"BBG000PXDL44"}
{"o":35.96,"c":35.96,"h":36.07,"l":35.96,"v":3189.0,"Time":"2020-12-01T14:50:00Z","Interval":"5min","Figi":"BBG000PXDL44"}
{"o":35.96,"c":35.93,"h":36.07,"l":35.93,"v":4584.0,"Time":"2020-12-01T14:50:00Z","Interval":"5min","Figi":"BBG000PXDL44"}
{"o":35.96,"c":35.93,"h":36.07,"l":35.93,"v":5486.0,"Time":"2020-12-01T14:50:00Z","Interval":"5min","Figi":"BBG000PXDL44"}
{"o":35.96,"c":35.93,"h":36.07,"l":35.93,"v":6086.0,"Time":"2020-12-01T14:50:00Z","Interval":"5min","Figi":"BBG000PXDL44"}
{"o":35.96,"c":35.93,"h":36.07,"l":35.93,"v":6306.0,"Time":"2020-12-01T14:50:00Z","Interval":"5min","Figi":"BBG000PXDL44"}
{"o":35.96,"c":35.94,"h":36.07,"l":35.93,"v":6406.0,"Time":"2020-12-01T14:50:00Z","Interval":"5min","Figi":"BBG000PXDL44"}
{"o":35.96,"c":35.96,"h":36.07,"l":35.93,"v":6424.0,"Time":"2020-12-01T14:50:00Z","Interval":"5min","Figi":"BBG000PXDL44"}
{"o":35.96,"c":35.97,"h":36.07,"l":35.93,"v":6524.0,"Time":"2020-12-01T14:50:00Z","Interval":"5min","Figi":"BBG000PXDL44"}
{"o":35.96,"c":35.97,"h":36.07,"l":35.93,"v":6824.0,"Time":"2020-12-01T14:50:00Z","Interval":"5min","Figi":"BBG000PXDL44"}
{"o":35.94,"c":35.94,"h":35.94,"l":35.94,"v":18.0,"Time":"2020-12-01T14:55:00Z","Interval":"5min","Figi":"BBG000PXDL44"}
{"o":35.94,"c":35.92,"h":35.94,"l":35.92,"v":97.0,"Time":"2020-12-01T14:55:00Z","Interval":"5min","Figi":"BBG000PXDL44"}
{"o":35.94,"c":35.95,"h":35.95,"l":35.92,"v":400.0,"Time":"2020-12-01T14:55:00Z","Interval":"5min","Figi":"BBG000PXDL44"}
{"o":35.94,"c":35.92,"h":35.95,"l":35.92,"v":518.0,"Time":"2020-12-01T14:55:00Z","Interval":"5min","Figi":"BBG000PXDL44"}
{"o":35.94,"c":35.93,"h":35.95,"l":35.92,"v":523.0,"Time":"2020-12-01T14:55:00Z","Interval":"5min","Figi":"BBG000PXDL44"}
{"o":35.94,"c":35.95,"h":35.95,"l":35.92,"v":1018.0,"Time":"2020-12-01T14:55:00Z","Interval":"5min","Figi":"BBG000PXDL44"}
{"o":35.94,"c":35.95,"h":35.95,"l":35.92,"v":1118.0,"Time":"2020-12-01T14:55:00Z","Interval":"5min","Figi":"BBG000PXDL44"}
{"o":35.94,"c":35.95,"h":35.95,"l":35.92,"v":1219.0,"Time":"2020-12-01T14:55:00Z","Interval":"5min","Figi":"BBG000PXDL44"}
{"o":35.94,"c":35.94,"h":35.96,"l":35.92,"v":1337.0,"Time":"2020-12-01T14:55:00Z","Interval":"5min","Figi":"BBG000PXDL44"}
{"o":35.94,"c":35.94,"h":35.96,"l":35.92,"v":1592.0,"Time":"2020-12-01T14:55:00Z","Interval":"5min","Figi":"BBG000PXDL44"}
{"o":35.94,"c":35.94,"h":35.96,"l":35.92,"v":1692.0,"Time":"2020-12-01T14:55:00Z","Interval":"5min","Figi":"BBG000PXDL44"}
{"o":35.94,"c":35.92,"h":35.96,"l":35.92,"v":1710.0,"Time":"2020-12-01T14:55:00Z","Interval":"5min","Figi":"BBG000PXDL44"}
{"o":35.94,"c":35.91,"h":35.96,"l":35.91,"v":1810.0,"Time":"2020-12-01T14:55:00Z","Interval":"5min","Figi":"BBG000PXDL44"}
{"o":35.94,"c":35.92,"h":35.96,"l":35.91,"v":1828.0,"Time":"2020-12-01T14:55:00Z","Interval":"5min","Figi":"BBG000PXDL44"}
{"o":35.94,"c":35.92,"h":35.96,"l":35.91,"v":1864.0,"Time":"2020-12-01T14:55:00Z","Interval":"5min","Figi":"BBG000PXDL44"}
{"o":35.94,"c":35.93,"h":35.96,"l":35.91,"v":1964.0,"Time":"2020-12-01T14:55:00Z","Interval":"5min","Figi":"BBG000PXDL44"}
{"o":35.94,"c":35.92,"h":35.96,"l":35.91,"v":1970.0,"Time":"2020-12-01T14:55:00Z","Interval":"5min","Figi":"BBG000PXDL44"}
{"o":35.94,"c":35.92,"h":35.96,"l":35.91,"v":1988.0,"Time":"2020-12-01T14:55:00Z","Interval":"5min","Figi":"BBG000PXDL44"}
{"o":35.94,"c":35.92,"h":35.96,"l":35.91,"v":2006.0,"Time":"2020-12-01T14:55:00Z","Interval":"5min","Figi":"BBG000PXDL44"}
{"o":35.94,"c":35.91,"h":35.96,"l":35.91,"v":2008.0,"Time":"2020-12-01T14:55:00Z","Interval":"5min","Figi":"BBG000PXDL44"}
{"o":35.94,"c":35.91,"h":35.96,"l":35.9,"v":2118.0,"Time":"2020-12-01T14:55:00Z","Interval":"5min","Figi":"BBG000PXDL44"}
{"o":35.94,"c":35.91,"h":35.96,"l":35.9,"v":2118.0,"Time":"2020-12-01T14:55:00Z","Interval":"5min","Figi":"BBG000PXDL44"}
{"o":35.94,"c":35.89,"h":35.96,"l":35.89,"v":2190.0,"Time":"2020-12-01T14:55:00Z","Interval":"5min","Figi":"BBG000PXDL44"}
{"o":35.94,"c":35.87,"h":35.96,"l":35.87,"v":2208.0,"Time":"2020-12-01T14:55:00Z","Interval":"5min","Figi":"BBG000PXDL44"}
{"o":35.94,"c":35.88,"h":35.96,"l":35.87,"v":2273.0,"Time":"2020-12-01T14:55:00Z","Interval":"5min","Figi":"BBG000PXDL44"}
{"o":35.94,"c":35.87,"h":35.96,"l":35.87,"v":2658.0,"Time":"2020-12-01T14:55:00Z","Interval":"5min","Figi":"BBG000PXDL44"}
{"o":35.94,"c":35.88,"h":35.96,"l":35.87,"v":2758.0,"Time":"2020-12-01T14:55:00Z","Interval":"5min","Figi":"BBG000PXDL44"}
{"o":35.94,"c":35.89,"h":35.96,"l":35.87,"v":2858.0,"Time":"2020-12-01T14:55:00Z","Interval":"5min","Figi":"BBG000PXDL44"}
{"o":35.94,"c":35.89,"h":35.96,"l":35.87,"v":2973.0,"Time":"2020-12-01T14:55:00Z","Interval":"5min","Figi":"BBG000PXDL44"}
{"o":35.94,"c":35.9,"h":35.96,"l":35.87,"v":2992.0,"Time":"2020-12-01T14:55:00Z","Interval":"5min","Figi":"BBG000PXDL44"}
{"o":35.94,"c":35.9,"h":35.96,"l":35.87,"v":3574.0,"Time":"2020-12-01T14:55:00Z","Interval":"5min","Figi":"BBG000PXDL44"}
{"o":35.94,"c":35.9,"h":35.96,"l":35.87,"v":3674.0,"Time":"2020-12-01T14:55:00Z","Interval":"5min","Figi":"BBG000PXDL44"}
{"o":35.94,"c":35.9,"h":35.96,"l":35.87,"v":3692.0,"Time":"2020-12-01T14:55:00Z","Interval":"5min","Figi":"BBG000PXDL44"}
{"o":35.94,"c":35.9,"h":35.96,"l":35.87,"v":3742.0,"Time":"2020-12-01T14:55:00Z","Interval":"5min","Figi":"BBG000PXDL44"}
{"o":35.94,"c":35.9,"h":35.96,"l":35.87,"v":3792.0,"Time":"2020-12-01T14:55:00Z","Interval":"5min","Figi":"BBG000PXDL44"}
{"o":35.94,"c":35.9,"h":35.96,"l":35.87,"v":3842.0,"Time":"2020-12-01T14:55:00Z","Interval":"5min","Figi":"BBG000PXDL44"}
{"o":35.94,"c":35.9,"h":35.96,"l":35.87,"v":3892.0,"Time":"2020-12-01T14:55:00Z","Interval":"5min","Figi":"BBG000PXDL44"}
{"o":35.94,"c":35.9,"h":35.96,"l":35.87,"v":3902.0,"Time":"2020-12-01T14:55:00Z","Interval":"5min","Figi":"BBG000PXDL44"}
{"o":35.94,"c":35.9,"h":35.96,"l":35.87,"v":4002.0,"Time":"2020-12-01T14:55:00Z","Interval":"5min","Figi":"BBG000PXDL44"}
{"o":35.94,"c":35.9,"h":35.96,"l":35.87,"v":4102.0,"Time":"2020-12-01T14:55:00Z","Interval":"5min","Figi":"BBG000PXDL44"}
{"o":35.94,"c":35.91,"h":35.96,"l":35.87,"v":4202.0,"Time":"2020-12-01T14:55:00Z","Interval":"5min","Figi":"BBG000PXDL44"}
{"o":35.94,"c":35.91,"h":35.96,"l":35.87,"v":4203.0,"Time":"2020-12-01T14:55:00Z","Interval":"5min","Figi":"BBG000PXDL44"}
{"o":35.94,"c":35.91,"h":35.96,"l":35.87,"v":4303.0,"Time":"2020-12-01T14:55:00Z","Interval":"5min","Figi":"BBG000PXDL44"}
{"o":35.94,"c":35.92,"h":35.96,"l":35.87,"v":4603.0,"Time":"2020-12-01T14:55:00Z","Interval":"5min","Figi":"BBG000PXDL44"}
{"o":35.94,"c":35.92,"h":35.96,"l":35.87,"v":4605.0,"Time":"2020-12-01T14:55:00Z","Interval":"5min","Figi":"BBG000PXDL44"}
{"o":35.94,"c":35.92,"h":35.96,"l":35.87,"v":4705.0,"Time":"2020-12-01T14:55:00Z","Interval":"5min","Figi":"BBG000PXDL44"}
{"o":35.94,"c":35.92,"h":35.96,"l":35.87,"v":4805.0,"Time":"2020-12-01T14:55:00Z","Interval":"5min","Figi":"BBG000PXDL44"}
{"o":35.94,"c":35.92,"h":35.96,"l":35.87,"v":4869.0,"Time":"2020-12-01T14:55:00Z","Interval":"5min","Figi":"BBG000PXDL44"}
{"o":35.94,"c":35.94,"h":35.96,"l":35.87,"v":4969.0,"Time":"2020-12-01T14:55:00Z","Interval":"5min","Figi":"BBG000PXDL44"}
{"o":35.94,"c":35.94,"h":35.96,"l":35.87,"v":5069.0,"Time":"2020-12-01T14:55:00Z","Interval":"5min","Figi":"BBG000PXDL44"}
{"o":35.94,"c":35.94,"h":35.96,"l":35.87,"v":5169.0,"Time":"2020-12-01T14:55:00Z","Interval":"5min","Figi":"BBG000PXDL44"}
{"o":35.94,"c":35.96,"h":35.96,"l":35.87,"v":5370.0,"Time":"2020-12-01T14:55:00Z","Interval":"5min","Figi":"BBG000PXDL44"}
{"o":35.94,"c":35.98,"h":35.98,"l":35.87,"v":5680.0,"Time":"2020-12-01T14:55:00Z","Interval":"5min","Figi":"BBG000PXDL44"}
{"o":35.94,"c":36.0,"h":36.0,"l":35.87,"v":5834.0,"Time":"2020-12-01T14:55:00Z","Interval":"5min","Figi":"BBG000PXDL44"}
{"o":35.94,"c":36.0,"h":36.0,"l":35.87,"v":5880.0,"Time":"2020-12-01T14:55:00Z","Interval":"5min","Figi":"BBG000PXDL44"}
{"o":35.94,"c":36.02,"h":36.05,"l":35.87,"v":6130.0,"Time":"2020-12-01T14:55:00Z","Interval":"5min","Figi":"BBG000PXDL44"}
{"o":35.94,"c":36.02,"h":36.05,"l":35.87,"v":6201.0,"Time":"2020-12-01T14:55:00Z","Interval":"5min","Figi":"BBG000PXDL44"}
{"o":36.02,"c":36.02,"h":36.02,"l":36.02,"v":69.0,"Time":"2020-12-01T15:00:00Z","Interval":"5min","Figi":"BBG000PXDL44"}
{"o":36.02,"c":36.0,"h":36.02,"l":36.0,"v":71.0,"Time":"2020-12-01T15:00:00Z","Interval":"5min","Figi":"BBG000PXDL44"}
{"o":36.02,"c":36.0,"h":36.02,"l":36.0,"v":502.0,"Time":"2020-12-01T15:00:00Z","Interval":"5min","Figi":"BBG000PXDL44"}
{"o":36.02,"c":36.0,"h":36.02,"l":36.0,"v":571.0,"Time":"2020-12-01T15:00:00Z","Interval":"5min","Figi":"BBG000PXDL44"}
{"o":36.02,"c":36.0,"h":36.02,"l":36.0,"v":586.0,"Time":"2020-12-01T15:00:00Z","Interval":"5min","Figi":"BBG000PXDL44"}
{"o":36.02,"c":36.0,"h":36.02,"l":36.0,"v":686.0,"Time":"2020-12-01T15:00:00Z","Interval":"5min","Figi":"BBG000PXDL44"}
{"o":36.02,"c":35.99,"h":36.02,"l":35.99,"v":825.0,"Time":"2020-12-01T15:00:00Z","Interval":"5min","Figi":"BBG000PXDL44"}
{"o":36.02,"c":36.0,"h":36.02,"l":35.99,"v":1039.0,"Time":"2020-12-01T15:00:00Z","Interval":"5min","Figi":"BBG000PXDL44"}
{"o":36.02,"c":35.97,"h":36.02,"l":35.97,"v":1587.0,"Time":"2020-12-01T15:00:00Z","Interval":"5min","Figi":"BBG000PXDL44"}
{"o":36.02,"c":35.96,"h":36.02,"l":35.96,"v":1887.0,"Time":"2020-12-01T15:00:00Z","Interval":"5min","Figi":"BBG000PXDL44"}
{"o":36.02,"c":35.95,"h":36.02,"l":35.95,"v":1919.0,"Time":"2020-12-01T15:00:00Z","Interval":"5min","Figi":"BBG000PXDL44"}
{"o":36.02,"c":35.94,"h":36.02,"l":35.94,"v":2019.0,"Time":"2020-12-01T15:00:00Z","Interval":"5min","Figi":"BBG000PXDL44"}
{"o":36.02,"c":35.93,"h":36.02,"l":35.93,"v":2137.0,"Time":"2020-12-01T15:00:00Z","Interval":"5min","Figi":"BBG000PXDL44"}
{"o":36.02,"c":35.92,"h":36.02,"l":35.92,"v":2176.0,"Time":"2020-12-01T15:00:00Z","Interval":"5min","Figi":"BBG000PXDL44"}
{"o":36.02,"c":35.92,"h":36.02,"l":35.92,"v":2177.0,"Time":"2020-12-01T15:00:00Z","Interval":"5min","Figi":"BBG000PXDL44"}
{"o":36.02,"c":35.92,"h":36.02,"l":35.92,"v":2618.0,"Time":"2020-12-01T15:00:00Z","Interval":"5min","Figi":"BBG000PXDL44"}
{"o":36.02,"c":35.92,"h":36.02,"l":35.92,"v":3066.0,"Time":"2020-12-01T15:00:00Z","Interval":"5min","Figi":"BBG000PXDL44"}
{"o":36.02,"c":35.92,"h":36.02,"l":35.92,"v":3277.0,"Time":"2020-12-01T15:00:00Z","Interval":"5min","Figi":"BBG000PXDL44"}
{"o":36.02,"c":35.92,"h":36.02,"l":35.92,"v":3918.0,"Time":"2020-12-01T15:00:00Z","Interval":"5min","Figi":"BBG000PXDL44"}
{"o":36.02,"c":35.92,"h":36.02,"l":35.92,"v":4318.0,"Time":"2020-12-01T15:00:00Z","Interval":"5min","Figi":"BBG000PXDL44"}
{"o":36.02,"c":35.92,"h":36.02,"l":35.92,"v":4718.0,"Time":"2020-12-01T15:00:00Z","Interval":"5min","Figi":"BBG000PXDL44"}
{"o":36.02,"c":35.9,"h":36.02,"l":35.9,"v":4766.0,"Time":"2020-12-01T15:00:00Z","Interval":"5min","Figi":"BBG000PXDL44"}
{"o":36.02,"c":35.89,"h":36.02,"l":35.89,"v":4767.0,"Time":"2020-12-01T15:00:00Z","Interval":"5min","Figi":"BBG000PXDL44"}
{"o":36.02,"c":35.89,"h":36.02,"l":35.89,"v":4773.0,"Time":"2020-12-01T15:00:00Z","Interval":"5min","Figi":"BBG000PXDL44"}
{"o":36.02,"c":35.9,"h":36.02,"l":35.89,"v":4776.0,"Time":"2020-12-01T15:00:00Z","Interval":"5min","Figi":"BBG000PXDL44"}
{"o":36.02,"c":35.92,"h":36.02,"l":35.89,"v":4779.0,"Time":"2020-12-01T15:00:00Z","Interval":"5min","Figi":"BBG000PXDL44"}
{"o":36.02,"c":35.91,"h":36.02,"l":35.89,"v":4879.0,"Time":"2020-12-01T15:00:00Z","Interval":"5min","Figi":"BBG000PXDL44"}
{"o":36.02,"c":35.92,"h":36.02,"l":35.89,"v":5176.0,"Time":"2020-12-01T15:00:00Z","Interval":"5min","Figi":"BBG000PXDL44"}
{"o":36.02,"c":35.95,"h":36.02,"l":35.89,"v":5203.0,"Time":"2020-12-01T15:00:00Z","Interval":"5min","Figi":"BBG000PXDL44"}
{"o":36.02,"c":36.01,"h":36.02,"l":35.89,"v":5404.0,"Time":"2020-12-01T15:00:00Z","Interval":"5min","Figi":"BBG000PXDL44"}
{"o":36.02,"c":35.99,"h":36.02,"l":35.89,"v":5504.0,"Time":"2020-12-01T15:00:00Z","Interval":"5min","Figi":"BBG000PXDL44"}
{"o":36.02,"c":35.98,"h":36.02,"l":35.89,"v":5944.0,"Time":"2020-12-01T15:00:00Z","Interval":"5min","Figi":"BBG000PXDL44"}
{"o":36.02,"c":35.98,"h":36.02,"l":35.89,"v":6044.0,"Time":"2020-12-01T15:00:00Z","Interval":"5min","Figi":"BBG000PXDL44"}
{"o":36.02,"c":35.97,"h":36.02,"l":35.89,"v":6144.0,"Time":"2020-12-01T15:00:00Z","Interval":"5min","Figi":"BBG000PXDL44"}
{"o":36.02,"c":35.97,"h":36.02,"l":35.89,"v":6251.0,"Time":"2020-12-01T15:00:00Z","Interval":"5min","Figi":"BBG000PXDL44"}
{"o":36.02,"c":36.0,"h":36.02,"l":35.89,"v":6351.0,"Time":"2020-12-01T15:00:00Z","Interval":"5min","Figi":"BBG000PXDL44"}
{"o":36.02,"c":36.0,"h":36.02,"l":35.89,"v":6401.0,"Time":"2020-12-01T15:00:00Z","Interval":"5min","Figi":"BBG000PXDL44"}
{"o":36.02,"c":36.0,"h":36.02,"l":35.89,"v":6451.0,"Time":"2020-12-01T15:00:00Z","Interval":"5min","Figi":"BBG000PXDL44"}
{"o":36.02,"c":36.0,"h":36.02,"l":35.89,"v":6476.0,"Time":"2020-12-01T15:00:00Z","Interval":"5min","Figi":"BBG000PXDL44"}
{"o":36.02,"c":36.01,"h":36.02,"l":35.89,"v":6477.0,"Time":"2020-12-01T15:00:00Z","Interval":"5min","Figi":"BBG000PXDL44"}
{"o":36.02,"c":36.01,"h":36.02,"l":35.89,"v":6577.0,"Time":"2020-12-01T15:00:00Z","Interval":"5min","Figi":"BBG000PXDL44"}
{"o":36.02,"c":36.0,"h":36.02,"l":35.89,"v":6781.0,"Time":"2020-12-01T15:00:00Z","Interval":"5min","Figi":"BBG000PXDL44"}
{"o":36.02,"c":35.99,"h":36.02,"l":35.89,"v":6864.0,"Time":"2020-12-01T15:00:00Z","Interval":"5min","Figi":"BBG000PXDL44"}
{"o":36.02,"c":35.99,"h":36.02,"l":35.89,"v":6964.0,"Time":"2020-12-01T15:00:00Z","Interval":"5min","Figi":"BBG000PXDL44"}
{"o":36.02,"c":35.98,"h":36.02,"l":35.89,"v":7271.0,"Time":"2020-12-01T15:00:00Z","Interval":"5min","Figi":"BBG000PXDL44"}
{"o":36.02,"c":35.98,"h":36.02,"l":35.89,"v":8417.0,"Time":"2020-12-01T15:00:00Z","Interval":"5min","Figi":"BBG000PXDL44"}
{"o":36.02,"c":35.97,"h":36.02,"l":35.89,"v":8420.0,"Time":"2020-12-01T15:00:00Z","Interval":"5min","Figi":"BBG000PXDL44"}
{"o":36.02,"c":35.97,"h":36.02,"l":35.89,"v":8620.0,"Time":"2020-12-01T15:00:00Z","Interval":"5min","Figi":"BBG000PXDL44"}
{"o":36.02,"c":35.98,"h":36.02,"l":35.89,"v":8745.0,"Time":"2020-12-01T15:00:00Z","Interval":"5min","Figi":"BBG000PXDL44"}
{"o":36.02,"c":35.99,"h":36.02,"l":35.89,"v":9036.0,"Time":"2020-12-01T15:00:00Z","Interval":"5min","Figi":"BBG000PXDL44"}
{"o":36.02,"c":36.0,"h":36.02,"l":35.89,"v":9779.0,"Time":"2020-12-01T15:00:00Z","Interval":"5min","Figi":"BBG000PXDL44"}
{"o":36.02,"c":36.01,"h":36.02,"l":35.89,"v":9879.0,"Time":"2020-12-01T15:00:00Z","Interval":"5min","Figi":"BBG000PXDL44"}
{"o":36.02,"c":36.01,"h":36.02,"l":35.89,"v":9979.0,"Time":"2020-12-01T15:00:00Z","Interval":"5min","Figi":"BBG000PXDL44"}
{"o":36.02,"c":36.0,"h":36.02,"l":35.89,"v":10479.0,"Time":"2020-12-01T15:00:00Z","Interval":"5min","Figi":"BBG000PXDL44"}
{"o":36.02,"c":35.98,"h":36.02,"l":35.89,"v":10568.0,"Time":"2020-12-01T15:00:00Z","Interval":"5min","Figi":"BBG000PXDL44"}
{"o":36.02,"c":36.0,"h":36.02,"l":35.89,"v":10926.0,"Time":"2020-12-01T15:00:00Z","Interval":"5min","Figi":"BBG000PXDL44"}
{"o":36.02,"c":36.0,"h":36.02,"l":35.89,"v":11126.0,"Time":"2020-12-01T15:00:00Z","Interval":"5min","Figi":"BBG000PXDL44"}
{"o":36.02,"c":36.01,"h":36.02,"l":35.89,"v":11226.0,"Time":"2020-12-01T15:00:00Z","Interval":"5min","Figi":"BBG000PXDL44"}
{"o":36.02,"c":36.04,"h":36.04,"l":35.89,"v":11326.0,"Time":"2020-12-01T15:00:00Z","Interval":"5min","Figi":"BBG000PXDL44"}
{"o":36.02,"c":36.06,"h":36.06,"l":35.89,"v":11426.0,"Time":"2020-12-01T15:00:00Z","Interval":"5min","Figi":"BBG000PXDL44"}
{"o":36.04,"c":36.04,"h":36.04,"l":36.04,"v":1.0,"Time":"2020-12-01T15:05:00Z","Interval":"5min","Figi":"BBG000PXDL44"}
{"o":36.04,"c":36.03,"h":36.04,"l":36.03,"v":2.0,"Time":"2020-12-01T15:05:00Z","Interval":"5min","Figi":"BBG000PXDL44"}
{"o":36.04,"c":36.03,"h":36.04,"l":36.03,"v":3.0,"Time":"2020-12-01T15:05:00Z","Interval":"5min","Figi":"BBG000PXDL44"}
{"o":36.04,"c":36.04,"h":36.04,"l":36.03,"v":203.0,"Time":"2020-12-01T15:05:00Z","Interval":"5min","Figi":"BBG000PXDL44"}
{"o":36.04,"c":36.04,"h":36.04,"l":36.03,"v":303.0,"Time":"2020-12-01T15:05:00Z","Interval":"5min","Figi":"BBG000PXDL44"}
{"o":36.04,"c":36.06,"h":36.06,"l":36.03,"v":509.0,"Time":"2020-12-01T15:05:00Z","Interval":"5min","Figi":"BBG000PXDL44"}
{"o":36.04,"c":36.06,"h":36.06,"l":36.03,"v":609.0,"Time":"2020-12-01T15:05:00Z","Interval":"5min","Figi":"BBG000PXDL44"}
{"o":36.04,"c":36.05,"h":36.06,"l":36.03,"v":611.0,"Time":"2020-12-01T15:05:00Z","Interval":"5min","Figi":"BBG000PXDL44"}
{"o":36.04,"c":36.05,"h":36.06,"l":36.03,"v":711.0,"Time":"2020-12-01T15:05:00Z","Interval":"5min","Figi":"BBG000PXDL44"}
{"o":36.04,"c":36.06,"h":36.06,"l":36.03,"v":911.0,"Time":"2020-12-01T15:05:00Z","Interval":"5min","Figi":"BBG000PXDL44"}
{"o":36.04,"c":36.07,"h":36.07,"l":36.03,"v":1502.0,"Time":"2020-12-01T15:05:00Z","Interval":"5min","Figi":"BBG000PXDL44"}
{"o":36.04,"c":36.05,"h":36.07,"l":36.03,"v":1603.0,"Time":"2020-12-01T15:05:00Z","Interval":"5min","Figi":"BBG000PXDL44"}
{"o":36.04,"c":36.06,"h":36.07,"l":36.03,"v":1813.0,"Time":"2020-12-01T15:05:00Z","Interval":"5min","Figi":"BBG000PXDL44"}
{"o":36.04,"c":36.07,"h":36.07,"l":36.03,"v":1913.0,"Time":"2020-12-01T15:05:00Z","Interval":"5min","Figi":"BBG000PXDL44"}
{"o":36.04,"c":36.09,"h":36.09,"l":36.03,"v":2013.0,"Time":"2020-12-01T15:05:00Z","Interval":"5min","Figi":"BBG000PXDL44"}
{"o":36.04,"c":36.09,"h":36.09,"l":36.03,"v":2113.0,"Time":"2020-12-01T15:05:00Z","Interval":"5min","Figi":"BBG000PXDL44"}
{"o":36.04,"c":36.11,"h":36.11,"l":36.03,"v":2213.0,"Time":"2020-12-01T15:05:00Z","Interval":"5min","Figi":"BBG000PXDL44"}
{"o":36.04,"c":36.1,"h":36.11,"l":36.03,"v":2513.0,"Time":"2020-12-01T15:05:00Z","Interval":"5min","Figi":"BBG000PXDL44"}
{"o":36.04,"c":36.1,"h":36.11,"l":36.03,"v":2713.0,"Time":"2020-12-01T15:05:00Z","Interval":"5min","Figi":"BBG000PXDL44"}
{"o":36.04,"c":36.1,"h":36.11,"l":36.03,"v":2813.0,"Time":"2020-12-01T15:05:00Z","Interval":"5min","Figi":"BBG000PXDL44"}
{"o":36.04,"c":36.1,"h":36.11,"l":36.03,"v":3013.0,"Time":"2020-12-01T15:05:00Z","Interval":"5min","Figi":"BBG000PXDL44"}
{"o":36.04,"c":36.1,"h":36.11,"l":36.03,"v":3223.0,"Time":"2020-12-01T15:05:00Z","Interval":"5min","Figi":"BBG000PXDL44"}
{"o":36.04,"c":36.09,"h":36.11,"l":36.03,"v":3523.0,"Time":"2020-12-01T15:05:00Z","Interval":"5min","Figi":"BBG000PXDL44"}
{"o":36.04,"c":36.11,"h":36.11,"l":36.03,"v":3623.0,"Time":"2020-12-01T15:05:00Z","Interval":"5min","Figi":"BBG000PXDL44"}
{"o":36.04,"c":36.11,"h":36.11,"l":36.03,"v":3723.0,"Time":"2020-12-01T15:05:00Z","Interval":"5min","Figi":"BBG000PXDL44"}
{"o":36.04,"c":36.12,"h":36.12,"l":36.03,"v":3823.0,"Time":"2020-12-01T15:05:00Z","Interval":"5min","Figi":"BBG000PXDL44"}
{"o":36.04,"c":36.12,"h":36.12,"l":36.03,"v":4063.0,"Time":"2020-12-01T15:05:00Z","Interval":"5min","Figi":"BBG000PXDL44"}
{"o":36.04,"c":36.13,"h":36.13,"l":36.03,"v":4615.0,"Time":"2020-12-01T15:05:00Z","Interval":"5min","Figi":"BBG000PXDL44"}
{"o":36.04,"c":36.16,"h":36.16,"l":36.03,"v":4815.0,"Time":"2020-12-01T15:05:00Z","Interval":"5min","Figi":"BBG000PXDL44"}
{"o":36.04,"c":36.14,"h":36.16,"l":36.03,"v":4999.0,"Time":"2020-12-01T15:05:00Z","Interval":"5min","Figi":"BBG000PXDL44"}
{"o":36.04,"c":36.12,"h":36.16,"l":36.03,"v":5099.0,"Time":"2020-12-01T15:05:00Z","Interval":"5min","Figi":"BBG000PXDL44"}
{"o":36.04,"c":36.11,"h":36.16,"l":36.03,"v":5314.0,"Time":"2020-12-01T15:05:00Z","Interval":"5min","Figi":"BBG000PXDL44"}
{"o":36.04,"c":36.11,"h":36.16,"l":36.03,"v":5413.0,"Time":"2020-12-01T15:05:00Z","Interval":"5min","Figi":"BBG000PXDL44"}
{"o":36.04,"c":36.11,"h":36.16,"l":36.03,"v":5514.0,"Time":"2020-12-01T15:05:00Z","Interval":"5min","Figi":"BBG000PXDL44"}
{"o":36.04,"c":36.12,"h":36.16,"l":36.03,"v":5614.0,"Time":"2020-12-01T15:05:00Z","Interval":"5min","Figi":"BBG000PXDL44"}
{"o":36.04,"c":36.12,"h":36.16,"l":36.03,"v":5714.0,"Time":"2020-12-01T15:05:00Z","Interval":"5min","Figi":"BBG000PXDL44"}
{"o":36.04,"c":36.13,"h":36.16,"l":36.03,"v":5814.0,"Time":"2020-12-01T15:05:00Z","Interval":"5min","Figi":"BBG000PXDL44"}
{"o":36.04,"c":36.12,"h":36.16,"l":36.03,"v":5816.0,"Time":"2020-12-01T15:05:00Z","Interval":"5min","Figi":"BBG000PXDL44"}
{"o":36.04,"c":36.13,"h":36.16,"l":36.03,"v":5900.0,"Time":"2020-12-01T15:05:00Z","Interval":"5min","Figi":"BBG000PXDL44"}
{"o":36.04,"c":36.13,"h":36.16,"l":36.03,"v":6078.0,"Time":"2020-12-01T15:05:00Z","Interval":"5min","Figi":"BBG000PXDL44"}
{"o":36.04,"c":36.13,"h":36.16,"l":36.03,"v":6178.0,"Time":"2020-12-01T15:05:00Z","Interval":"5min","Figi":"BBG000PXDL44"}
{"o":36.04,"c":36.12,"h":36.16,"l":36.03,"v":6194.0,"Time":"2020-12-01T15:05:00Z","Interval":"5min","Figi":"BBG000PXDL44"}
{"o":36.14,"c":36.15,"h":36.15,"l":36.14,"v":106.0,"Time":"2020-12-01T15:10:00Z","Interval":"5min","Figi":"BBG000PXDL44"}
{"o":36.14,"c":36.15,"h":36.15,"l":36.14,"v":156.0,"Time":"2020-12-01T15:10:00Z","Interval":"5min","Figi":"BBG000PXDL44"}
{"o":36.14,"c":36.15,"h":36.15,"l":36.14,"v":408.0,"Time":"2020-12-01T15:10:00Z","Interval":"5min","Figi":"BBG000PXDL44"}
{"o":36.14,"c":36.18,"h":36.18,"l":36.14,"v":446.0,"Time":"2020-12-01T15:10:00Z","Interval":"5min","Figi":"BBG000PXDL44"}
{"o":36.14,"c":36.15,"h":36.18,"l":36.14,"v":646.0,"Time":"2020-12-01T15:10:00Z","Interval":"5min","Figi":"BBG000PXDL44"}
{"o":36.14,"c":36.14,"h":36.18,"l":36.14,"v":648.0,"Time":"2020-12-01T15:10:00Z","Interval":"5min","Figi":"BBG000PXDL44"}
{"o":36.14,"c":36.15,"h":36.18,"l":36.14,"v":748.0,"Time":"2020-12-01T15:10:00Z","Interval":"5min","Figi":"BBG000PXDL44"}
{"o":36.14,"c":36.15,"h":36.18,"l":36.14,"v":1178.0,"Time":"2020-12-01T15:10:00Z","Interval":"5min","Figi":"BBG000PXDL44"}
{"o":36.14,"c":36.14,"h":36.18,"l":36.14,"v":1292.0,"Time":"2020-12-01T15:10:00Z","Interval":"5min","Figi":"BBG000PXDL44"}
{"o":36.14,"c":36.13,"h":36.18,"l":36.13,"v":1306.0,"Time":"2020-12-01T15:10:00Z","Interval":"5min","Figi":"BBG000PXDL44"}
{"o":36.14,"c":36.13,"h":36.18,"l":36.13,"v":1392.0,"Time":"2020-12-01T15:10:00Z","Interval":"5min","Figi":"BBG000PXDL44"}
{"o":36.14,"c":36.14,"h":36.18,"l":36.13,"v":1396.0,"Time":"2020-12-01T15:10:00Z","Interval":"5min","Figi":"BBG000PXDL44"}
{"o":36.14,"c":36.14,"h":36.18,"l":36.13,"v":1406.0,"Time":"2020-12-01T15:10:00Z","Interval":"5min","Figi":"BBG000PXDL44"}
{"o":36.14,"c":36.14,"h":36.18,"l":36.13,"v":1496.0,"Time":"2020-12-01T15:10:00Z","Interval":"5min","Figi":"BBG000PXDL44"}
{"o":36.14,"c":36.14,"h":36.18,"l":36.13,"v":1506.0,"Time":"2020-12-01T15:10:00Z","Interval":"5min","Figi":"BBG000PXDL44"}
{"o":36.14,"c":36.13,"h":36.18,"l":36.13,"v":1611.0,"Time":"2020-12-01T15:10:00Z","Interval":"5min","Figi":"BBG000PXDL44"}
{"o":36.14,"c":36.14,"h":36.18,"l":36.13,"v":1652.0,"Time":"2020-12-01T15:10:00Z","Interval":"5min","Figi":"BBG000PXDL44"}
{"o":36.14,"c":36.13,"h":36.18,"l":36.13,"v":1752.0,"Time":"2020-12-01T15:10:00Z","Interval":"5min","Figi":"BBG000PXDL44"}
{"o":36.14,"c":36.14,"h":36.18,"l":36.13,"v":1770.0,"Time":"2020-12-01T15:10:00Z","Interval":"5min","Figi":"BBG000PXDL44"}
{"o":36.14,"c":36.14,"h":36.18,"l":36.13,"v":2152.0,"Time":"2020-12-01T15:10:00Z","Interval":"5min","Figi":"BBG000PXDL44"}
{"o":36.14,"c":36.14,"h":36.18,"l":36.13,"v":2353.0,"Time":"2020-12-01T15:10:00Z","Interval":"5min","Figi":"BBG000PXDL44"}
{"o":36.14,"c":36.14,"h":36.18,"l":36.13,"v":2393.0,"Time":"2020-12-01T15:10:00Z","Interval":"5min","Figi":"BBG000PXDL44"}
{"o":36.14,"c":36.14,"h":36.18,"l":36.13,"v":2476.0,"Time":"2020-12-01T15:10:00Z","Interval":"5min","Figi":"BBG000PXDL44"}
{"o":36.14,"c":36.13,"h":36.18,"l":36.13,"v":2653.0,"Time":"2020-12-01T15:10:00Z","Interval":"5min","Figi":"BBG000PXDL44"}
{"o":36.14,"c":36.12,"h":36.18,"l":36.12,"v":2655.0,"Time":"2020-12-01T15:10:00Z","Interval":"5min","Figi":"BBG000PXDL44"}
{"o":36.14,"c":36.12,"h":36.18,"l":36.12,"v":2659.0,"Time":"2020-12-01T15:10:00Z","Interval":"5min","Figi":"BBG000PXDL44"}
{"o":36.14,"c":36.12,"h":36.18,"l":36.12,"v":2759.0,"Time":"2020-12-01T15:10:00Z","Interval":"5min","Figi":"BBG000PXDL44"}
{"o":36.14,"c":36.13,"h":36.18,"l":36.12,"v":2860.0,"Time":"2020-12-01T15:10:00Z","Interval":"5min","Figi":"BBG000PXDL44"}
{"o":36.14,"c":36.14,"h":36.18,"l":36.12,"v":2961.0,"Time":"2020-12-01T15:10:00Z","Interval":"5min","Figi":"BBG000PXDL44"}
{"o":36.14,"c":36.16,"h":36.18,"l":36.12,"v":3062.0,"Time":"2020-12-01T15:10:00Z","Interval":"5min","Figi":"BBG000PXDL44"}
{"o":36.14,"c":36.17,"h":36.18,"l":36.12,"v":3092.0,"Time":"2020-12-01T15:10:00Z","Interval":"5min","Figi":"BBG000PXDL44"}
{"o":36.14,"c":36.17,"h":36.18,"l":36.12,"v":3093.0,"Time":"2020-12-01T15:10:00Z","Interval":"5min","Figi":"BBG000PXDL44"}
{"o":36.14,"c":36.18,"h":36.18,"l":36.12,"v":3193.0,"Time":"2020-12-01T15:10:00Z","Interval":"5min","Figi":"BBG000PXDL44"}
{"o":36.14,"c":36.15,"h":36.18,"l":36.12,"v":3212.0,"Time":"2020-12-01T15:10:00Z","Interval":"5min","Figi":"BBG000PXDL44"}
{"o":36.14,"c":36.15,"h":36.18,"l":36.12,"v":3213.0,"Time":"2020-12-01T15:10:00Z","Interval":"5min","Figi":"BBG000PXDL44"}
{"o":36.14,"c":36.11,"h":36.18,"l":36.11,"v":3713.0,"Time":"2020-12-01T15:10:00Z","Interval":"5min","Figi":"BBG000PXDL44"}
{"o":36.14,"c":36.1,"h":36.18,"l":36.1,"v":3938.0,"Time":"2020-12-01T15:10:00Z","Interval":"5min","Figi":"BBG000PXDL44"}
{"o":36.14,"c":36.1,"h":36.18,"l":36.1,"v":4038.0,"Time":"2020-12-01T15:10:00Z","Interval":"5min","Figi":"BBG000PXDL44"}
{"o":36.14,"c":36.08,"h":36.18,"l":36.08,"v":5138.0,"Time":"2020-12-01T15:10:00Z","Interval":"5min","Figi":"BBG000PXDL44"}
{"o":36.14,"c":36.08,"h":36.18,"l":36.08,"v":5238.0,"Time":"2020-12-01T15:10:00Z","Interval":"5min","Figi":"BBG000PXDL44"}
{"o":36.14,"c":36.08,"h":36.18,"l":36.08,"v":5304.0,"Time":"2020-12-01T15:10:00Z","Interval":"5min","Figi":"BBG000PXDL44"}
{"o":36.14,"c":36.08,"h":36.18,"l":36.08,"v":5347.0,"Time":"2020-12-01T15:10:00Z","Interval":"5min","Figi":"BBG000PXDL44"}
{"o":36.14,"c":36.08,"h":36.18,"l":36.08,"v":5364.0,"Time":"2020-12-01T15:10:00Z","Interval":"5min","Figi":"BBG000PXDL44"}
{"o":36.14,"c":36.06,"h":36.18,"l":36.06,"v":5647.0,"Time":"2020-12-01T15:10:00Z","Interval":"5min","Figi":"BBG000PXDL44"}
{"o":36.14,"c":36.06,"h":36.18,"l":36.06,"v":5847.0,"Time":"2020-12-01T15:10:00Z","Interval":"5min","Figi":"BBG000PXDL44"}
{"o":36.14,"c":36.09,"h":36.18,"l":36.06,"v":5946.0,"Time":"2020-12-01T15:10:00Z","Interval":"5min","Figi":"BBG000PXDL44"}
{"o":36.14,"c":36.06,"h":36.18,"l":36.06,"v":5949.0,"Time":"2020-12-01T15:10:00Z","Interval":"5min","Figi":"BBG000PXDL44"}
{"o":36.14,"c":36.03,"h":36.18,"l":36.03,"v":5978.0,"Time":"2020-12-01T15:10:00Z","Interval":"5min","Figi":"BBG000PXDL44"}
{"o":36.14,"c":36.03,"h":36.18,"l":36.03,"v":6025.0,"Time":"2020-12-01T15:10:00Z","Interval":"5min","Figi":"BBG000PXDL44"}
{"o":36.14,"c":36.02,"h":36.18,"l":36.02,"v":6125.0,"Time":"2020-12-01T15:10:00Z","Interval":"5min","Figi":"BBG000PXDL44"}
{"o":36.14,"c":36.02,"h":36.18,"l":36.02,"v":6165.0,"Time":"2020-12-01T15:10:00Z","Interval":"5min","Figi":"BBG000PXDL44"}
{"o":36.14,"c":36.0,"h":36.18,"l":36.0,"v":7466.0,"Time":"2020-12-01T15:10:00Z","Interval":"5min","Figi":"BBG000PXDL44"}
{"o":36.14,"c":36.01,"h":36.18,"l":36.0,"v":7519.0,"Time":"2020-12-01T15:10:00Z","Interval":"5min","Figi":"BBG000PXDL44"}
{"o":36.14,"c":36.0,"h":36.18,"l":36.0,"v":7578.0,"Time":"2020-12-01T15:10:00Z","Interval":"5min","Figi":"BBG000PXDL44"}
{"o":36.14,"c":36.01,"h":36.18,"l":36.0,"v":7579.0,"Time":"2020-12-01T15:10:00Z","Interval":"5min","Figi":"BBG000PXDL44"}
{"o":36.02,"c":36.02,"h":36.02,"l":36.02,"v":1.0,"Time":"2020-12-01T15:15:00Z","Interval":"5min","Figi":"BBG000PXDL44"}
{"o":36.02,"c":36.02,"h":36.02,"l":36.02,"v":50.0,"Time":"2020-12-01T15:15:00Z","Interval":"5min","Figi":"BBG000PXDL44"}
{"o":36.02,"c":36.02,"h":36.02,"l":36.02,"v":101.0,"Time":"2020-12-01T15:15:00Z","Interval":"5min","Figi":"BBG000PXDL44"}
{"o":36.02,"c":36.02,"h":36.02,"l":36.02,"v":126.0,"Time":"2020-12-01T15:15:00Z","Interval":"5min","Figi":"BBG000PXDL44"}
{"o":36.02,"c":36.02,"h":36.02,"l":36.02,"v":127.0,"Time":"2020-12-01T15:15:00Z","Interval":"5min","Figi":"BBG000PXDL44"}
{"o":36.02,"c":36.03,"h":36.03,"l":36.02,"v":150.0,"Time":"2020-12-01T15:15:00Z","Interval":"5min","Figi":"BBG000PXDL44"}
{"o":36.02,"c":36.03,"h":36.03,"l":36.02,"v":178.0,"Time":"2020-12-01T15:15:00Z","Interval":"5min","Figi":"BBG000PXDL44"}
{"o":36.02,"c":36.03,"h":36.03,"l":36.02,"v":228.0,"Time":"2020-12-01T15:15:00Z","Interval":"5min","Figi":"BBG000PXDL44"}
{"o":36.02,"c":36.03,"h":36.03,"l":36.02,"v":327.0,"Time":"2020-12-01T15:15:00Z","Interval":"5min","Figi":"BBG000PXDL44"}
{"o":36.02,"c":36.06,"h":36.06,"l":36.02,"v":427.0,"Time":"2020-12-01T15:15:00Z","Interval":"5min","Figi":"BBG000PXDL44"}
{"o":36.02,"c":36.07,"h":36.07,"l":36.02,"v":577.0,"Time":"2020-12-01T15:15:00Z","Interval":"5min","Figi":"BBG000PXDL44"}
{"o":36.02,"c":36.08,"h":36.08,"l":36.02,"v":591.0,"Time":"2020-12-01T15:15:00Z","Interval":"5min","Figi":"BBG000PXDL44"}
{"o":36.02,"c":36.11,"h":36.11,"l":36.02,"v":691.0,"Time":"2020-12-01T15:15:00Z","Interval":"5min","Figi":"BBG000PXDL44"}
{"o":36.02,"c":36.1,"h":36.11,"l":36.02,"v":791.0,"Time":"2020-12-01T15:15:00Z","Interval":"5min","Figi":"BBG000PXDL44"}
{"o":36.02,"c":36.12,"h":36.12,"l":36.02,"v":916.0,"Time":"2020-12-01T15:15:00Z","Interval":"5min","Figi":"BBG000PXDL44"}
{"o":36.02,"c":36.1,"h":36.12,"l":36.02,"v":917.0,"Time":"2020-12-01T15:15:00Z","Interval":"5min","Figi":"BBG000PXDL44"}
{"o":36.02,"c":36.1,"h":36.12,"l":36.02,"v":918.0,"Time":"2020-12-01T15:15:00Z","Interval":"5min","Figi":"BBG000PXDL44"}
{"o":36.02,"c":36.1,"h":36.12,"l":36.02,"v":936.0,"Time":"2020-12-01T15:15:00Z","Interval":"5min","Figi":"BBG000PXDL44"}
{"o":36.02,"c":36.1,"h":36.12,"l":36.02,"v":937.0,"Time":"2020-12-01T15:15:00Z","Interval":"5min","Figi":"BBG000PXDL44"}
{"o":36.02,"c":36.1,"h":36.12,"l":36.02,"v":958.0,"Time":"2020-12-01T15:15:00Z","Interval":"5min","Figi":"BBG000PXDL44"}
{"o":36.02,"c":36.1,"h":36.12,"l":36.02,"v":983.0,"Time":"2020-12-01T15:15:00Z","Interval":"5min","Figi":"BBG000PXDL44"}
{"o":36.02,"c":36.1,"h":36.12,"l":36.02,"v":1008.0,"Time":"2020-12-01T15:15:00Z","Interval":"5min","Figi":"BBG000PXDL44"}
{"o":36.02,"c":36.1,"h":36.12,"l":36.02,"v":1033.0,"Time":"2020-12-01T15:15:00Z","Interval":"5min","Figi":"BBG000PXDL44"}
{"o":36.02,"c":36.1,"h":36.12,"l":36.02,"v":1058.0,"Time":"2020-12-01T15:15:00Z","Interval":"5min","Figi":"BBG000PXDL44"}
{"o":36.02,"c":36.1,"h":36.12,"l":36.02,"v":1064.0,"Time":"2020-12-01T15:15:00Z","Interval":"5min","Figi":"BBG000PXDL44"}
{"o":36.02,"c":36.13,"h":36.13,"l":36.02,"v":1065.0,"Time":"2020-12-01T15:15:00Z","Interval":"5min","Figi":"BBG000PXDL44"}
{"o":36.02,"c":36.14,"h":36.14,"l":36.02,"v":1165.0,"Time":"2020-12-01T15:15:00Z","Interval":"5min","Figi":"BBG000PXDL44"}
{"o":36.02,"c":36.16,"h":36.16,"l":36.02,"v":1171.0,"Time":"2020-12-01T15:15:00Z","Interval":"5min","Figi":"BBG000PXDL44"}
{"o":36.02,"c":36.16,"h":36.16,"l":36.02,"v":1174.0,"Time":"2020-12-01T15:15:00Z","Interval":"5min","Figi":"BBG000PXDL44"}
{"o":36.02,"c":36.16,"h":36.16,"l":36.02,"v":1224.0,"Time":"2020-12-01T15:15:00Z","Interval":"5min","Figi":"BBG000PXDL44"}
{"o":36.02,"c":36.16,"h":36.16,"l":36.02,"v":1271.0,"Time":"2020-12-01T15:15:00Z","Interval":"5min","Figi":"BBG000PXDL44"}
{"o":36.02,"c":36.16,"h":36.16,"l":36.02,"v":1272.0,"Time":"2020-12-01T15:15:00Z","Interval":"5min","Figi":"BBG000PXDL44"}
{"o":36.02,"c":36.15,"h":36.16,"l":36.02,"v":1372.0,"Time":"2020-12-01T15:15:00Z","Interval":"5min","Figi":"BBG000PXDL44"}
{"o":36.02,"c":36.18,"h":36.18,"l":36.02,"v":1472.0,"Time":"2020-12-01T15:15:00Z","Interval":"5min","Figi":"BBG000PXDL44"}
{"o":36.02,"c":36.18,"h":36.18,"l":36.02,"v":1572.0,"Time":"2020-12-01T15:15:00Z","Interval":"5min","Figi":"BBG000PXDL44"}
{"o":36.02,"c":36.19,"h":36.19,"l":36.02,"v":1772.0,"Time":"2020-12-01T15:15:00Z","Interval":"5min","Figi":"BBG000PXDL44"}
{"o":36.02,"c":36.2,"h":36.2,"l":36.02,"v":1874.0,"Time":"2020-12-01T15:15:00Z","Interval":"5min","Figi":"BBG000PXDL44"}
{"o":36.02,"c":36.19,"h":36.2,"l":36.02,"v":1876.0,"Time":"2020-12-01T15:15:00Z","Interval":"5min","Figi":"BBG000PXDL44"}
{"o":36.02,"c":36.2,"h":36.2,"l":36.02,"v":1976.0,"Time":"2020-12-01T15:15:00Z","Interval":"5min","Figi":"BBG000PXDL44"}
{"o":36.02,"c":36.19,"h":36.2,"l":36.02,"v":2026.0,"Time":"2020-12-01T15:15:00Z","Interval":"5min","Figi":"BBG000PXDL44"}
{"o":36.02,"c":36.19,"h":36.2,"l":36.02,"v":2266.0,"Time":"2020-12-01T15:15:00Z","Interval":"5min","Figi":"BBG000PXDL44"}
{"o":36.02,"c":36.2,"h":36.2,"l":36.02,"v":2569.0,"Time":"2020-12-01T15:15:00Z","Interval":"5min","Figi":"BBG000PXDL44"}
{"o":36.02,"c":36.19,"h":36.2,"l":36.02,"v":2570.0,"Time":"2020-12-01T15:15:00Z","Interval":"5min","Figi":"BBG000PXDL44"}
{"o":36.21,"c":36.21,"h":36.21,"l":36.21,"v":400.0,"Time":"2020-12-01T15:20:00Z","Interval":"5min","Figi":"BBG000PXDL44"}
{"o":36.21,"c":36.21,"h":36.21,"l":36.21,"v":500.0,"Time":"2020-12-01T15:20:00Z","Interval":"5min","Figi":"BBG000PXDL44"}
{"o":36.21,"c":36.19,"h":36.21,"l":36.19,"v":681.0,"Time":"2020-12-01T15:20:00Z","Interval":"5min","Figi":"BBG000PXDL44"}
{"o":36.21,"c":36.19,"h":36.21,"l":36.19,"v":682.0,"Time":"2020-12-01T15:20:00Z","Interval":"5min","Figi":"BBG000PXDL44"}
{"o":36.21,"c":36.18,"h":36.21,"l":36.18,"v":893.0,"Time":"2020-12-01T15:20:00Z","Interval":"5min","Figi":"BBG000PXDL44"}
{"o":36.21,"c":36.19,"h":36.21,"l":36.18,"v":894.0,"Time":"2020-12-01T15:20:00Z","Interval":"5min","Figi":"BBG000PXDL44"}
{"o":36.21,"c":36.2,"h":36.21,"l":36.18,"v":895.0,"Time":"2020-12-01T15:20:00Z","Interval":"5min","Figi":"BBG000PXDL44"}
{"o":36.21,"c":36.22,"h":36.22,"l":36.18,"v":1085.0,"Time":"2020-12-01T15:20:00Z","Interval":"5min","Figi":"BBG000PXDL44"}
{"o":36.21,"c":36.25,"h":36.25,"l":36.18,"v":1748.0,"Time":"2020-12-01T15:20:00Z","Interval":"5min","Figi":"BBG000PXDL44"}
{"o":36.21,"c":36.26,"h":36.26,"l":36.18,"v":2054.0,"Time":"2020-12-01T15:20:00Z","Interval":"5min","Figi":"BBG000PXDL44"}
{"o":36.21,"c":36.26,"h":36.26,"l":36.18,"v":2314.0,"Time":"2020-12-01T15:20:00Z","Interval":"5min","Figi":"BBG000PXDL44"}
{"o":36.21,"c":36.25,"h":36.26,"l":36.18,"v":2324.0,"Time":"2020-12-01T15:20:00Z","Interval":"5min","Figi":"BBG000PXDL44"}
{"o":36.21,"c":36.23,"h":36.26,"l":36.18,"v":2637.0,"Time":"2020-12-01T15:20:00Z","Interval":"5min","Figi":"BBG000PXDL44"}
{"o":36.21,"c":36.2,"h":36.26,"l":36.18,"v":3445.0,"Time":"2020-12-01T15:20:00Z","Interval":"5min","Figi":"BBG000PXDL44"}
{"o":36.21,"c":36.23,"h":36.26,"l":36.18,"v":3545.0,"Time":"2020-12-01T15:20:00Z","Interval":"5min","Figi":"BBG000PXDL44"}
{"o":36.21,"c":36.24,"h":36.26,"l":36.18,"v":3645.0,"Time":"2020-12-01T15:20:00Z","Interval":"5min","Figi":"BBG000PXDL44"}
{"o":36.21,"c":36.25,"h":36.26,"l":36.18,"v":3647.0,"Time":"2020-12-01T15:20:00Z","Interval":"5min","Figi":"BBG000PXDL44"}
{"o":36.21,"c":36.27,"h":36.27,"l":36.18,"v":3747.0,"Time":"2020-12-01T15:20:00Z","Interval":"5min","Figi":"BBG000PXDL44"}
{"o":36.21,"c":36.28,"h":36.28,"l":36.18,"v":4148.0,"Time":"2020-12-01T15:20:00Z","Interval":"5min","Figi":"BBG000PXDL44"}
{"o":36.21,"c":36.28,"h":36.28,"l":36.18,"v":4348.0,"Time":"2020-12-01T15:20:00Z","Interval":"5min","Figi":"BBG000PXDL44"}
{"o":36.21,"c":36.26,"h":36.28,"l":36.18,"v":4410.0,"Time":"2020-12-01T15:20:00Z","Interval":"5min","Figi":"BBG000PXDL44"}
{"o":36.21,"c":36.26,"h":36.28,"l":36.18,"v":4617.0,"Time":"2020-12-01T15:20:00Z","Interval":"5min","Figi":"BBG000PXDL44"}
{"o":36.21,"c":36.25,"h":36.28,"l":36.18,"v":4618.0,"Time":"2020-12-01T15:20:00Z","Interval":"5min","Figi":"BBG000PXDL44"}
{"o":36.21,"c":36.25,"h":36.28,"l":36.18,"v":4717.0,"Time":"2020-12-01T15:20:00Z","Interval":"5min","Figi":"BBG000PXDL44"}
{"o":36.21,"c":36.25,"h":36.28,"l":36.18,"v":4818.0,"Time":"2020-12-01T15:20:00Z","Interval":"5min","Figi":"BBG000PXDL44"}
{"o":36.21,"c":36.26,"h":36.28,"l":36.18,"v":4918.0,"Time":"2020-12-01T15:20:00Z","Interval":"5min","Figi":"BBG000PXDL44"}
{"o":36.21,"c":36.25,"h":36.28,"l":36.18,"v":5013.0,"Time":"2020-12-01T15:20:00Z","Interval":"5min","Figi":"BBG000PXDL44"}
{"o":36.21,"c":36.25,"h":36.28,"l":36.18,"v":5018.0,"Time":"2020-12-01T15:20:00Z","Interval":"5min","Figi":"BBG000PXDL44"}
{"o":36.21,"c":36.25,"h":36.28,"l":36.18,"v":5038.0,"Time":"2020-12-01T15:20:00Z","Interval":"5min","Figi":"BBG000PXDL44"}
{"o":36.21,"c":36.25,"h":36.28,"l":36.18,"v":5116.0,"Time":"2020-12-01T15:20:00Z","Interval":"5min","Figi":"BBG000PXDL44"}
{"o":36.21,"c":36.25,"h":36.28,"l":36.18,"v":5166.0,"Time":"2020-12-01T15:20:00Z","Interval":"5min","Figi":"BBG000PXDL44"}
{"o":36.21,"c":36.25,"h":36.28,"l":36.18,"v":5266.0,"Time":"2020-12-01T15:20:00Z","Interval":"5min","Figi":"BBG000PXDL44"}
{"o":36.21,"c":36.26,"h":36.28,"l":36.18,"v":5367.0,"Time":"2020-12-01T15:20:00Z","Interval":"5min","Figi":"BBG000PXDL44"}
{"o":36.21,"c":36.27,"h":36.28,"l":36.18,"v":5373.0,"Time":"2020-12-01T15:20:00Z","Interval":"5min","Figi":"BBG000PXDL44"}
{"o":36.21,"c":36.26,"h":36.28,"l":36.18,"v":5925.0,"Time":"2020-12-01T15:20:00Z","Interval":"5min","Figi":"BBG000PXDL44"}
{"o":36.21,"c":36.26,"h":36.28,"l":36.18,"v":6075.0,"Time":"2020-12-01T15:20:00Z","Interval":"5min","Figi":"BBG000PXDL44"}
{"o":36.21,"c":36.27,"h":36.28,"l":36.18,"v":6076.0,"Time":"2020-12-01T15:20:00Z","Interval":"5min","Figi":"BBG000PXDL44"}
{"o":36.21,"c":36.25,"h":36.28,"l":36.18,"v":6176.0,"Time":"2020-12-01T15:20:00Z","Interval":"5min","Figi":"BBG000PXDL44"}
{"o":36.21,"c":36.25,"h":36.28,"l":36.18,"v":6368.0,"Time":"2020-12-01T15:20:00Z","Interval":"5min","Figi":"BBG000PXDL44"}
{"o":36.21,"c":36.25,"h":36.28,"l":36.18,"v":6468.0,"Time":"2020-12-01T15:20:00Z","Interval":"5min","Figi":"BBG000PXDL44"}
{"o":36.21,"c":36.27,"h":36.28,"l":36.18,"v":6564.0,"Time":"2020-12-01T15:20:00Z","Interval":"5min","Figi":"BBG000PXDL44"}
{"o":36.21,"c":36.25,"h":36.28,"l":36.18,"v":6664.0,"Time":"2020-12-01T15:20:00Z","Interval":"5min","Figi":"BBG000PXDL44"}
{"o":36.21,"c":36.26,"h":36.28,"l":36.18,"v":6764.0,"Time":"2020-12-01T15:20:00Z","Interval":"5min","Figi":"BBG000PXDL44"}
{"o":36.21,"c":36.25,"h":36.28,"l":36.18,"v":6867.0,"Time":"2020-12-01T15:20:00Z","Interval":"5min","Figi":"BBG000PXDL44"}
{"o":36.21,"c":36.25,"h":36.28,"l":36.18,"v":6967.0,"Time":"2020-12-01T15:20:00Z","Interval":"5min","Figi":"BBG000PXDL44"}
{"o":36.21,"c":36.27,"h":36.28,"l":36.18,"v":7374.0,"Time":"2020-12-01T15:20:00Z","Interval":"5min","Figi":"BBG000PXDL44"}
{"o":36.21,"c":36.27,"h":36.28,"l":36.18,"v":7375.0,"Time":"2020-12-01T15:20:00Z","Interval":"5min","Figi":"BBG000PXDL44"}
{"o":36.21,"c":36.27,"h":36.28,"l":36.18,"v":7378.0,"Time":"2020-12-01T15:20:00Z","Interval":"5min","Figi":"BBG000PXDL44"}
{"o":36.21,"c":36.26,"h":36.28,"l":36.18,"v":7474.0,"Time":"2020-12-01T15:20:00Z","Interval":"5min","Figi":"BBG000PXDL44"}
{"o":36.21,"c":36.27,"h":36.28,"l":36.18,"v":7574.0,"Time":"2020-12-01T15:20:00Z","Interval":"5min","Figi":"BBG000PXDL44"}
{"o":36.21,"c":36.26,"h":36.28,"l":36.18,"v":7579.0,"Time":"2020-12-01T15:20:00Z","Interval":"5min","Figi":"BBG000PXDL44"}
{"o":36.21,"c":36.26,"h":36.28,"l":36.18,"v":7581.0,"Time":"2020-12-01T15:20:00Z","Interval":"5min","Figi":"BBG000PXDL44"}
{"o":36.21,"c":36.24,"h":36.28,"l":36.18,"v":7724.0,"Time":"2020-12-01T15:20:00Z","Interval":"5min","Figi":"BBG000PXDL44"}
{"o":36.21,"c":36.23,"h":36.28,"l":36.18,"v":7774.0,"Time":"2020-12-01T15:20:00Z","Interval":"5min","Figi":"BBG000PXDL44"}
{"o":36.21,"c":36.23,"h":36.28,"l":36.18,"v":7824.0,"Time":"2020-12-01T15:20:00Z","Interval":"5min","Figi":"BBG000PXDL44"}
{"o":36.21,"c":36.24,"h":36.28,"l":36.18,"v":7831.0,"Time":"2020-12-01T15:20:00Z","Interval":"5min","Figi":"BBG000PXDL44"}
{"o":36.21,"c":36.22,"h":36.28,"l":36.18,"v":7927.0,"Time":"2020-12-01T15:20:00Z","Interval":"5min","Figi":"BBG000PXDL44"}
{"o":36.21,"c":36.24,"h":36.28,"l":36.18,"v":8027.0,"Time":"2020-12-01T15:20:00Z","Interval":"5min","Figi":"BBG000PXDL44"}
{"o":36.21,"c":36.24,"h":36.28,"l":36.18,"v":8127.0,"Time":"2020-12-01T15:20:00Z","Interval":"5min","Figi":"BBG000PXDL44"}
{"o":36.21,"c":36.24,"h":36.28,"l":36.18,"v":8227.0,"Time":"2020-12-01T15:20:00Z","Interval":"5min","Figi":"BBG000PXDL44"}
{"o":36.23,"c":36.23,"h":36.23,"l":36.23,"v":25.0,"Time":"2020-12-01T15:25:00Z","Interval":"5min","Figi":"BBG000PXDL44"}
{"o":36.23,"c":36.21,"h":36.23,"l":36.2,"v":216.0,"Time":"2020-12-01T15:25:00Z","Interval":"5min","Figi":"BBG000PXDL44"}
{"o":36.23,"c":36.21,"h":36.23,"l":36.2,"v":316.0,"Time":"2020-12-01T15:25:00Z","Interval":"5min","Figi":"BBG000PXDL44"}
{"o":36.23,"c":36.21,"h":36.23,"l":36.2,"v":516.0,"Time":"2020-12-01T15:25:00Z","Interval":"5min","Figi":"BBG000PXDL44"}
{"o":36.23,"c":36.23,"h":36.23,"l":36.2,"v":666.0,"Time":"2020-12-01T15:25:00Z","Interval":"5min","Figi":"BBG000PXDL44"}
{"o":36.23,"c":36.23,"h":36.23,"l":36.2,"v":866.0,"Time":"2020-12-01T15:25:00Z","Interval":"5min","Figi":"BBG000PXDL44"}
{"o":36.23,"c":36.23,"h":36.23,"l":36.2,"v":966.0,"Time":"2020-12-01T15:25:00Z","Interval":"5min","Figi":"BBG000PXDL44"}
{"o":36.23,"c":36.23,"h":36.23,"l":36.2,"v":992.0,"Time":"2020-12-01T15:25:00Z","Interval":"5min","Figi":"BBG000PXDL44"}
{"o":36.23,"c":36.23,"h":36.23,"l":36.2,"v":1092.0,"Time":"2020-12-01T15:25:00Z","Interval":"5min","Figi":"BBG000PXDL44"}
{"o":36.23,"c":36.23,"h":36.23,"l":36.2,"v":1192.0,"Time":"2020-12-01T15:25:00Z","Interval":"5min","Figi":"BBG000PXDL44"}
{"o":36.23,"c":36.23,"h":36.23,"l":36.2,"v":1800.0,"Time":"2020-12-01T15:25:00Z","Interval":"5min","Figi":"BBG000PXDL44"}
{"o":36.23,"c":36.22,"h":36.23,"l":36.2,"v":2000.0,"Time":"2020-12-01T15:25:00Z","Interval":"5min","Figi":"BBG000PXDL44"}
{"o":36.23,"c":36.2,"h":36.23,"l":36.2,"v":2174.0,"Time":"2020-12-01T15:25:00Z","Interval":"5min","Figi":"BBG000PXDL44"}
{"o":36.23,"c":36.2,"h":36.23,"l":36.2,"v":2810.0,"Time":"2020-12-01T15:25:00Z","Interval":"5min","Figi":"BBG000PXDL44"}
{"o":36.23,"c":36.2,"h":36.23,"l":36.2,"v":3038.0,"Time":"2020-12-01T15:25:00Z","Interval":"5min","Figi":"BBG000PXDL44"}
{"o":36.23,"c":36.2,"h":36.23,"l":36.2,"v":3638.0,"Time":"2020-12-01T15:25:00Z","Interval":"5min","Figi":"BBG000PXDL44"}
{"o":36.23,"c":36.22,"h":36.23,"l":36.2,"v":3839.0,"Time":"2020-12-01T15:25:00Z","Interval":"5min","Figi":"BBG000PXDL44"}
{"o":36.23,"c":36.22,"h":36.23,"l":36.2,"v":3939.0,"Time":"2020-12-01T15:25:00Z","Interval":"5min","Figi":"BBG000PXDL44"}
{"o":36.23,"c":36.21,"h":36.23,"l":36.2,"v":4039.0,"Time":"2020-12-01T15:25:00Z","Interval":"5min","Figi":"BBG000PXDL44"}
{"o":36.23,"c":36.16,"h":36.23,"l":36.16,"v":4219.0,"Time":"2020-12-01T15:25:00Z","Interval":"5min","Figi":"BBG000PXDL44"}
{"o":36.23,"c":36.15,"h":36.23,"l":36.15,"v":4319.0,"Time":"2020-12-01T15:25:00Z","Interval":"5min","Figi":"BBG000PXDL44"}
{"o":36.23,"c":36.15,"h":36.23,"l":36.15,"v":4707.0,"Time":"2020-12-01T15:25:00Z","Interval":"5min","Figi":"BBG000PXDL44"}
{"o":36.23,"c":36.15,"h":36.23,"l":36.15,"v":5382.0,"Time":"2020-12-01T15:25:00Z","Interval":"5min","Figi":"BBG000PXDL44"}
{"o":36.23,"c":36.15,"h":36.23,"l":36.15,"v":5882.0,"Time":"2020-12-01T15:25:00Z","Interval":"5min","Figi":"BBG000PXDL44"}
{"o":36.23,"c":36.18,"h":36.23,"l":36.15,"v":6265.0,"Time":"2020-12-01T15:25:00Z","Interval":"5min","Figi":"BBG000PXDL44"}
{"o":36.23,"c":36.18,"h":36.23,"l":36.15,"v":6382.0,"Time":"2020-12-01T15:25:00Z","Interval":"5min","Figi":"BBG000PXDL44"}
{"o":36.23,"c":36.2,"h":36.23,"l":36.15,"v":6782.0,"Time":"2020-12-01T15:25:00Z","Interval":"5min","Figi":"BBG000PXDL44"}
{"o":36.23,"c":36.2,"h":36.23,"l":36.15,"v":7032.0,"Time":"2020-12-01T15:25:00Z","Interval":"5min","Figi":"BBG000PXDL44"}
{"o":36.23,"c":36.22,"h":36.23,"l":36.15,"v":7332.0,"Time":"2020-12-01T15:25:00Z","Interval":"5min","Figi":"BBG000PXDL44"}
{"o":36.23,"c":36.24,"h":36.24,"l":36.15,"v":7432.0,"Time":"2020-12-01T15:25:00Z","Interval":"5min","Figi":"BBG000PXDL44"}
{"o":36.23,"c":36.27,"h":36.27,"l":36.15,"v":7440.0,"Time":"2020-12-01T15:25:00Z","Interval":"5min","Figi":"BBG000PXDL44"}
{"o":36.23,"c":36.27,"h":36.27,"l":36.15,"v":8032.0,"Time":"2020-12-01T15:25:00Z","Interval":"5min","Figi":"BBG000PXDL44"}
{"o":36.23,"c":36.3,"h":36.3,"l":36.15,"v":8040.0,"Time":"2020-12-01T15:25:00Z","Interval":"5min","Figi":"BBG000PXDL44"}
{"o":36.23,"c":36.3,"h":36.3,"l":36.15,"v":8132.0,"Time":"2020-12-01T15:25:00Z","Interval":"5min","Figi":"BBG000PXDL44"}
{"o":36.23,"c":36.32,"h":36.32,"l":36.15,"v":8309.0,"Time":"2020-12-01T15:25:00Z","Interval":"5min","Figi":"BBG000PXDL44"}
{"o":36.23,"c":36.34,"h":36.34,"l":36.15,"v":8715.0,"Time":"2020-12-01T15:25:00Z","Interval":"5min","Figi":"BBG000PXDL44"}
{"o":36.23,"c":36.34,"h":36.34,"l":36.15,"v":8920.0,"Time":"2020-12-01T15:25:00Z","Interval":"5min","Figi":"BBG000PXDL44"}
{"o":36.23,"c":36.34,"h":36.34,"l":36.15,"v":9389.0,"Time":"2020-12-01T15:25:00Z","Interval":"5min","Figi":"BBG000PXDL44"}
{"o":36.23,"c":36.33,"h":36.34,"l":36.15,"v":9965.0,"Time":"2020-12-01T15:25:00Z","Interval":"5min","Figi":"BBG000PXDL44"}
{"o":36.23,"c":36.31,"h":36.34,"l":36.15,"v":9966.0,"Time":"2020-12-01T15:25:00Z","Interval":"5min","Figi":"BBG000PXDL44"}
{"o":36.23,"c":36.31,"h":36.34,"l":36.15,"v":9969.0,"Time":"2020-12-01T15:25:00Z","Interval":"5min","Figi":"BBG000PXDL44"}
{"o":36.23,"c":36.31,"h":36.34,"l":36.15,"v":10116.0,"Time":"2020-12-01T15:25:00Z","Interval":"5min","Figi":"BBG000PXDL44"}
{"o":36.23,"c":36.31,"h":36.34,"l":36.15,"v":10169.0,"Time":"2020-12-01T15:25:00Z","Interval":"5min","Figi":"BBG000PXDL44"}
{"o":36.23,"c":36.29,"h":36.34,"l":36.15,"v":10369.0,"Time":"2020-12-01T15:25:00Z","Interval":"5min","Figi":"BBG000PXDL44"}
{"o":36.23,"c":36.28,"h":36.34,"l":36.15,"v":10474.0,"Time":"2020-12-01T15:25:00Z","Interval":"5min","Figi":"BBG000PXDL44"}
{"o":36.23,"c":36.3,"h":36.34,"l":36.15,"v":10476.0,"Time":"2020-12-01T15:25:00Z","Interval":"5min","Figi":"BBG000PXDL44"}
{"o":36.23,"c":36.31,"h":36.34,"l":36.15,"v":10676.0,"Time":"2020-12-01T15:25:00Z","Interval":"5min","Figi":"BBG000PXDL44"}
{"o":36.23,"c":36.29,"h":36.34,"l":36.15,"v":10678.0,"Time":"2020-12-01T15:25:00Z","Interval":"5min","Figi":"BBG000PXDL44"}
{"o":36.23,"c":36.3,"h":36.34,"l":36.15,"v":10679.0,"Time":"2020-12-01T15:25:00Z","Interval":"5min","Figi":"BBG000PXDL44"}
{"o":36.23,"c":36.27,"h":36.34,"l":36.15,"v":10779.0,"Time":"2020-12-01T15:25:00Z","Interval":"5min","Figi":"BBG000PXDL44"}
{"o":36.23,"c":36.25,"h":36.34,"l":36.15,"v":11004.0,"Time":"2020-12-01T15:25:00Z","Interval":"5min","Figi":"BBG000PXDL44"}
{"o":36.23,"c":36.22,"h":36.34,"l":36.15,"v":11104.0,"Time":"2020-12-01T15:25:00Z","Interval":"5min","Figi":"BBG000PXDL44"}
{"o":36.23,"c":36.25,"h":36.34,"l":36.15,"v":11204.0,"Time":"2020-12-01T15:25:00Z","Interval":"5min","Figi":"BBG000PXDL44"}
{"o":36.23,"c":36.23,"h":36.34,"l":36.15,"v":11304.0,"Time":"2020-12-01T15:25:00Z","Interval":"5min","Figi":"BBG000PXDL44"}
{"o":36.23,"c":36.23,"h":36.23,"l":36.23,"v":100.0,"Time":"2020-12-01T15:30:00Z","Interval":"5min","Figi":"BBG000PXDL44"}
{"o":36.23,"c":36.27,"h":36.27,"l":36.23,"v":1000.0,"Time":"2020-12-01T15:30:00Z","Interval":"5min","Figi":"BBG000PXDL44"}
{"o":36.23,"c":36.27,"h":36.27,"l":36.23,"v":1100.0,"Time":"2020-12-01T15:30:00Z","Interval":"5min","Figi":"BBG000PXDL44"}
{"o":36.23,"c":36.27,"h":36.27,"l":36.23,"v":1200.0,"Time":"2020-12-01T15:30:00Z","Interval":"5min","Figi":"BBG000PXDL44"}
{"o":36.23,"c":36.28,"h":36.28,"l":36.23,"v":1400.0,"Time":"2020-12-01T15:30:00Z","Interval":"5min","Figi":"BBG000PXDL44"}
{"o":36.23,"c":36.29,"h":36.29,"l":36.23,"v":1800.0,"Time":"2020-12-01T15:30:00Z","Interval":"5min","Figi":"BBG000PXDL44"}
{"o":36.23,"c":36.26,"h":36.29,"l":36.23,"v":1804.0,"Time":"2020-12-01T15:30:00Z","Interval":"5min","Figi":"BBG000PXDL44"}
{"o":36.23,"c":36.27,"h":36.29,"l":36.23,"v":2004.0,"Time":"2020-12-01T15:30:00Z","Interval":"5min","Figi":"BBG000PXDL44"}
{"o":36.23,"c":36.29,"h":36.29,"l":36.23,"v":2749.0,"Time":"2020-12-01T15:30:00Z","Interval":"5min","Figi":"BBG000PXDL44"}
{"o":36.23,"c":36.28,"h":36.29,"l":36.23,"v":2849.0,"Time":"2020-12-01T15:30:00Z","Interval":"5min","Figi":"BBG000PXDL44"}
{"o":36.23,"c":36.3,"h":36.3,"l":36.23,"v":2903.0,"Time":"2020-12-01T15:30:00Z","Interval":"5min","Figi":"BBG000PXDL44"}
{"o":36.23,"c":36.31,"h":36.31,"l":36.23,"v":2974.0,"Time":"2020-12-01T15:30:00Z","Interval":"5min","Figi":"BBG000PXDL44"}
{"o":36.23,"c":36.31,"h":36.31,"l":36.23,"v":3203.0,"Time":"2020-12-01T15:30:00Z","Interval":"5min","Figi":"BBG000PXDL44"}
{"o":36.23,"c":36.31,"h":36.31,"l":36.23,"v":3403.0,"Time":"2020-12-01T15:30:00Z","Interval":"5min","Figi":"BBG000PXDL44"}
{"o":36.23,"c":36.3,"h":36.31,"l":36.23,"v":3653.0,"Time":"2020-12-01T15:30:00Z","Interval":"5min","Figi":"BBG000PXDL44"}
{"o":36.23,"c":36.3,"h":36.31,"l":36.23,"v":3753.0,"Time":"2020-12-01T15:30:00Z","Interval":"5min","Figi":"BBG000PXDL44"}
{"o":36.23,"c":36.3,"h":36.31,"l":36.23,"v":3801.0,"Time":"2020-12-01T15:30:00Z","Interval":"5min","Figi":"BBG000PXDL44"}
{"o":36.23,"c":36.3,"h":36.31,"l":36.23,"v":4037.0,"Time":"2020-12-01T15:30:00Z","Interval":"5min","Figi":"BBG000PXDL44"}
{"o":36.23,"c":36.29,"h":36.31,"l":36.23,"v":4237.0,"Time":"2020-12-01T15:30:00Z","Interval":"5min","Figi":"BBG000PXDL44"}
{"o":36.23,"c":36.29,"h":36.31,"l":36.23,"v":4238.0,"Time":"2020-12-01T15:30:00Z","Interval":"5min","Figi":"BBG000PXDL44"}
{"o":36.23,"c":36.3,"h":36.31,"l":36.23,"v":4339.0,"Time":"2020-12-01T15:30:00Z","Interval":"5min","Figi":"BBG000PXDL44"}
{"o":36.23,"c":36.29,"h":36.31,"l":36.23,"v":4340.0,"Time":"2020-12-01T15:30:00Z","Interval":"5min","Figi":"BBG000PXDL44"}
{"o":36.23,"c":36.29,"h":36.31,"l":36.23,"v":4390.0,"Time":"2020-12-01T15:30:00Z","Interval":"5min","Figi":"BBG000PXDL44"}
{"o":36.23,"c":36.3,"h":36.31,"l":36.23,"v":4490.0,"Time":"2020-12-01T15:30:00Z","Interval":"5min","Figi":"BBG000PXDL44"}
{"o":36.23,"c":36.29,"h":36.31,"l":36.23,"v":4740.0,"Time":"2020-12-01T15:30:00Z","Interval":"5min","Figi":"BBG000PXDL44"}
{"o":36.23,"c":36.29,"h":36.31,"l":36.23,"v":4840.0,"Time":"2020-12-01T15:30:00Z","Interval":"5min","Figi":"BBG000PXDL44"}
{"o":36.23,"c":36.29,"h":36.31,"l":36.23,"v":5140.0,"Time":"2020-12-01T15:30:00Z","Interval":"5min","Figi":"BBG000PXDL44"}
{"o":36.23,"c":36.3,"h":36.31,"l":36.23,"v":5283.0,"Time":"2020-12-01T15:30:00Z","Interval":"5min","Figi":"BBG000PXDL44"}
{"o":36.23,"c":36.28,"h":36.31,"l":36.23,"v":5487.0,"Time":"2020-12-01T15:30:00Z","Interval":"5min","Figi":"BBG000PXDL44"}
{"o":36.23,"c":36.27,"h":36.31,"l":36.23,"v":5617.0,"Time":"2020-12-01T15:30:00Z","Interval":"5min","Figi":"BBG000PXDL44"}
{"o":36.23,"c":36.26,"h":36.31,"l":36.23,"v":5637.0,"Time":"2020-12-01T15:30:00Z","Interval":"5min","Figi":"BBG000PXDL44"}
{"o":36.23,"c":36.25,"h":36.31,"l":36.23,"v":5648.0,"Time":"2020-12-01T15:30:00Z","Interval":"5min","Figi":"BBG000PXDL44"}
{"o":36.23,"c":36.24,"h":36.31,"l":36.23,"v":5698.0,"Time":"2020-12-01T15:30:00Z","Interval":"5min","Figi":"BBG000PXDL44"}
{"o":36.23,"c":36.23,"h":36.31,"l":36.23,"v":5798.0,"Time":"2020-12-01T15:30:00Z","Interval":"5min","Figi":"BBG000PXDL44"}
{"o":36.23,"c":36.22,"h":36.31,"l":36.22,"v":5848.0,"Time":"2020-12-01T15:30:00Z","Interval":"5min","Figi":"BBG000PXDL44"}
{"o":36.23,"c":36.22,"h":36.31,"l":36.22,"v":5849.0,"Time":"2020-12-01T15:30:00Z","Interval":"5min","Figi":"BBG000PXDL44"}
{"o":36.23,"c":36.2,"h":36.31,"l":36.2,"v":5899.0,"Time":"2020-12-01T15:30:00Z","Interval":"5min","Figi":"BBG000PXDL44"}
{"o":36.23,"c":36.2,"h":36.31,"l":36.2,"v":5900.0,"Time":"2020-12-01T15:30:00Z","Interval":"5min","Figi":"BBG000PXDL44"}
{"o":36.23,"c":36.2,"h":36.31,"l":36.2,"v":6000.0,"Time":"2020-12-01T15:30:00Z","Interval":"5min","Figi":"BBG000PXDL44"}
{"o":36.23,"c":36.19,"h":36.31,"l":36.19,"v":6020.0,"Time":"2020-12-01T15:30:00Z","Interval":"5min","Figi":"BBG000PXDL44"}
{"o":36.23,"c":36.17,"h":36.31,"l":36.17,"v":6120.0,"Time":"2020-12-01T15:30:00Z","Interval":"5min","Figi":"BBG000PXDL44"}
{"o":36.23,"c":36.18,"h":36.31,"l":36.17,"v":6130.0,"Time":"2020-12-01T15:30:00Z","Interval":"5min","Figi":"BBG000PXDL44"}
{"o":36.23,"c":36.19,"h":36.31,"l":36.17,"v":6480.0,"Time":"2020-12-01T15:30:00Z","Interval":"5min","Figi":"BBG000PXDL44"}
{"o":36.23,"c":36.19,"h":36.31,"l":36.17,"v":7230.0,"Time":"2020-12-01T15:30:00Z","Interval":"5min","Figi":"BBG000PXDL44"}
{"o":36.23,"c":36.19,"h":36.31,"l":36.17,"v":7430.0,"Time":"2020-12-01T15:30:00Z","Interval":"5min","Figi":"BBG000PXDL44"}
{"o":36.23,"c":36.2,"h":36.31,"l":36.17,"v":7490.0,"Time":"2020-12-01T15:30:00Z","Interval":"5min","Figi":"BBG000PXDL44"}
{"o":36.23,"c":36.2,"h":36.31,"l":36.17,"v":7530.0,"Time":"2020-12-01T15:30:00Z","Interval":"5min","Figi":"BBG000PXDL44"}
{"o":36.23,"c":36.2,"h":36.31,"l":36.17,"v":7531.0,"Time":"2020-12-01T15:30:00Z","Interval":"5min","Figi":"BBG000PXDL44"}
{"o":36.23,"c":36.2,"h":36.31,"l":36.17,"v":7631.0,"Time":"2020-12-01T15:30:00Z","Interval":"5min","Figi":"BBG000PXDL44"}
{"o":36.23,"c":36.2,"h":36.31,"l":36.17,"v":7831.0,"Time":"2020-12-01T15:30:00Z","Interval":"5min","Figi":"BBG000PXDL44"}
{"o":36.23,"c":36.19,"h":36.31,"l":36.17,"v":7837.0,"Time":"2020-12-01T15:30:00Z","Interval":"5min","Figi":"BBG000PXDL44"}
{"o":36.23,"c":36.18,"h":36.31,"l":36.17,"v":7838.0,"Time":"2020-12-01T15:30:00Z","Interval":"5min","Figi":"BBG000PXDL44"}
{"o":36.23,"c":36.17,"h":36.31,"l":36.17,"v":7888.0,"Time":"2020-12-01T15:30:00Z","Interval":"5min","Figi":"BBG000PXDL44"}
{"o":36.18,"c":36.19,"h":36.19,"l":36.18,"v":105.0,"Time":"2020-12-01T15:35:00Z","Interval":"5min","Figi":"BBG000PXDL44"}
{"o":36.18,"c":36.18,"h":36.19,"l":36.18,"v":205.0,"Time":"2020-12-01T15:35:00Z","Interval":"5min","Figi":"BBG000PXDL44"}
{"o":36.18,"c":36.16,"h":36.19,"l":36.16,"v":476.0,"Time":"2020-12-01T15:35:00Z","Interval":"5min","Figi":"BBG000PXDL44"}
{"o":36.18,"c":36.16,"h":36.19,"l":36.16,"v":874.0,"Time":"2020-12-01T15:35:00Z","Interval":"5min","Figi":"BBG000PXDL44"}
{"o":36.18,"c":36.18,"h":36.19,"l":36.16,"v":1074.0,"Time":"2020-12-01T15:35:00Z","Interval":"5min","Figi":"BBG000PXDL44"}
{"o":36.18,"c":36.17,"h":36.19,"l":36.16,"v":1114.0,"Time":"2020-12-01T15:35:00Z","Interval":"5min","Figi":"BBG000PXDL44"}
{"o":36.18,"c":36.16,"h":36.19,"l":36.16,"v":1116.0,"Time":"2020-12-01T15:35:00Z","Interval":"5min","Figi":"BBG000PXDL44"}
{"o":36.18,"c":36.17,"h":36.19,"l":36.16,"v":1415.0,"Time":"2020-12-01T15:35:00Z","Interval":"5min","Figi":"BBG000PXDL44"}
{"o":36.18,"c":36.14,"h":36.19,"l":36.14,"v":1431.0,"Time":"2020-12-01T15:35:00Z","Interval":"5min","Figi":"BBG000PXDL44"}
{"o":36.18,"c":36.15,"h":36.19,"l":36.14,"v":1433.0,"Time":"2020-12-01T15:35:00Z","Interval":"5min","Figi":"BBG000PXDL44"}
{"o":36.18,"c":36.13,"h":36.19,"l":36.13,"v":1434.0,"Time":"2020-12-01T15:35:00Z","Interval":"5min","Figi":"BBG000PXDL44"}
{"o":36.18,"c":36.16,"h":36.19,"l":36.13,"v":1534.0,"Time":"2020-12-01T15:35:00Z","Interval":"5min","Figi":"BBG000PXDL44"}
{"o":36.18,"c":36.12,"h":36.19,"l":36.12,"v":1591.0,"Time":"2020-12-01T15:35:00Z","Interval":"5min","Figi":"BBG000PXDL44"}
{"o":36.18,"c":36.12,"h":36.19,"l":36.12,"v":1691.0,"Time":"2020-12-01T15:35:00Z","Interval":"5min","Figi":"BBG000PXDL44"}
{"o":36.18,"c":36.12,"h":36.19,"l":36.12,"v":1755.0,"Time":"2020-12-01T15:35:00Z","Interval":"5min","Figi":"BBG000PXDL44"}
{"o":36.18,"c":36.11,"h":36.19,"l":36.11,"v":1805.0,"Time":"2020-12-01T15:35:00Z","Interval":"5min","Figi":"BBG000PXDL44"}
{"o":36.18,"c":36.13,"h":36.19,"l":36.11,"v":1905.0,"Time":"2020-12-01T15:35:00Z","Interval":"5min","Figi":"BBG000PXDL44"}
{"o":36.18,"c":36.13,"h":36.19,"l":36.11,"v":2511.0,"Time":"2020-12-01T15:35:00Z","Interval":"5min","Figi":"BBG000PXDL44"}
{"o":36.18,"c":36.13,"h":36.19,"l":36.11,"v":2611.0,"Time":"2020-12-01T15:35:00Z","Interval":"5min","Figi":"BBG000PXDL44"}
{"o":36.18,"c":36.13,"h":36.19,"l":36.11,"v":2699.0,"Time":"2020-12-01T15:35:00Z","Interval":"5min","Figi":"BBG000PXDL44"}
{"o":36.18,"c":36.13,"h":36.19,"l":36.11,"v":2808.0,"Time":"2020-12-01T15:35:00Z","Interval":"5min","Figi":"BBG000PXDL44"}
{"o":36.18,"c":36.14,"h":36.19,"l":36.11,"v":2858.0,"Time":"2020-12-01T15:35:00Z","Interval":"5min","Figi":"BBG000PXDL44"}
{"o":36.18,"c":36.13,"h":36.19,"l":36.11,"v":2958.0,"Time":"2020-12-01T15:35:00Z","Interval":"5min","Figi":"BBG000PXDL44"}
{"o":36.18,"c":36.12,"h":36.19,"l":36.11,"v":3055.0,"Time":"2020-12-01T15:35:00Z","Interval":"5min","Figi":"BBG000PXDL44"}
{"o":36.18,"c":36.12,"h":36.19,"l":36.11,"v":3158.0,"Time":"2020-12-01T15:35:00Z","Interval":"5min","Figi":"BBG000PXDL44"}
{"o":36.18,"c":36.13,"h":36.19,"l":36.11,"v":3258.0,"Time":"2020-12-01T15:35:00Z","Interval":"5min","Figi":"BBG000PXDL44"}
{"o":36.18,"c":36.13,"h":36.19,"l":36.11,"v":3301.0,"Time":"2020-12-01T15:35:00Z","Interval":"5min","Figi":"BBG000PXDL44"}
{"o":36.18,"c":36.11,"h":36.19,"l":36.11,"v":3302.0,"Time":"2020-12-01T15:35:00Z","Interval":"5min","Figi":"BBG000PXDL44"}
{"o":36.18,"c":36.1,"h":36.19,"l":36.1,"v":3554.0,"Time":"2020-12-01T15:35:00Z","Interval":"5min","Figi":"BBG000PXDL44"}
{"o":36.18,"c":36.1,"h":36.19,"l":36.1,"v":3754.0,"Time":"2020-12-01T15:35:00Z","Interval":"5min","Figi":"BBG000PXDL44"}
{"o":36.18,"c":36.11,"h":36.19,"l":36.1,"v":4286.0,"Time":"2020-12-01T15:35:00Z","Interval":"5min","Figi":"BBG000PXDL44"}
{"o":36.18,"c":36.11,"h":36.19,"l":36.1,"v":4336.0,"Time":"2020-12-01T15:35:00Z","Interval":"5min","Figi":"BBG000PXDL44"}
{"o":36.18,"c":36.12,"h":36.19,"l":36.1,"v":4436.0,"Time":"2020-12-01T15:35:00Z","Interval":"5min","Figi":"BBG000PXDL44"}
{"o":36.18,"c":36.13,"h":36.19,"l":36.1,"v":4467.0,"Time":"2020-12-01T15:35:00Z","Interval":"5min","Figi":"BBG000PXDL44"}
{"o":36.18,"c":36.13,"h":36.19,"l":36.1,"v":4783.0,"Time":"2020-12-01T15:35:00Z","Interval":"5min","Figi":"BBG000PXDL44"}
{"o":36.18,"c":36.11,"h":36.19,"l":36.1,"v":4784.0,"Time":"2020-12-01T15:35:00Z","Interval":"5min","Figi":"BBG000PXDL44"}
{"o":36.18,"c":36.11,"h":36.19,"l":36.1,"v":4899.0,"Time":"2020-12-01T15:35:00Z","Interval":"5min","Figi":"BBG000PXDL44"}
{"o":36.18,"c":36.11,"h":36.19,"l":36.1,"v":4899.0,"Time":"2020-12-01T15:35:00Z","Interval":"5min","Figi":"BBG000PXDL44"}
{"o":36.18,"c":36.1,"h":36.19,"l":36.1,"v":4938.0,"Time":"2020-12-01T15:35:00Z","Interval":"5min","Figi":"BBG000PXDL44"}
{"o":36.18,"c":36.08,"h":36.19,"l":36.08,"v":4948.0,"Time":"2020-12-01T15:35:00Z","Interval":"5min","Figi":"BBG000PXDL44"}
{"o":36.18,"c":36.09,"h":36.19,"l":36.08,"v":4973.0,"Time":"2020-12-01T15:35:00Z","Interval":"5min","Figi":"BBG000PXDL44"}
{"o":36.18,"c":36.07,"h":36.19,"l":36.07,"v":5023.0,"Time":"2020-12-01T15:35:00Z","Interval":"5min","Figi":"BBG000PXDL44"}
{"o":36.06,"c":36.02,"h":36.06,"l":36.02,"v":119.0,"Time":"2020-12-01T15:40:00Z","Interval":"5min","Figi":"BBG000PXDL44"}
{"o":36.06,"c":36.02,"h":36.06,"l":36.02,"v":136.0,"Time":"2020-12-01T15:40:00Z","Interval":"5min","Figi":"BBG000PXDL44"}
{"o":36.06,"c":36.02,"h":36.06,"l":36.02,"v":222.0,"Time":"2020-12-01T15:40:00Z","Interval":"5min","Figi":"BBG000PXDL44"}
{"o":36.06,"c":36.01,"h":36.06,"l":36.01,"v":472.0,"Time":"2020-12-01T15:40:00Z","Interval":"5min","Figi":"BBG000PXDL44"}
{"o":36.06,"c":36.01,"h":36.06,"l":36.01,"v":484.0,"Time":"2020-12-01T15:40:00Z","Interval":"5min","Figi":"BBG000PXDL44"}
{"o":36.06,"c":36.01,"h":36.06,"l":36.01,"v":856.0,"Time":"2020-12-01T15:40:00Z","Interval":"5min","Figi":"BBG000PXDL44"}
{"o":36.06,"c":36.01,"h":36.06,"l":36.01,"v":972.0,"Time":"2020-12-01T15:40:00Z","Interval":"5min","Figi":"BBG000PXDL44"}
{"o":36.06,"c":36.01,"h":36.06,"l":36.01,"v":1272.0,"Time":"2020-12-01T15:40:00Z","Interval":"5min","Figi":"BBG000PXDL44"}
{"o":36.06,"c":36.01,"h":36.06,"l":36.01,"v":1523.0,"Time":"2020-12-01T15:40:00Z","Interval":"5min","Figi":"BBG000PXDL44"}
{"o":36.06,"c":36.02,"h":36.06,"l":36.01,"v":1623.0,"Time":"2020-12-01T15:40:00Z","Interval":"5min","Figi":"BBG000PXDL44"}
{"o":36.06,"c":36.0,"h":36.06,"l":36.0,"v":1634.0,"Time":"2020-12-01T15:40:00Z","Interval":"5min","Figi":"BBG000PXDL44"}
{"o":36.06,"c":35.99,"h":36.06,"l":35.99,"v":1734.0,"Time":"2020-12-01T15:40:00Z","Interval":"5min","Figi":"BBG000PXDL44"}
{"o":36.06,"c":35.98,"h":36.06,"l":35.98,"v":1785.0,"Time":"2020-12-01T15:40:00Z","Interval":"5min","Figi":"BBG000PXDL44"}
{"o":36.06,"c":35.97,"h":36.06,"l":35.97,"v":1834.0,"Time":"2020-12-01T15:40:00Z","Interval":"5min","Figi":"BBG000PXDL44"}
{"o":36.06,"c":35.98,"h":36.06,"l":35.97,"v":1835.0,"Time":"2020-12-01T15:40:00Z","Interval":"5min","Figi":"BBG000PXDL44"}
{"o":36.06,"c":35.97,"h":36.06,"l":35.97,"v":1955.0,"Time":"2020-12-01T15:40:00Z","Interval":"5min","Figi":"BBG000PXDL44"}
{"o":36.06,"c":35.97,"h":36.06,"l":35.97,"v":1957.0,"Time":"2020-12-01T15:40:00Z","Interval":"5min","Figi":"BBG000PXDL44"}
{"o":36.06,"c":35.96,"h":36.06,"l":35.96,"v":2057.0,"Time":"2020-12-01T15:40:00Z","Interval":"5min","Figi":"BBG000PXDL44"}
{"o":36.06,"c":35.97,"h":36.06,"l":35.96,"v":2157.0,"Time":"2020-12-01T15:40:00Z","Interval":"5min","Figi":"BBG000PXDL44"}
{"o":36.06,"c":35.96,"h":36.06,"l":35.96,"v":2159.0,"Time":"2020-12-01T15:40:00Z","Interval":"5min","Figi":"BBG000PXDL44"}
{"o":36.06,"c":35.97,"h":36.06,"l":35.96,"v":2160.0,"Time":"2020-12-01T15:40:00Z","Interval":"5min","Figi":"BBG000PXDL44"}
{"o":36.06,"c":35.96,"h":36.06,"l":35.96,"v":2161.0,"Time":"2020-12-01T15:40:00Z","Interval":"5min","Figi":"BBG000PXDL44"}
{"o":36.06,"c":35.96,"h":36.06,"l":35.96,"v":2184.0,"Time":"2020-12-01T15:40:00Z","Interval":"5min","Figi":"BBG000PXDL44"}
{"o":36.06,"c":35.96,"h":36.06,"l":35.96,"v":2377.0,"Time":"2020-12-01T15:40:00Z","Interval":"5min","Figi":"BBG000PXDL44"}
{"o":36.06,"c":35.98,"h":36.06,"l":35.96,"v":2838.0,"Time":"2020-12-01T15:40:00Z","Interval":"5min","Figi":"BBG000PXDL44"}
{"o":36.06,"c":35.98,"h":36.06,"l":35.96,"v":2912.0,"Time":"2020-12-01T15:40:00Z","Interval":"5min","Figi":"BBG000PXDL44"}
{"o":36.06,"c":35.97,"h":36.06,"l":35.96,"v":3112.0,"Time":"2020-12-01T15:40:00Z","Interval":"5min","Figi":"BBG000PXDL44"}
{"o":36.06,"c":35.95,"h":36.06,"l":35.95,"v":3202.0,"Time":"2020-12-01T15:40:00Z","Interval":"5min","Figi":"BBG000PXDL44"}
{"o":36.06,"c":35.94,"h":36.06,"l":35.94,"v":3253.0,"Time":"2020-12-01T15:40:00Z","Interval":"5min","Figi":"BBG000PXDL44"}
{"o":36.06,"c":35.94,"h":36.06,"l":35.94,"v":3313.0,"Time":"2020-12-01T15:40:00Z","Interval":"5min","Figi":"BBG000PXDL44"}
{"o":36.06,"c":35.94,"h":36.06,"l":35.94,"v":3879.0,"Time":"2020-12-01T15:40:00Z","Interval":"5min","Figi":"BBG000PXDL44"}
{"o":36.06,"c":35.96,"h":36.06,"l":35.94,"v":3979.0,"Time":"2020-12-01T15:40:00Z","Interval":"5min","Figi":"BBG000PXDL44"}
{"o":36.06,"c":35.95,"h":36.06,"l":35.94,"v":4179.0,"Time":"2020-12-01T15:40:00Z","Interval":"5min","Figi":"BBG000PXDL44"}
{"o":36.06,"c":35.95,"h":36.06,"l":35.94,"v":4279.0,"Time":"2020-12-01T15:40:00Z","Interval":"5min","Figi":"BBG000PXDL44"}
{"o":36.06,"c":35.95,"h":36.06,"l":35.94,"v":4379.0,"Time":"2020-12-01T15:40:00Z","Interval":"5min","Figi":"BBG000PXDL44"}
{"o":36.06,"c":35.96,"h":36.06,"l":35.94,"v":4380.0,"Time":"2020-12-01T15:40:00Z","Interval":"5min","Figi":"BBG000PXDL44"}
{"o":36.06,"c":35.96,"h":36.06,"l":35.94,"v":4403.0,"Time":"2020-12-01T15:40:00Z","Interval":"5min","Figi":"BBG000PXDL44"}
{"o":36.06,"c":35.95,"h":36.06,"l":35.94,"v":4503.0,"Time":"2020-12-01T15:40:00Z","Interval":"5min","Figi":"BBG000PXDL44"}
{"o":36.06,"c":35.96,"h":36.06,"l":35.94,"v":4516.0,"Time":"2020-12-01T15:40:00Z","Interval":"5min","Figi":"BBG000PXDL44"}
{"o":36.06,"c":35.96,"h":36.06,"l":35.94,"v":4524.0,"Time":"2020-12-01T15:40:00Z","Interval":"5min","Figi":"BBG000PXDL44"}
{"o":36.06,"c":35.96,"h":36.06,"l":35.94,"v":4603.0,"Time":"2020-12-01T15:40:00Z","Interval":"5min","Figi":"BBG000PXDL44"}
{"o":36.06,"c":35.95,"h":36.06,"l":35.94,"v":4647.0,"Time":"2020-12-01T15:40:00Z","Interval":"5min","Figi":"BBG000PXDL44"}
{"o":36.06,"c":35.95,"h":36.06,"l":35.94,"v":4663.0,"Time":"2020-12-01T15:40:00Z","Interval":"5min","Figi":"BBG000PXDL44"}
{"o":36.06,"c":35.95,"h":36.06,"l":35.94,"v":4669.0,"Time":"2020-12-01T15:40:00Z","Interval":"5min","Figi":"BBG000PXDL44"}
{"o":36.06,"c":35.94,"h":36.06,"l":35.94,"v":4769.0,"Time":"2020-12-01T15:40:00Z","Interval":"5min","Figi":"BBG000PXDL44"}
{"o":36.06,"c":35.95,"h":36.06,"l":35.94,"v":4869.0,"Time":"2020-12-01T15:40:00Z","Interval":"5min","Figi":"BBG000PXDL44"}
{"o":35.95,"c":35.96,"h":35.96,"l":35.95,"v":202.0,"Time":"2020-12-01T15:45:00Z","Interval":"5min","Figi":"BBG000PXDL44"}
{"o":35.95,"c":35.97,"h":35.97,"l":35.95,"v":302.0,"Time":"2020-12-01T15:45:00Z","Interval":"5min","Figi":"BBG000PXDL44"}
{"o":35.95,"c":35.98,"h":35.98,"l":35.95,"v":402.0,"Time":"2020-12-01T15:45:00Z","Interval":"5min","Figi":"BBG000PXDL44"}
{"o":35.95,"c":35.99,"h":35.99,"l":35.95,"v":433.0,"Time":"2020-12-01T15:45:00Z","Interval":"5min","Figi":"BBG000PXDL44"}
{"o":35.95,"c":36.0,"h":36.0,"l":35.95,"v":533.0,"Time":"2020-12-01T15:45:00Z","Interval":"5min","Figi":"BBG000PXDL44"}
{"o":35.95,"c":35.99,"h":36.0,"l":35.95,"v":634.0,"Time":"2020-12-01T15:45:00Z","Interval":"5min","Figi":"BBG000PXDL44"}
{"o":35.95,"c":35.98,"h":36.0,"l":35.95,"v":833.0,"Time":"2020-12-01T15:45:00Z","Interval":"5min","Figi":"BBG000PXDL44"}
{"o":35.95,"c":35.97,"h":36.0,"l":35.95,"v":901.0,"Time":"2020-12-01T15:45:00Z","Interval":"5min","Figi":"BBG000PXDL44"}
{"o":35.95,"c":35.97,"h":36.0,"l":35.95,"v":1031.0,"Time":"2020-12-01T15:45:00Z","Interval":"5min","Figi":"BBG000PXDL44"}
{"o":35.95,"c":35.96,"h":36.0,"l":35.95,"v":1250.0,"Time":"2020-12-01T15:45:00Z","Interval":"5min","Figi":"BBG000PXDL44"}
{"o":35.95,"c":35.94,"h":36.0,"l":35.94,"v":1321.0,"Time":"2020-12-01T15:45:00Z","Interval":"5min","Figi":"BBG000PXDL44"}
{"o":35.95,"c":35.94,"h":36.0,"l":35.94,"v":1350.0,"Time":"2020-12-01T15:45:00Z","Interval":"5min","Figi":"BBG000PXDL44"}
{"o":35.95,"c":35.94,"h":36.0,"l":35.94,"v":1351.0,"Time":"2020-12-01T15:45:00Z","Interval":"5min","Figi":"BBG000PXDL44"}
{"o":35.95,"c":35.93,"h":36.0,"l":35.93,"v":1352.0,"Time":"2020-12-01T15:45:00Z","Interval":"5min","Figi":"BBG000PXDL44"}
{"o":35.95,"c":35.93,"h":36.0,"l":35.92,"v":1354.0,"Time":"2020-12-01T15:45:00Z","Interval":"5min","Figi":"BBG000PXDL44"}
{"o":35.95,"c":35.93,"h":36.0,"l":35.92,"v":1554.0,"Time":"2020-12-01T15:45:00Z","Interval":"5min","Figi":"BBG000PXDL44"}
{"o":35.95,"c":35.96,"h":36.0,"l":35.92,"v":1808.0,"Time":"2020-12-01T15:45:00Z","Interval":"5min","Figi":"BBG000PXDL44"}
{"o":35.95,"c":35.96,"h":36.0,"l":35.92,"v":1908.0,"Time":"2020-12-01T15:45:00Z","Interval":"5min","Figi":"BBG000PXDL44"}
{"o":35.95,"c":35.97,"h":36.0,"l":35.92,"v":2188.0,"Time":"2020-12-01T15:45:00Z","Interval":"5min","Figi":"BBG000PXDL44"}
{"o":35.95,"c":35.97,"h":36.0,"l":35.92,"v":2388.0,"Time":"2020-12-01T15:45:00Z","Interval":"5min","Figi":"BBG000PXDL44"}
{"o":35.95,"c":35.97,"h":36.0,"l":35.92,"v":2488.0,"Time":"2020-12-01T15:45:00Z","Interval":"5min","Figi":"BBG000PXDL44"}
{"o":35.95,"c":35.99,"h":36.0,"l":35.92,"v":2788.0,"Time":"2020-12-01T15:45:00Z","Interval":"5min","Figi":"BBG000PXDL44"}
{"o":35.95,"c":35.98,"h":36.0,"l":35.92,"v":2789.0,"Time":"2020-12-01T15:45:00Z","Interval":"5min","Figi":"BBG000PXDL44"}
{"o":35.95,"c":35.98,"h":36.0,"l":35.92,"v":2889.0,"Time":"2020-12-01T15:45:00Z","Interval":"5min","Figi":"BBG000PXDL44"}
{"o":35.95,"c":35.98,"h":36.0,"l":35.92,"v":2900.0,"Time":"2020-12-01T15:45:00Z","Interval":"5min","Figi":"BBG000PXDL44"}
{"o":35.95,"c":35.96,"h":36.0,"l":35.92,"v":2902.0,"Time":"2020-12-01T15:45:00Z","Interval":"5min","Figi":"BBG000PXDL44"}
{"o":35.95,"c":35.98,"h":36.0,"l":35.92,"v":3102.0,"Time":"2020-12-01T15:45:00Z","Interval":"5min","Figi":"BBG000PXDL44"}
{"o":35.95,"c":35.98,"h":36.0,"l":35.92,"v":3656.0,"Time":"2020-12-01T15:45:00Z","Interval":"5min","Figi":"BBG000PXDL44"}
{"o":35.95,"c":35.99,"h":36.0,"l":35.92,"v":3874.0,"Time":"2020-12-01T15:45:00Z","Interval":"5min","Figi":"BBG000PXDL44"}
{"o":35.95,"c":36.01,"h":36.01,"l":35.92,"v":3974.0,"Time":"2020-12-01T15:45:00Z","Interval":"5min","Figi":"BBG000PXDL44"}
{"o":35.95,"c":36.02,"h":36.02,"l":35.92,"v":4401.0,"Time":"2020-12-01T15:45:00Z","Interval":"5min","Figi":"BBG000PXDL44"}
{"o":35.95,"c":36.01,"h":36.02,"l":35.92,"v":4501.0,"Time":"2020-12-01T15:45:00Z","Interval":"5min","Figi":"BBG000PXDL44"}
{"o":35.95,"c":36.03,"h":36.03,"l":35.92,"v":4601.0,"Time":"2020-12-01T15:45:00Z","Interval":"5min","Figi":"BBG000PXDL44"}
{"o":36.05,"c":36.04,"h":36.05,"l":36.04,"v":1003.0,"Time":"2020-12-01T15:50:00Z","Interval":"5min","Figi":"BBG000PXDL44"}
{"o":36.05,"c":36.05,"h":36.05,"l":36.05,"v":300.0,"Time":"2020-12-01T15:50:00Z","Interval":"5min","Figi":"BBG000PXDL44"}
{"o":36.05,"c":36.06,"h":36.06,"l":36.04,"v":1103.0,"Time":"2020-12-01T15:50:00Z","Interval":"5min","Figi":"BBG000PXDL44"}
{"o":36.05,"c":36.06,"h":36.06,"l":36.04,"v":1194.0,"Time":"2020-12-01T15:50:00Z","Interval":"5min","Figi":"BBG000PXDL44"}
{"o":36.05,"c":36.05,"h":36.06,"l":36.04,"v":1356.0,"Time":"2020-12-01T15:50:00Z","Interval":"5min","Figi":"BBG000PXDL44"}
{"o":36.05,"c":36.08,"h":36.08,"l":36.04,"v":1457.0,"Time":"2020-12-01T15:50:00Z","Interval":"5min","Figi":"BBG000PXDL44"}
{"o":36.05,"c":36.09,"h":36.09,"l":36.04,"v":1557.0,"Time":"2020-12-01T15:50:00Z","Interval":"5min","Figi":"BBG000PXDL44"}
{"o":36.05,"c":36.07,"h":36.09,"l":36.04,"v":1859.0,"Time":"2020-12-01T15:50:00Z","Interval":"5min","Figi":"BBG000PXDL44"}
{"o":36.05,"c":36.07,"h":36.09,"l":36.04,"v":1963.0,"Time":"2020-12-01T15:50:00Z","Interval":"5min","Figi":"BBG000PXDL44"}
{"o":36.05,"c":36.08,"h":36.09,"l":36.04,"v":2478.0,"Time":"2020-12-01T15:50:00Z","Interval":"5min","Figi":"BBG000PXDL44"}
{"o":36.05,"c":36.08,"h":36.09,"l":36.04,"v":2578.0,"Time":"2020-12-01T15:50:00Z","Interval":"5min","Figi":"BBG000PXDL44"}
{"o":36.05,"c":36.09,"h":36.09,"l":36.04,"v":2678.0,"Time":"2020-12-01T15:50:00Z","Interval":"5min","Figi":"BBG000PXDL44"}
{"o":36.05,"c":36.08,"h":36.09,"l":36.04,"v":2688.0,"Time":"2020-12-01T15:50:00Z","Interval":"5min","Figi":"BBG000PXDL44"}
{"o":36.05,"c":36.07,"h":36.09,"l":36.04,"v":2879.0,"Time":"2020-12-01T15:50:00Z","Interval":"5min","Figi":"BBG000PXDL44"}
{"o":36.05,"c":36.06,"h":36.09,"l":36.04,"v":2881.0,"Time":"2020-12-01T15:50:00Z","Interval":"5min","Figi":"BBG000PXDL44"}
{"o":36.05,"c":36.05,"h":36.09,"l":36.04,"v":2987.0,"Time":"2020-12-01T15:50:00Z","Interval":"5min","Figi":"BBG000PXDL44"}
{"o":36.05,"c":36.04,"h":36.09,"l":36.04,"v":2993.0,"Time":"2020-12-01T15:50:00Z","Interval":"5min","Figi":"BBG000PXDL44"}
{"o":36.05,"c":36.03,"h":36.09,"l":36.03,"v":2994.0,"Time":"2020-12-01T15:50:00Z","Interval":"5min","Figi":"BBG000PXDL44"}
{"o":36.05,"c":36.03,"h":36.09,"l":36.03,"v":3195.0,"Time":"2020-12-01T15:50:00Z","Interval":"5min","Figi":"BBG000PXDL44"}
{"o":36.05,"c":36.03,"h":36.09,"l":36.03,"v":3295.0,"Time":"2020-12-01T15:50:00Z","Interval":"5min","Figi":"BBG000PXDL44"}
{"o":36.05,"c":36.04,"h":36.09,"l":36.03,"v":3496.0,"Time":"2020-12-01T15:50:00Z","Interval":"5min","Figi":"BBG000PXDL44"}
{"o":36.05,"c":36.03,"h":36.09,"l":36.03,"v":3664.0,"Time":"2020-12-01T15:50:00Z","Interval":"5min","Figi":"BBG000PXDL44"}
{"o":36.05,"c":36.03,"h":36.09,"l":36.03,"v":3864.0,"Time":"2020-12-01T15:50:00Z","Interval":"5min","Figi":"BBG000PXDL44"}
{"o":36.05,"c":36.03,"h":36.09,"l":36.03,"v":4064.0,"Time":"2020-12-01T15:50:00Z","Interval":"5min","Figi":"BBG000PXDL44"}
{"o":36.05,"c":36.04,"h":36.09,"l":36.03,"v":4085.0,"Time":"2020-12-01T15:50:00Z","Interval":"5min","Figi":"BBG000PXDL44"}
{"o":36.05,"c":36.03,"h":36.09,"l":36.03,"v":4086.0,"Time":"2020-12-01T15:50:00Z","Interval":"5min","Figi":"BBG000PXDL44"}
{"o":36.05,"c":36.04,"h":36.09,"l":36.03,"v":4386.0,"Time":"2020-12-01T15:50:00Z","Interval":"5min","Figi":"BBG000PXDL44"}
{"o":36.05,"c":36.04,"h":36.09,"l":36.03,"v":4586.0,"Time":"2020-12-01T15:50:00Z","Interval":"5min","Figi":"BBG000PXDL44"}
{"o":36.05,"c":36.05,"h":36.09,"l":36.03,"v":4686.0,"Time":"2020-12-01T15:50:00Z","Interval":"5min","Figi":"BBG000PXDL44"}
{"o":36.05,"c":36.07,"h":36.09,"l":36.03,"v":5086.0,"Time":"2020-12-01T15:50:00Z","Interval":"5min","Figi":"BBG000PXDL44"}
{"o":36.05,"c":36.07,"h":36.09,"l":36.03,"v":5203.0,"Time":"2020-12-01T15:50:00Z","Interval":"5min","Figi":"BBG000PXDL44"}
{"o":36.05,"c":36.07,"h":36.09,"l":36.03,"v":5214.0,"Time":"2020-12-01T15:50:00Z","Interval":"5min","Figi":"BBG000PXDL44"}
{"o":36.05,"c":36.07,"h":36.09,"l":36.03,"v":5261.0,"Time":"2020-12-01T15:50:00Z","Interval":"5min","Figi":"BBG000PXDL44"}
{"o":36.06,"c":36.06,"h":36.06,"l":36.06,"v":43.0,"Time":"2020-12-01T15:55:00Z","Interval":"5min","Figi":"BBG000PXDL44"}
{"o":36.06,"c":36.05,"h":36.06,"l":36.05,"v":244.0,"Time":"2020-12-01T15:55:00Z","Interval":"5min","Figi":"BBG000PXDL44"}
{"o":36.06,"c":36.05,"h":36.06,"l":36.04,"v":445.0,"Time":"2020-12-01T15:55:00Z","Interval":"5min","Figi":"BBG000PXDL44"}
{"o":36.06,"c":36.04,"h":36.06,"l":36.04,"v":545.0,"Time":"2020-12-01T15:55:00Z","Interval":"5min","Figi":"BBG000PXDL44"}
{"o":36.06,"c":36.04,"h":36.06,"l":36.04,"v":650.0,"Time":"2020-12-01T15:55:00Z","Interval":"5min","Figi":"BBG000PXDL44"}
{"o":36.06,"c":36.04,"h":36.06,"l":36.04,"v":850.0,"Time":"2020-12-01T15:55:00Z","Interval":"5min","Figi":"BBG000PXDL44"}
{"o":36.06,"c":36.04,"h":36.06,"l":36.04,"v":1005.0,"Time":"2020-12-01T15:55:00Z","Interval":"5min","Figi":"BBG000PXDL44"}
{"o":36.06,"c":36.03,"h":36.06,"l":36.02,"v":1296.0,"Time":"2020-12-01T15:55:00Z","Interval":"5min","Figi":"BBG000PXDL44"}
{"o":36.06,"c":36.03,"h":36.06,"l":36.02,"v":1297.0,"Time":"2020-12-01T15:55:00Z","Interval":"5min","Figi":"BBG000PXDL44"}
{"o":36.06,"c":36.04,"h":36.06,"l":36.02,"v":1677.0,"Time":"2020-12-01T15:55:00Z","Interval":"5min","Figi":"BBG000PXDL44"}
{"o":36.06,"c":36.04,"h":36.06,"l":36.02,"v":1723.0,"Time":"2020-12-01T15:55:00Z","Interval":"5min","Figi":"BBG000PXDL44"}
{"o":36.06,"c":36.03,"h":36.06,"l":36.02,"v":1789.0,"Time":"2020-12-01T15:55:00Z","Interval":"5min","Figi":"BBG000PXDL44"}
{"o":36.06,"c":36.01,"h":36.06,"l":36.01,"v":1809.0,"Time":"2020-12-01T15:55:00Z","Interval":"5min","Figi":"BBG000PXDL44"}
{"o":36.06,"c":36.01,"h":36.06,"l":36.01,"v":1935.0,"Time":"2020-12-01T15:55:00Z","Interval":"5min","Figi":"BBG000PXDL44"}
{"o":36.06,"c":36.01,"h":36.06,"l":36.01,"v":1937.0,"Time":"2020-12-01T15:55:00Z","Interval":"5min","Figi":"BBG000PXDL44"}
{"o":36.06,"c":36.02,"h":36.06,"l":36.01,"v":2037.0,"Time":"2020-12-01T15:55:00Z","Interval":"5min","Figi":"BBG000PXDL44"}
{"o":36.06,"c":36.04,"h":36.06,"l":36.01,"v":2439.0,"Time":"2020-12-01T15:55:00Z","Interval":"5min","Figi":"BBG000PXDL44"}
{"o":36.06,"c":36.03,"h":36.06,"l":36.01,"v":2540.0,"Time":"2020-12-01T15:55:00Z","Interval":"5min","Figi":"BBG000PXDL44"}
{"o":36.06,"c":36.03,"h":36.06,"l":36.01,"v":2620.0,"Time":"2020-12-01T15:55:00Z","Interval":"5min","Figi":"BBG000PXDL44"}
{"o":36.06,"c":36.04,"h":36.06,"l":36.01,"v":2795.0,"Time":"2020-12-01T15:55:00Z","Interval":"5min","Figi":"BBG000PXDL44"}
{"o":36.06,"c":36.04,"h":36.06,"l":36.01,"v":2829.0,"Time":"2020-12-01T15:55:00Z","Interval":"5min","Figi":"BBG000PXDL44"}
{"o":36.05,"c":36.05,"h":36.05,"l":36.05,"v":1.0,"Time":"2020-12-01T16:00:00Z","Interval":"5min","Figi":"BBG000PXDL44"}
{"o":36.05,"c":36.05,"h":36.05,"l":36.05,"v":124.0,"Time":"2020-12-01T16:00:00Z","Interval":"5min","Figi":"BBG000PXDL44"}
{"o":36.05,"c":36.05,"h":36.05,"l":36.05,"v":401.0,"Time":"2020-12-01T16:00:00Z","Interval":"5min","Figi":"BBG000PXDL44"}
{"o":36.05,"c":36.05,"h":36.05,"l":36.05,"v":454.0,"Time":"2020-12-01T16:00:00Z","Interval":"5min","Figi":"BBG000PXDL44"}
{"o":36.05,"c":36.05,"h":36.05,"l":36.05,"v":502.0,"Time":"2020-12-01T16:00:00Z","Interval":"5min","Figi":"BBG000PXDL44"}
{"o":36.05,"c":36.05,"h":36.05,"l":36.05,"v":602.0,"Time":"2020-12-01T16:00:00Z","Interval":"5min","Figi":"BBG000PXDL44"}
{"o":36.05,"c":36.05,"h":36.05,"l":36.05,"v":733.0,"Time":"2020-12-01T16:00:00Z","Interval":"5min","Figi":"BBG000PXDL44"}
{"o":36.05,"c":36.05,"h":36.05,"l":36.05,"v":812.0,"Time":"2020-12-01T16:00:00Z","Interval":"5min","Figi":"BBG000PXDL44"}
{"o":36.05,"c":36.05,"h":36.05,"l":36.05,"v":912.0,"Time":"2020-12-01T16:00:00Z","Interval":"5min","Figi":"BBG000PXDL44"}
